This is XeTeX, Version 3.141592653-2.6-0.999994 (TeX Live 2022) (preloaded format=xelatex 2022.12.26)  22 OCT 2023 16:11
entering extended mode
 restricted \write18 enabled.
 file:line:error style messages enabled.
 %&-line parsing enabled.
**hairi.tex
(./hairi.tex
LaTeX2e <2021-11-15> patch level 1
L3 programming layer <2022-02-24>
(/usr/local/texlive/2022/texmf-dist/tex/latex/subfiles/subfiles.cls
Document Class: subfiles 2020/11/14 v2.2 Multi-file projects (class)
Preamble taken from file `../nankiru_main.tex'
(/usr/local/texlive/2022/texmf-dist/tex/latex/import/import.sty
Package: import 2020/04/01  v 6.2
)
(../nankiru_main.tex
(/usr/local/texlive/2022/texmf-dist/tex/latex/base/article.cls
Document Class: article 2021/10/04 v1.4n Standard LaTeX document class
(/usr/local/texlive/2022/texmf-dist/tex/latex/base/size10.clo
File: size10.clo 2021/10/04 v1.4n Standard LaTeX file (size option)
)
\c@part=\count181
\c@section=\count182
\c@subsection=\count183
\c@subsubsection=\count184
\c@paragraph=\count185
\c@subparagraph=\count186
\c@figure=\count187
\c@table=\count188
\abovecaptionskip=\skip47
\belowcaptionskip=\skip48
\bibindent=\dimen138
)
(/usr/local/texlive/2022/texmf-dist/tex/latex/geometry/geometry.sty
Package: geometry 2020/01/02 v5.9 Page Geometry

(/usr/local/texlive/2022/texmf-dist/tex/latex/graphics/keyval.sty
Package: keyval 2014/10/28 v1.15 key=value parser (DPC)
\KV@toks@=\toks16
)
(/usr/local/texlive/2022/texmf-dist/tex/generic/iftex/ifvtex.sty
Package: ifvtex 2019/10/25 v1.7 ifvtex legacy package. Use iftex instead.

(/usr/local/texlive/2022/texmf-dist/tex/generic/iftex/iftex.sty
Package: iftex 2022/02/03 v1.0f TeX engine tests
))
\Gm@cnth=\count189
\Gm@cntv=\count190
\c@Gm@tempcnt=\count191
\Gm@bindingoffset=\dimen139
\Gm@wd@mp=\dimen140
\Gm@odd@mp=\dimen141
\Gm@even@mp=\dimen142
\Gm@layoutwidth=\dimen143
\Gm@layoutheight=\dimen144
\Gm@layouthoffset=\dimen145
\Gm@layoutvoffset=\dimen146
\Gm@dimlist=\toks17
)
(/usr/local/texlive/2022/texmf-dist/tex/latex/graphics/graphicx.sty
Package: graphicx 2021/09/16 v1.2d Enhanced LaTeX Graphics (DPC,SPQR)

(/usr/local/texlive/2022/texmf-dist/tex/latex/graphics/graphics.sty
Package: graphics 2021/03/04 v1.4d Standard LaTeX Graphics (DPC,SPQR)

(/usr/local/texlive/2022/texmf-dist/tex/latex/graphics/trig.sty
Package: trig 2021/08/11 v1.11 sin cos tan (DPC)
)
(/usr/local/texlive/2022/texmf-dist/tex/latex/graphics-cfg/graphics.cfg
File: graphics.cfg 2016/06/04 v1.11 sample graphics configuration
)
Package graphics Info: Driver file: xetex.def on input line 107.

(/usr/local/texlive/2022/texmf-dist/tex/latex/graphics-def/xetex.def
File: xetex.def 2021/03/18 v5.0k Graphics/color driver for xetex
))
\Gin@req@height=\dimen147
\Gin@req@width=\dimen148
)
(/usr/local/texlive/2022/texmf-dist/tex/latex/l3kernel/expl3.sty
Package: expl3 2022-02-24 L3 programming layer (loader) 

(/usr/local/texlive/2022/texmf-dist/tex/latex/l3backend/l3backend-xetex.def
File: l3backend-xetex.def 2022-02-07 L3 backend support: XeTeX

(|extractbb --version)
\c__kernel_sys_dvipdfmx_version_int=\count192
\l__color_backend_stack_int=\count193
\g__color_backend_stack_int=\count194
\g__graphics_track_int=\count195
\l__pdf_internal_box=\box50
\g__pdf_backend_object_int=\count196
\g__pdf_backend_annotation_int=\count197
\g__pdf_backend_link_int=\count198
))
(/usr/local/texlive/2022/texmf-dist/tex/latex/minibox/minibox.sty
Package: minibox 2013/06/21 v0.2a Another type of box.
\l_minibox_rule_dim=\dimen149
\l_minibox_pad_dim=\dimen150
)
(/usr/local/texlive/2022/texmf-dist/tex/latex/amsmath/amsmath.sty
Package: amsmath 2021/10/15 v2.17l AMS math features
\@mathmargin=\skip49

For additional information on amsmath, use the `?' option.
(/usr/local/texlive/2022/texmf-dist/tex/latex/amsmath/amstext.sty
Package: amstext 2021/08/26 v2.01 AMS text

(/usr/local/texlive/2022/texmf-dist/tex/latex/amsmath/amsgen.sty
File: amsgen.sty 1999/11/30 v2.0 generic functions
\@emptytoks=\toks18
\ex@=\dimen151
))
(/usr/local/texlive/2022/texmf-dist/tex/latex/amsmath/amsbsy.sty
Package: amsbsy 1999/11/29 v1.2d Bold Symbols
\pmbraise@=\dimen152
)
(/usr/local/texlive/2022/texmf-dist/tex/latex/amsmath/amsopn.sty
Package: amsopn 2021/08/26 v2.02 operator names
)
\inf@bad=\count199
LaTeX Info: Redefining \frac on input line 234.
\uproot@=\count266
\leftroot@=\count267
LaTeX Info: Redefining \overline on input line 399.
\classnum@=\count268
\DOTSCASE@=\count269
LaTeX Info: Redefining \ldots on input line 496.
LaTeX Info: Redefining \dots on input line 499.
LaTeX Info: Redefining \cdots on input line 620.
\Mathstrutbox@=\box51
\strutbox@=\box52
\big@size=\dimen153
LaTeX Font Info:    Redeclaring font encoding OML on input line 743.
LaTeX Font Info:    Redeclaring font encoding OMS on input line 744.
\macc@depth=\count270
\c@MaxMatrixCols=\count271
\dotsspace@=\muskip16
\c@parentequation=\count272
\dspbrk@lvl=\count273
\tag@help=\toks19
\row@=\count274
\column@=\count275
\maxfields@=\count276
\andhelp@=\toks20
\eqnshift@=\dimen154
\alignsep@=\dimen155
\tagshift@=\dimen156
\tagwidth@=\dimen157
\totwidth@=\dimen158
\lineht@=\dimen159
\@envbody=\toks21
\multlinegap=\skip50
\multlinetaggap=\skip51
\mathdisplay@stack=\toks22
LaTeX Info: Redefining \[ on input line 2938.
LaTeX Info: Redefining \] on input line 2939.
)
(/usr/local/texlive/2022/texmf-dist/tex/latex/sttools/stfloats.sty
Package: stfloats 2017/03/27 v3.3 Improve float mechanism and baselineskip sett
ings
\@dblbotnum=\count277
\c@dblbotnumber=\count278
)
(/usr/local/texlive/2022/texmf-dist/tex/latex/tablefootnote/tablefootnote.sty
Package: tablefootnote 2014/01/26 v1.1c Table foot notes (HMM)

(/usr/local/texlive/2022/texmf-dist/tex/generic/ltxcmds/ltxcmds.sty
Package: ltxcmds 2020-05-10 v1.25 LaTeX kernel commands for general use (HO)
)
(/usr/local/texlive/2022/texmf-dist/tex/latex/letltxmacro/letltxmacro.sty
Package: letltxmacro 2019/12/03 v1.6 Let assignment for LaTeX macros (HO)
)
(/usr/local/texlive/2022/texmf-dist/tex/latex/xifthen/xifthen.sty
Package: xifthen 2015/11/05 v1.4.0 Extended ifthen features

(/usr/local/texlive/2022/texmf-dist/tex/latex/tools/calc.sty
Package: calc 2017/05/25 v4.3 Infix arithmetic (KKT,FJ)
\calc@Acount=\count279
\calc@Bcount=\count280
\calc@Adimen=\dimen160
\calc@Bdimen=\dimen161
\calc@Askip=\skip52
\calc@Bskip=\skip53
LaTeX Info: Redefining \setlength on input line 80.
LaTeX Info: Redefining \addtolength on input line 81.
\calc@Ccount=\count281
\calc@Cskip=\skip54
)
(/usr/local/texlive/2022/texmf-dist/tex/latex/base/ifthen.sty
Package: ifthen 2020/11/24 v1.1c Standard LaTeX ifthen package (DPC)
)
(/usr/local/texlive/2022/texmf-dist/tex/latex/ifmtarg/ifmtarg.sty
Package: ifmtarg 2018/04/16 v1.2b check for an empty argument
))
(/usr/local/texlive/2022/texmf-dist/tex/latex/etoolbox/etoolbox.sty
Package: etoolbox 2020/10/05 v2.5k e-TeX tools for LaTeX (JAW)
\etb@tempcnta=\count282
))
(/usr/local/texlive/2022/texmf-dist/tex/latex/pgf/frontendlayer/tikz.sty
(/usr/local/texlive/2022/texmf-dist/tex/latex/pgf/basiclayer/pgf.sty
(/usr/local/texlive/2022/texmf-dist/tex/latex/pgf/utilities/pgfrcs.sty
(/usr/local/texlive/2022/texmf-dist/tex/generic/pgf/utilities/pgfutil-common.te
x
\pgfutil@everybye=\toks23
\pgfutil@tempdima=\dimen162
\pgfutil@tempdimb=\dimen163

(/usr/local/texlive/2022/texmf-dist/tex/generic/pgf/utilities/pgfutil-common-li
sts.tex))
(/usr/local/texlive/2022/texmf-dist/tex/generic/pgf/utilities/pgfutil-latex.def
\pgfutil@abb=\box53
) (/usr/local/texlive/2022/texmf-dist/tex/generic/pgf/utilities/pgfrcs.code.tex
(/usr/local/texlive/2022/texmf-dist/tex/generic/pgf/pgf.revision.tex)
Package: pgfrcs 2021/05/15 v3.1.9a (3.1.9a)
))
Package: pgf 2021/05/15 v3.1.9a (3.1.9a)

(/usr/local/texlive/2022/texmf-dist/tex/latex/pgf/basiclayer/pgfcore.sty
(/usr/local/texlive/2022/texmf-dist/tex/latex/pgf/systemlayer/pgfsys.sty
(/usr/local/texlive/2022/texmf-dist/tex/generic/pgf/systemlayer/pgfsys.code.tex
Package: pgfsys 2021/05/15 v3.1.9a (3.1.9a)
(/usr/local/texlive/2022/texmf-dist/tex/generic/pgf/utilities/pgfkeys.code.tex
\pgfkeys@pathtoks=\toks24
\pgfkeys@temptoks=\toks25

(/usr/local/texlive/2022/texmf-dist/tex/generic/pgf/utilities/pgfkeysfiltered.c
ode.tex
\pgfkeys@tmptoks=\toks26
))
\pgf@x=\dimen164
\pgf@y=\dimen165
\pgf@xa=\dimen166
\pgf@ya=\dimen167
\pgf@xb=\dimen168
\pgf@yb=\dimen169
\pgf@xc=\dimen170
\pgf@yc=\dimen171
\pgf@xd=\dimen172
\pgf@yd=\dimen173
\w@pgf@writea=\write3
\r@pgf@reada=\read2
\c@pgf@counta=\count283
\c@pgf@countb=\count284
\c@pgf@countc=\count285
\c@pgf@countd=\count286
\t@pgf@toka=\toks27
\t@pgf@tokb=\toks28
\t@pgf@tokc=\toks29
\pgf@sys@id@count=\count287

(/usr/local/texlive/2022/texmf-dist/tex/generic/pgf/systemlayer/pgf.cfg
File: pgf.cfg 2021/05/15 v3.1.9a (3.1.9a)
)
Driver file for pgf: pgfsys-xetex.def

(/usr/local/texlive/2022/texmf-dist/tex/generic/pgf/systemlayer/pgfsys-xetex.de
f
File: pgfsys-xetex.def 2021/05/15 v3.1.9a (3.1.9a)

(/usr/local/texlive/2022/texmf-dist/tex/generic/pgf/systemlayer/pgfsys-dvipdfmx
.def
File: pgfsys-dvipdfmx.def 2021/05/15 v3.1.9a (3.1.9a)

(/usr/local/texlive/2022/texmf-dist/tex/generic/pgf/systemlayer/pgfsys-common-p
df.def
File: pgfsys-common-pdf.def 2021/05/15 v3.1.9a (3.1.9a)
)
\pgfsys@objnum=\count288
)))
(/usr/local/texlive/2022/texmf-dist/tex/generic/pgf/systemlayer/pgfsyssoftpath.
code.tex
File: pgfsyssoftpath.code.tex 2021/05/15 v3.1.9a (3.1.9a)
\pgfsyssoftpath@smallbuffer@items=\count289
\pgfsyssoftpath@bigbuffer@items=\count290
)
(/usr/local/texlive/2022/texmf-dist/tex/generic/pgf/systemlayer/pgfsysprotocol.
code.tex
File: pgfsysprotocol.code.tex 2021/05/15 v3.1.9a (3.1.9a)
)) (/usr/local/texlive/2022/texmf-dist/tex/latex/xcolor/xcolor.sty
Package: xcolor 2021/10/31 v2.13 LaTeX color extensions (UK)

(/usr/local/texlive/2022/texmf-dist/tex/latex/graphics-cfg/color.cfg
File: color.cfg 2016/01/02 v1.6 sample color configuration
)
Package xcolor Info: Driver file: xetex.def on input line 227.
Package xcolor Info: Model `cmy' substituted by `cmy0' on input line 1352.
Package xcolor Info: Model `RGB' extended on input line 1368.
Package xcolor Info: Model `HTML' substituted by `rgb' on input line 1370.
Package xcolor Info: Model `Hsb' substituted by `hsb' on input line 1371.
Package xcolor Info: Model `tHsb' substituted by `hsb' on input line 1372.
Package xcolor Info: Model `HSB' substituted by `hsb' on input line 1373.
Package xcolor Info: Model `Gray' substituted by `gray' on input line 1374.
Package xcolor Info: Model `wave' substituted by `hsb' on input line 1375.
)
(/usr/local/texlive/2022/texmf-dist/tex/generic/pgf/basiclayer/pgfcore.code.tex
Package: pgfcore 2021/05/15 v3.1.9a (3.1.9a)
(/usr/local/texlive/2022/texmf-dist/tex/generic/pgf/math/pgfmath.code.tex
(/usr/local/texlive/2022/texmf-dist/tex/generic/pgf/math/pgfmathcalc.code.tex
(/usr/local/texlive/2022/texmf-dist/tex/generic/pgf/math/pgfmathutil.code.tex)
(/usr/local/texlive/2022/texmf-dist/tex/generic/pgf/math/pgfmathparser.code.tex
\pgfmath@dimen=\dimen174
\pgfmath@count=\count291
\pgfmath@box=\box54
\pgfmath@toks=\toks30
\pgfmath@stack@operand=\toks31
\pgfmath@stack@operation=\toks32
)
(/usr/local/texlive/2022/texmf-dist/tex/generic/pgf/math/pgfmathfunctions.code.
tex
(/usr/local/texlive/2022/texmf-dist/tex/generic/pgf/math/pgfmathfunctions.basic
.code.tex)
(/usr/local/texlive/2022/texmf-dist/tex/generic/pgf/math/pgfmathfunctions.trigo
nometric.code.tex)
(/usr/local/texlive/2022/texmf-dist/tex/generic/pgf/math/pgfmathfunctions.rando
m.code.tex)
(/usr/local/texlive/2022/texmf-dist/tex/generic/pgf/math/pgfmathfunctions.compa
rison.code.tex)
(/usr/local/texlive/2022/texmf-dist/tex/generic/pgf/math/pgfmathfunctions.base.
code.tex)
(/usr/local/texlive/2022/texmf-dist/tex/generic/pgf/math/pgfmathfunctions.round
.code.tex)
(/usr/local/texlive/2022/texmf-dist/tex/generic/pgf/math/pgfmathfunctions.misc.
code.tex)
(/usr/local/texlive/2022/texmf-dist/tex/generic/pgf/math/pgfmathfunctions.integ
erarithmetics.code.tex)))
(/usr/local/texlive/2022/texmf-dist/tex/generic/pgf/math/pgfmathfloat.code.tex
\c@pgfmathroundto@lastzeros=\count292
)) (/usr/local/texlive/2022/texmf-dist/tex/generic/pgf/math/pgfint.code.tex)
(/usr/local/texlive/2022/texmf-dist/tex/generic/pgf/basiclayer/pgfcorepoints.co
de.tex
File: pgfcorepoints.code.tex 2021/05/15 v3.1.9a (3.1.9a)
\pgf@picminx=\dimen175
\pgf@picmaxx=\dimen176
\pgf@picminy=\dimen177
\pgf@picmaxy=\dimen178
\pgf@pathminx=\dimen179
\pgf@pathmaxx=\dimen180
\pgf@pathminy=\dimen181
\pgf@pathmaxy=\dimen182
\pgf@xx=\dimen183
\pgf@xy=\dimen184
\pgf@yx=\dimen185
\pgf@yy=\dimen186
\pgf@zx=\dimen187
\pgf@zy=\dimen188
)
(/usr/local/texlive/2022/texmf-dist/tex/generic/pgf/basiclayer/pgfcorepathconst
ruct.code.tex
File: pgfcorepathconstruct.code.tex 2021/05/15 v3.1.9a (3.1.9a)
\pgf@path@lastx=\dimen189
\pgf@path@lasty=\dimen190
)
(/usr/local/texlive/2022/texmf-dist/tex/generic/pgf/basiclayer/pgfcorepathusage
.code.tex
File: pgfcorepathusage.code.tex 2021/05/15 v3.1.9a (3.1.9a)
\pgf@shorten@end@additional=\dimen191
\pgf@shorten@start@additional=\dimen192
)
(/usr/local/texlive/2022/texmf-dist/tex/generic/pgf/basiclayer/pgfcorescopes.co
de.tex
File: pgfcorescopes.code.tex 2021/05/15 v3.1.9a (3.1.9a)
\pgfpic=\box55
\pgf@hbox=\box56
\pgf@layerbox@main=\box57
\pgf@picture@serial@count=\count293
)
(/usr/local/texlive/2022/texmf-dist/tex/generic/pgf/basiclayer/pgfcoregraphicst
ate.code.tex
File: pgfcoregraphicstate.code.tex 2021/05/15 v3.1.9a (3.1.9a)
\pgflinewidth=\dimen193
)
(/usr/local/texlive/2022/texmf-dist/tex/generic/pgf/basiclayer/pgfcoretransform
ations.code.tex
File: pgfcoretransformations.code.tex 2021/05/15 v3.1.9a (3.1.9a)
\pgf@pt@x=\dimen194
\pgf@pt@y=\dimen195
\pgf@pt@temp=\dimen196
)
(/usr/local/texlive/2022/texmf-dist/tex/generic/pgf/basiclayer/pgfcorequick.cod
e.tex
File: pgfcorequick.code.tex 2021/05/15 v3.1.9a (3.1.9a)
)
(/usr/local/texlive/2022/texmf-dist/tex/generic/pgf/basiclayer/pgfcoreobjects.c
ode.tex
File: pgfcoreobjects.code.tex 2021/05/15 v3.1.9a (3.1.9a)
)
(/usr/local/texlive/2022/texmf-dist/tex/generic/pgf/basiclayer/pgfcorepathproce
ssing.code.tex
File: pgfcorepathprocessing.code.tex 2021/05/15 v3.1.9a (3.1.9a)
)
(/usr/local/texlive/2022/texmf-dist/tex/generic/pgf/basiclayer/pgfcorearrows.co
de.tex
File: pgfcorearrows.code.tex 2021/05/15 v3.1.9a (3.1.9a)
\pgfarrowsep=\dimen197
)
(/usr/local/texlive/2022/texmf-dist/tex/generic/pgf/basiclayer/pgfcoreshade.cod
e.tex
File: pgfcoreshade.code.tex 2021/05/15 v3.1.9a (3.1.9a)
\pgf@max=\dimen198
\pgf@sys@shading@range@num=\count294
\pgf@shadingcount=\count295
)
(/usr/local/texlive/2022/texmf-dist/tex/generic/pgf/basiclayer/pgfcoreimage.cod
e.tex
File: pgfcoreimage.code.tex 2021/05/15 v3.1.9a (3.1.9a)

(/usr/local/texlive/2022/texmf-dist/tex/generic/pgf/basiclayer/pgfcoreexternal.
code.tex
File: pgfcoreexternal.code.tex 2021/05/15 v3.1.9a (3.1.9a)
\pgfexternal@startupbox=\box58
))
(/usr/local/texlive/2022/texmf-dist/tex/generic/pgf/basiclayer/pgfcorelayers.co
de.tex
File: pgfcorelayers.code.tex 2021/05/15 v3.1.9a (3.1.9a)
)
(/usr/local/texlive/2022/texmf-dist/tex/generic/pgf/basiclayer/pgfcoretranspare
ncy.code.tex
File: pgfcoretransparency.code.tex 2021/05/15 v3.1.9a (3.1.9a)
)
(/usr/local/texlive/2022/texmf-dist/tex/generic/pgf/basiclayer/pgfcorepatterns.
code.tex
File: pgfcorepatterns.code.tex 2021/05/15 v3.1.9a (3.1.9a)
)
(/usr/local/texlive/2022/texmf-dist/tex/generic/pgf/basiclayer/pgfcorerdf.code.
tex
File: pgfcorerdf.code.tex 2021/05/15 v3.1.9a (3.1.9a)
)))
(/usr/local/texlive/2022/texmf-dist/tex/generic/pgf/modules/pgfmoduleshapes.cod
e.tex
File: pgfmoduleshapes.code.tex 2021/05/15 v3.1.9a (3.1.9a)
\pgfnodeparttextbox=\box59
)
(/usr/local/texlive/2022/texmf-dist/tex/generic/pgf/modules/pgfmoduleplot.code.
tex
File: pgfmoduleplot.code.tex 2021/05/15 v3.1.9a (3.1.9a)
)
(/usr/local/texlive/2022/texmf-dist/tex/latex/pgf/compatibility/pgfcomp-version
-0-65.sty
Package: pgfcomp-version-0-65 2021/05/15 v3.1.9a (3.1.9a)
\pgf@nodesepstart=\dimen199
\pgf@nodesepend=\dimen256
)
(/usr/local/texlive/2022/texmf-dist/tex/latex/pgf/compatibility/pgfcomp-version
-1-18.sty
Package: pgfcomp-version-1-18 2021/05/15 v3.1.9a (3.1.9a)
))
(/usr/local/texlive/2022/texmf-dist/tex/latex/pgf/utilities/pgffor.sty
(/usr/local/texlive/2022/texmf-dist/tex/latex/pgf/utilities/pgfkeys.sty
(/usr/local/texlive/2022/texmf-dist/tex/generic/pgf/utilities/pgfkeys.code.tex)
) (/usr/local/texlive/2022/texmf-dist/tex/latex/pgf/math/pgfmath.sty
(/usr/local/texlive/2022/texmf-dist/tex/generic/pgf/math/pgfmath.code.tex))
(/usr/local/texlive/2022/texmf-dist/tex/generic/pgf/utilities/pgffor.code.tex
Package: pgffor 2021/05/15 v3.1.9a (3.1.9a)

(/usr/local/texlive/2022/texmf-dist/tex/generic/pgf/math/pgfmath.code.tex)
\pgffor@iter=\dimen257
\pgffor@skip=\dimen258
\pgffor@stack=\toks33
\pgffor@toks=\toks34
))
(/usr/local/texlive/2022/texmf-dist/tex/generic/pgf/frontendlayer/tikz/tikz.cod
e.tex
Package: tikz 2021/05/15 v3.1.9a (3.1.9a)

(/usr/local/texlive/2022/texmf-dist/tex/generic/pgf/libraries/pgflibraryplothan
dlers.code.tex
File: pgflibraryplothandlers.code.tex 2021/05/15 v3.1.9a (3.1.9a)
\pgf@plot@mark@count=\count296
\pgfplotmarksize=\dimen259
)
\tikz@lastx=\dimen260
\tikz@lasty=\dimen261
\tikz@lastxsaved=\dimen262
\tikz@lastysaved=\dimen263
\tikz@lastmovetox=\dimen264
\tikz@lastmovetoy=\dimen265
\tikzleveldistance=\dimen266
\tikzsiblingdistance=\dimen267
\tikz@figbox=\box60
\tikz@figbox@bg=\box61
\tikz@tempbox=\box62
\tikz@tempbox@bg=\box63
\tikztreelevel=\count297
\tikznumberofchildren=\count298
\tikznumberofcurrentchild=\count299
\tikz@fig@count=\count300

(/usr/local/texlive/2022/texmf-dist/tex/generic/pgf/modules/pgfmodulematrix.cod
e.tex
File: pgfmodulematrix.code.tex 2021/05/15 v3.1.9a (3.1.9a)
\pgfmatrixcurrentrow=\count301
\pgfmatrixcurrentcolumn=\count302
\pgf@matrix@numberofcolumns=\count303
)
\tikz@expandcount=\count304

(/usr/local/texlive/2022/texmf-dist/tex/generic/pgf/frontendlayer/tikz/librarie
s/tikzlibrarytopaths.code.tex
File: tikzlibrarytopaths.code.tex 2021/05/15 v3.1.9a (3.1.9a)
)))
(/usr/local/texlive/2022/texmf-dist/tex/latex/float/float.sty
Package: float 2001/11/08 v1.3d Float enhancements (AL)
\c@float@type=\count305
\float@exts=\toks35
\float@box=\box64
\@float@everytoks=\toks36
\@floatcapt=\box65
)
(/usr/local/texlive/2022/texmf-dist/tex/latex/threeparttable/threeparttable.sty
Package: threeparttable 2003/06/13  v 3.0
\@tempboxb=\box66
) (/usr/local/texlive/2022/texmf-dist/tex/latex/l3packages/xfrac/xfrac.sty
(/usr/local/texlive/2022/texmf-dist/tex/latex/l3packages/l3keys2e/l3keys2e.sty
Package: l3keys2e 2022-01-12 LaTeX2e option processing using LaTeX3 keys
) (/usr/local/texlive/2022/texmf-dist/tex/latex/base/textcomp.sty
Package: textcomp 2020/02/02 v2.0n Standard LaTeX package
)
(/usr/local/texlive/2022/texmf-dist/tex/latex/l3packages/xparse/xparse.sty
Package: xparse 2022-01-12 L3 Experimental document command parser
)
(/usr/local/texlive/2022/texmf-dist/tex/latex/l3packages/xtemplate/xtemplate.st
y
Package: xtemplate 2022-01-12 L3 Experimental prototype document functions
\l__xtemplate_tmp_dim=\dimen268
\l__xtemplate_tmp_int=\count306
\l__xtemplate_tmp_muskip=\muskip17
\l__xtemplate_tmp_skip=\skip55
)
Package: xfrac 2022-01-12 L3 Experimental split-level fractions
\l__xfrac_slash_box=\box67
\l__xfrac_tmp_box=\box68
\l__xfrac_denominator_bot_sep_dim=\dimen269
\l__xfrac_numerator_bot_sep_dim=\dimen270
\l__xfrac_numerator_top_sep_dim=\dimen271
\l__xfrac_slash_left_sep_dim=\dimen272
\l__xfrac_slash_right_sep_dim=\dimen273
\l__xfrac_slash_left_muskip=\muskip18
\l__xfrac_slash_right_muskip=\muskip19

Package xtemplate Info: Declaring object type 'xfrac' taking 3 argument(s) on
(xtemplate)             line 80.

) (/usr/local/texlive/2022/texmf-dist/tex/latex/multirow/multirow.sty
Package: multirow 2021/03/15 v2.8 Span multiple rows of a table
\multirow@colwidth=\skip56
\multirow@cntb=\count307
\multirow@dima=\skip57
\bigstrutjot=\dimen274
)
(/usr/local/texlive/2022/texmf-dist/tex/latex/tools/verbatim.sty
Package: verbatim 2020-07-07 v1.5u LaTeX2e package for verbatim enhancements
\every@verbatim=\toks37
\verbatim@line=\toks38
\verbatim@in@stream=\read3
)
(/usr/local/texlive/2022/texmf-dist/tex/latex/diagbox/diagbox.sty
Package: diagbox 2020/02/09 v2.3 Making table heads with diagonal lines

(/usr/local/texlive/2022/texmf-dist/tex/latex/pict2e/pict2e.sty
Package: pict2e 2020/09/30 v0.4b Improved picture commands (HjG,RN,JT)

(/usr/local/texlive/2022/texmf-dist/tex/latex/pict2e/pict2e.cfg
File: pict2e.cfg 2016/02/05 v0.1u pict2e configuration for teTeX/TeXLive
)
Package pict2e Info: Driver file: xetex.def on input line 112.
Package pict2e Info: Driver file for pict2e: p2e-xetex.def on input line 114.

(/usr/local/texlive/2022/texmf-dist/tex/latex/pict2e/p2e-xetex.def
File: p2e-xetex.def 2016/02/05 v0.1u Driver-dependant file (RN,HjG,JT)
)
\pIIe@GRAPH=\toks39
\@arclen=\dimen275
\@arcrad=\dimen276
\pIIe@tempdima=\dimen277
\pIIe@tempdimb=\dimen278
\pIIe@tempdimc=\dimen279
\pIIe@tempdimd=\dimen280
\pIIe@tempdime=\dimen281
\pIIe@tempdimf=\dimen282
)
(/usr/local/texlive/2022/texmf-dist/tex/latex/tools/array.sty
Package: array 2021/10/04 v2.5f Tabular extension package (FMi)
\col@sep=\dimen283
\ar@mcellbox=\box69
\extrarowheight=\dimen284
\NC@list=\toks40
\extratabsurround=\skip58
\backup@length=\skip59
\ar@cellbox=\box70
)
\diagbox@boxa=\box71
\diagbox@boxb=\box72
\diagbox@boxm=\box73
\diagbox@wd=\dimen285
\diagbox@ht=\dimen286
\diagbox@insepl=\dimen287
\diagbox@insepr=\dimen288
\diagbox@outsepl=\dimen289
\diagbox@outsepr=\dimen290
)
(/usr/local/texlive/2022/texmf-dist/tex/latex/siunitx/siunitx.sty
Package: siunitx 2022-02-15 v3.0.49 A comprehensive (SI) units package
\l__siunitx_angle_tmp_dim=\dimen291
\l__siunitx_angle_marker_box=\box74
\l__siunitx_angle_unit_box=\box75
\l__siunitx_compound_count_int=\count308

(/usr/local/texlive/2022/texmf-dist/tex/latex/translations/translations.sty
Package: translations 2022/02/05 v1.12 internationalization of LaTeX2e packages
 (CN)

(/usr/local/texlive/2022/texmf-dist/tex/generic/pdftexcmds/pdftexcmds.sty
Package: pdftexcmds 2020-06-27 v0.33 Utility functions of pdfTeX for LuaTeX (HO
)

(/usr/local/texlive/2022/texmf-dist/tex/generic/infwarerr/infwarerr.sty
Package: infwarerr 2019/12/03 v1.5 Providing info/warning/error messages (HO)
)
Package pdftexcmds Info: \pdf@primitive is available.
Package pdftexcmds Info: \pdf@ifprimitive is available.
Package pdftexcmds Info: \pdfdraftmode not found.
))
\l__siunitx_number_exponent_fixed_int=\count309
\l__siunitx_number_min_decimal_int=\count310
\l__siunitx_number_min_integer_int=\count311
\l__siunitx_number_round_precision_int=\count312
\l__siunitx_number_group_minimum_int=\count313
\l__siunitx_table_tmp_box=\box76
\l__siunitx_table_tmp_dim=\dimen292
\l__siunitx_table_column_width_dim=\dimen293
\l__siunitx_table_integer_box=\box77
\l__siunitx_table_decimal_box=\box78
\l__siunitx_table_before_box=\box79
\l__siunitx_table_after_box=\box80
\l__siunitx_table_before_dim=\dimen294
\l__siunitx_table_carry_dim=\dimen295
\l__siunitx_unit_tmp_int=\count314
\l__siunitx_unit_position_int=\count315
\l__siunitx_unit_total_int=\count316
)
(/usr/local/texlive/2022/texmf-dist/tex/latex/titling/titling.sty
Package: titling 2009/09/04 v2.1d maketitle typesetting
\thanksmarkwidth=\skip60
\thanksmargin=\skip61
\droptitle=\skip62
)
(/usr/local/texlive/2022/texmf-dist/tex/latex/subfiles/subfiles.sty
Package: subfiles 2020/11/14 v2.2 Multi-file projects (package)
)
(/usr/local/texlive/2022/texmf-dist/tex/generic/pgf/frontendlayer/tikz/librarie
s/tikzlibrarybackgrounds.code.tex
File: tikzlibrarybackgrounds.code.tex 2021/05/15 v3.1.9a (3.1.9a)
\pgf@layerbox@background=\box81
\pgf@layerboxsaved@background=\box82
)

Package siunitx Info: Option "table-space-text-post" has been deprecated in
(siunitx)             this release.
(siunitx)             
(siunitx)             Use "table-format" as a replacement.


Package siunitx Info: Option "table-space-text-post" has been deprecated in
(siunitx)             this release.
(siunitx)             
(siunitx)             Use "table-format" as a replacement.


Package siunitx Info: Option "table-align-text-pre" has been deprecated in
(siunitx)             this release.
(siunitx)             
(siunitx)             Use "table-align-text-before" as a replacement.


Package siunitx Info: Option "table-align-text-post" has been deprecated in
(siunitx)             this release.
(siunitx)             
(siunitx)             Use "table-align-text-after" as a replacement.


(/usr/local/texlive/2022/texmf-dist/tex/latex/enumitem/enumitem.sty
Package: enumitem 2019/06/20 v3.9 Customized lists
\labelindent=\skip63
\enit@outerparindent=\dimen296
\enit@toks=\toks41
\enit@inbox=\box83
\enit@count@id=\count317
\enitdp@description=\count318
)
(..//mahjong-tsumogiri/mahjong.sty

LaTeX Warning: You have requested package `..//mahjong-tsumogiri/mahjong',
               but the package provides `mahjong-tsumogiri/mahjong'.

Package: mahjong-tsumogiri/mahjong 2023/10/15 v1.1.0 Typeset Mahjong Hands
(/usr/local/texlive/2022/texmf-dist/tex/latex/stackengine/stackengine.sty
Package: stackengine 2021/07/22 v4.11\ Stacking text and objects in convenient 
ways

(/usr/local/texlive/2022/texmf-dist/tex/generic/listofitems/listofitems.sty
(/usr/local/texlive/2022/texmf-dist/tex/generic/listofitems/listofitems.tex
Invalid UTF-8 byte or sequence at line 50 replaced by U+FFFD.
Invalid UTF-8 byte or sequence at line 50 replaced by U+FFFD.
Invalid UTF-8 byte or sequence at line 52 replaced by U+FFFD.
Invalid UTF-8 byte or sequence at line 52 replaced by U+FFFD.
Invalid UTF-8 byte or sequence at line 52 replaced by U+FFFD.
Invalid UTF-8 byte or sequence at line 96 replaced by U+FFFD.
Invalid UTF-8 byte or sequence at line 96 replaced by U+FFFD.
Invalid UTF-8 byte or sequence at line 104 replaced by U+FFFD.
Invalid UTF-8 byte or sequence at line 105 replaced by U+FFFD.
\loi_cnt_foreach_nest=\count319
Invalid UTF-8 byte or sequence at line 139 replaced by U+FFFD.
Invalid UTF-8 byte or sequence at line 146 replaced by U+FFFD.
Invalid UTF-8 byte or sequence at line 192 replaced by U+FFFD.
Invalid UTF-8 byte or sequence at line 209 replaced by U+FFFD.
Invalid UTF-8 byte or sequence at line 209 replaced by U+FFFD.
Invalid UTF-8 byte or sequence at line 222 replaced by U+FFFD.
Invalid UTF-8 byte or sequence at line 222 replaced by U+FFFD.
Invalid UTF-8 byte or sequence at line 223 replaced by U+FFFD.
Invalid UTF-8 byte or sequence at line 223 replaced by U+FFFD.
Invalid UTF-8 byte or sequence at line 224 replaced by U+FFFD.
Invalid UTF-8 byte or sequence at line 226 replaced by U+FFFD.
Invalid UTF-8 byte or sequence at line 226 replaced by U+FFFD.
Invalid UTF-8 byte or sequence at line 238 replaced by U+FFFD.
Invalid UTF-8 byte or sequence at line 243 replaced by U+FFFD.
Invalid UTF-8 byte or sequence at line 243 replaced by U+FFFD.
Invalid UTF-8 byte or sequence at line 260 replaced by U+FFFD.
Invalid UTF-8 byte or sequence at line 284 replaced by U+FFFD.
Invalid UTF-8 byte or sequence at line 310 replaced by U+FFFD.
Invalid UTF-8 byte or sequence at line 310 replaced by U+FFFD.
Invalid UTF-8 byte or sequence at line 324 replaced by U+FFFD.
Invalid UTF-8 byte or sequence at line 337 replaced by U+FFFD.
Invalid UTF-8 byte or sequence at line 337 replaced by U+FFFD.
Invalid UTF-8 byte or sequence at line 339 replaced by U+FFFD.
Invalid UTF-8 byte or sequence at line 350 replaced by U+FFFD.
Invalid UTF-8 byte or sequence at line 350 replaced by U+FFFD.
Invalid UTF-8 byte or sequence at line 350 replaced by U+FFFD.
Invalid UTF-8 byte or sequence at line 354 replaced by U+FFFD.
\loi_nestcnt=\count320
Invalid UTF-8 byte or sequence at line 367 replaced by U+FFFD.
Invalid UTF-8 byte or sequence at line 367 replaced by U+FFFD.
Invalid UTF-8 byte or sequence at line 367 replaced by U+FFFD.
Invalid UTF-8 byte or sequence at line 367 replaced by U+FFFD.
Invalid UTF-8 byte or sequence at line 375 replaced by U+FFFD.
Invalid UTF-8 byte or sequence at line 375 replaced by U+FFFD.
Invalid UTF-8 byte or sequence at line 375 replaced by U+FFFD.
Invalid UTF-8 byte or sequence at line 375 replaced by U+FFFD.
Invalid UTF-8 byte or sequence at line 377 replaced by U+FFFD.
Invalid UTF-8 byte or sequence at line 378 replaced by U+FFFD.
Invalid UTF-8 byte or sequence at line 398 replaced by U+FFFD.
Invalid UTF-8 byte or sequence at line 398 replaced by U+FFFD.
Invalid UTF-8 byte or sequence at line 399 replaced by U+FFFD.
Invalid UTF-8 byte or sequence at line 399 replaced by U+FFFD.
Invalid UTF-8 byte or sequence at line 399 replaced by U+FFFD.
Invalid UTF-8 byte or sequence at line 399 replaced by U+FFFD.
Invalid UTF-8 byte or sequence at line 399 replaced by U+FFFD.
Invalid UTF-8 byte or sequence at line 399 replaced by U+FFFD.
Invalid UTF-8 byte or sequence at line 409 replaced by U+FFFD.
Invalid UTF-8 byte or sequence at line 410 replaced by U+FFFD.
Invalid UTF-8 byte or sequence at line 410 replaced by U+FFFD.
Invalid UTF-8 byte or sequence at line 410 replaced by U+FFFD.
Invalid UTF-8 byte or sequence at line 410 replaced by U+FFFD.
Invalid UTF-8 byte or sequence at line 411 replaced by U+FFFD.
Invalid UTF-8 byte or sequence at line 411 replaced by U+FFFD.
Invalid UTF-8 byte or sequence at line 411 replaced by U+FFFD.
Invalid UTF-8 byte or sequence at line 411 replaced by U+FFFD.
Invalid UTF-8 byte or sequence at line 411 replaced by U+FFFD.
Invalid UTF-8 byte or sequence at line 411 replaced by U+FFFD.
Invalid UTF-8 byte or sequence at line 414 replaced by U+FFFD.
Invalid UTF-8 byte or sequence at line 422 replaced by U+FFFD.
Invalid UTF-8 byte or sequence at line 422 replaced by U+FFFD.
Invalid UTF-8 byte or sequence at line 426 replaced by U+FFFD.
Invalid UTF-8 byte or sequence at line 428 replaced by U+FFFD.
Invalid UTF-8 byte or sequence at line 433 replaced by U+FFFD.
Invalid UTF-8 byte or sequence at line 433 replaced by U+FFFD.
Invalid UTF-8 byte or sequence at line 441 replaced by U+FFFD.
Invalid UTF-8 byte or sequence at line 441 replaced by U+FFFD.
Invalid UTF-8 byte or sequence at line 442 replaced by U+FFFD.
Invalid UTF-8 byte or sequence at line 443 replaced by U+FFFD.
Invalid UTF-8 byte or sequence at line 443 replaced by U+FFFD.
Invalid UTF-8 byte or sequence at line 443 replaced by U+FFFD.
Invalid UTF-8 byte or sequence at line 446 replaced by U+FFFD.
Invalid UTF-8 byte or sequence at line 446 replaced by U+FFFD.
Invalid UTF-8 byte or sequence at line 446 replaced by U+FFFD.
Invalid UTF-8 byte or sequence at line 448 replaced by U+FFFD.
Invalid UTF-8 byte or sequence at line 448 replaced by U+FFFD.
Invalid UTF-8 byte or sequence at line 451 replaced by U+FFFD.
Invalid UTF-8 byte or sequence at line 455 replaced by U+FFFD.
Invalid UTF-8 byte or sequence at line 455 replaced by U+FFFD.
Invalid UTF-8 byte or sequence at line 458 replaced by U+FFFD.
Invalid UTF-8 byte or sequence at line 458 replaced by U+FFFD.
Invalid UTF-8 byte or sequence at line 472 replaced by U+FFFD.
Invalid UTF-8 byte or sequence at line 475 replaced by U+FFFD.
Invalid UTF-8 byte or sequence at line 492 replaced by U+FFFD.
Invalid UTF-8 byte or sequence at line 508 replaced by U+FFFD.
Invalid UTF-8 byte or sequence at line 508 replaced by U+FFFD.
Invalid UTF-8 byte or sequence at line 509 replaced by U+FFFD.
Invalid UTF-8 byte or sequence at line 509 replaced by U+FFFD.
Invalid UTF-8 byte or sequence at line 519 replaced by U+FFFD.
Invalid UTF-8 byte or sequence at line 541 replaced by U+FFFD.
Invalid UTF-8 byte or sequence at line 541 replaced by U+FFFD.
)
Package: listofitems 2019/08/21 v1.63 Grab items in lists using user-specified 
sep char (CT)
)
\c@@stackindex=\count321
\@boxshift=\skip64
\stack@tmplength=\skip65
\temp@stkl=\skip66
\@stackedboxwidth=\skip67
\@addedbox=\box84
\@anchorbox=\box85
\@insetbox=\box86
\se@backgroundbox=\box87
\stackedbox=\box88
\@centerbox=\box89
\c@ROWcellindex@=\count322
)
\g_mahjong_default_height=\dimen297
\l_mahjong_tile_height=\dimen298
\l__mahjong_tile_orientation_int=\count323
) (/usr/local/texlive/2022/texmf-dist/tex/xelatex/xecjk/xeCJK.sty
Package: xeCJK 2021/12/12 v3.8.8 Typesetting CJK scripts with XeLaTeX

(/usr/local/texlive/2022/texmf-dist/tex/latex/ctex/ctexhook.sty
Package: ctexhook 2021/12/12 v2.5.8 Document and package hooks (CTEX)
)
\l__xeCJK_tmp_int=\count324
\l__xeCJK_tmp_box=\box90
\l__xeCJK_tmp_dim=\dimen299
\l__xeCJK_tmp_skip=\skip68
\g__xeCJK_space_factor_int=\count325
\l__xeCJK_begin_int=\count326
\l__xeCJK_end_int=\count327
\c__xeCJK_CJK_class_int=\XeTeXcharclass1
\c__xeCJK_FullLeft_class_int=\XeTeXcharclass2
\c__xeCJK_FullRight_class_int=\XeTeXcharclass3
\c__xeCJK_HalfLeft_class_int=\XeTeXcharclass4
\c__xeCJK_HalfRight_class_int=\XeTeXcharclass5
\c__xeCJK_NormalSpace_class_int=\XeTeXcharclass6
\c__xeCJK_CM_class_int=\XeTeXcharclass7
\c__xeCJK_HangulJamo_class_int=\XeTeXcharclass8
\l__xeCJK_last_skip=\skip69
\g__xeCJK_node_int=\count328
\c__xeCJK_CJK_node_dim=\dimen300
\c__xeCJK_CJK-space_node_dim=\dimen301
\c__xeCJK_default_node_dim=\dimen302
\c__xeCJK_default-space_node_dim=\dimen303
\c__xeCJK_CJK-widow_node_dim=\dimen304
\c__xeCJK_normalspace_node_dim=\dimen305
\l__xeCJK_ccglue_skip=\skip70
\l__xeCJK_ecglue_skip=\skip71
\l__xeCJK_punct_kern_skip=\skip72
\l__xeCJK_last_penalty_int=\count329
\l__xeCJK_last_bound_dim=\dimen306
\l__xeCJK_last_kern_dim=\dimen307
\l__xeCJK_widow_penalty_int=\count330

Package xtemplate Info: Declaring object type 'xeCJK/punctuation' taking 0
(xtemplate)             argument(s) on line 2337.

\l__xeCJK_fixed_punct_width_dim=\dimen308
\l__xeCJK_mixed_punct_width_dim=\dimen309
\l__xeCJK_middle_punct_width_dim=\dimen310
\l__xeCJK_fixed_margin_width_dim=\dimen311
\l__xeCJK_mixed_margin_width_dim=\dimen312
\l__xeCJK_middle_margin_width_dim=\dimen313
\l__xeCJK_bound_punct_width_dim=\dimen314
\l__xeCJK_bound_margin_width_dim=\dimen315
\l__xeCJK_margin_minimum_dim=\dimen316
\l__xeCJK_kerning_total_width_dim=\dimen317
\l__xeCJK_same_align_margin_dim=\dimen318
\l__xeCJK_different_align_margin_dim=\dimen319
\l__xeCJK_kerning_margin_width_dim=\dimen320
\l__xeCJK_kerning_margin_minimum_dim=\dimen321
\l__xeCJK_bound_dim=\dimen322
\l__xeCJK_reverse_bound_dim=\dimen323
\l__xeCJK_margin_dim=\dimen324
\l__xeCJK_minimum_bound_dim=\dimen325
\l__xeCJK_kerning_margin_dim=\dimen326
\g__xeCJK_family_int=\count331
\l__xeCJK_fam_int=\count332
\g__xeCJK_fam_allocation_int=\count333
\l__xeCJK_verb_case_int=\count334
\l__xeCJK_verb_exspace_skip=\skip73

(/usr/local/texlive/2022/texmf-dist/tex/latex/fontspec/fontspec.sty
Package: fontspec 2022/01/15 v2.8a Font selection for XeLaTeX and LuaLaTeX

(/usr/local/texlive/2022/texmf-dist/tex/latex/fontspec/fontspec-xetex.sty
Package: fontspec-xetex 2022/01/15 v2.8a Font selection for XeLaTeX and LuaLaTe
X
\l__fontspec_script_int=\count335
\l__fontspec_language_int=\count336
\l__fontspec_strnum_int=\count337
\l__fontspec_tmp_int=\count338
\l__fontspec_tmpa_int=\count339
\l__fontspec_tmpb_int=\count340
\l__fontspec_tmpc_int=\count341
\l__fontspec_em_int=\count342
\l__fontspec_emdef_int=\count343
\l__fontspec_strong_int=\count344
\l__fontspec_strongdef_int=\count345
\l__fontspec_tmpa_dim=\dimen327
\l__fontspec_tmpb_dim=\dimen328
\l__fontspec_tmpc_dim=\dimen329

(/usr/local/texlive/2022/texmf-dist/tex/latex/base/fontenc.sty
Package: fontenc 2021/04/29 v2.0v Standard LaTeX package
)
(/usr/local/texlive/2022/texmf-dist/tex/latex/fontspec/fontspec.cfg)))
(/usr/local/texlive/2022/texmf-dist/tex/xelatex/xecjk/xeCJK.cfg
File: xeCJK.cfg 2021/12/12 v3.8.8 Configuration file for xeCJK package
))

Package fontspec Info: Could not resolve font "YuMincho/I" (it probably
(fontspec)             doesn't exist).


Package fontspec Info: Font family 'YuMincho(0)' created for font 'YuMincho'
(fontspec)             with options [Script={CJK}].
(fontspec)              
(fontspec)              This font family consists of the following NFSS
(fontspec)             series/shapes:
(fontspec)              
(fontspec)             - 'normal' (m/n) with NFSS spec.:
(fontspec)             <->"YuMincho/OT:script=hani;language=dflt;"
(fontspec)             - 'small caps'  (m/sc) with NFSS spec.: 
(fontspec)             - 'bold' (b/n) with NFSS spec.:
(fontspec)             <->"YuMincho/B/OT:script=hani;language=dflt;"
(fontspec)             - 'bold small caps'  (b/sc) with NFSS spec.: 
(fontspec)             - 'bold italic' (b/it) with NFSS spec.:
(fontspec)             <->"YuMincho/BI/OT:script=hani;language=dflt;"
(fontspec)             - 'bold italic small caps'  (b/scit) with NFSS spec.: 


(/usr/local/texlive/2022/texmf-dist/tex/latex/hyperref/hyperref.sty
Package: hyperref 2022-02-21 v7.00n Hypertext links for LaTeX

(/usr/local/texlive/2022/texmf-dist/tex/generic/kvsetkeys/kvsetkeys.sty
Package: kvsetkeys 2019/12/15 v1.18 Key value parser (HO)
)
(/usr/local/texlive/2022/texmf-dist/tex/generic/kvdefinekeys/kvdefinekeys.sty
Package: kvdefinekeys 2019-12-19 v1.6 Define keys (HO)
)
(/usr/local/texlive/2022/texmf-dist/tex/generic/pdfescape/pdfescape.sty
Package: pdfescape 2019/12/09 v1.15 Implements pdfTeX's escape features (HO)
)
(/usr/local/texlive/2022/texmf-dist/tex/latex/hycolor/hycolor.sty
Package: hycolor 2020-01-27 v1.10 Color options for hyperref/bookmark (HO)
)
(/usr/local/texlive/2022/texmf-dist/tex/latex/auxhook/auxhook.sty
Package: auxhook 2019-12-17 v1.6 Hooks for auxiliary files (HO)
)
(/usr/local/texlive/2022/texmf-dist/tex/latex/kvoptions/kvoptions.sty
Package: kvoptions 2020-10-07 v3.14 Key value format for package options (HO)
)
\@linkdim=\dimen330
\Hy@linkcounter=\count346
\Hy@pagecounter=\count347

(/usr/local/texlive/2022/texmf-dist/tex/latex/hyperref/pd1enc.def
File: pd1enc.def 2022-02-21 v7.00n Hyperref: PDFDocEncoding definition (HO)
)
(/usr/local/texlive/2022/texmf-dist/tex/generic/intcalc/intcalc.sty
Package: intcalc 2019/12/15 v1.3 Expandable calculations with integers (HO)
)
(/usr/local/texlive/2022/texmf-dist/tex/generic/etexcmds/etexcmds.sty
Package: etexcmds 2019/12/15 v1.7 Avoid name clashes with e-TeX commands (HO)
)
\Hy@SavedSpaceFactor=\count348

(/usr/local/texlive/2022/texmf-dist/tex/latex/hyperref/puenc.def
File: puenc.def 2022-02-21 v7.00n Hyperref: PDF Unicode definition (HO)
)
Package hyperref Info: Hyper figures OFF on input line 4137.
Package hyperref Info: Link nesting OFF on input line 4142.
Package hyperref Info: Hyper index ON on input line 4145.
Package hyperref Info: Plain pages OFF on input line 4152.
Package hyperref Info: Backreferencing OFF on input line 4157.
Package hyperref Info: Implicit mode ON; LaTeX internals redefined.
Package hyperref Info: Bookmarks ON on input line 4390.
\c@Hy@tempcnt=\count349

(/usr/local/texlive/2022/texmf-dist/tex/latex/url/url.sty
\Urlmuskip=\muskip20
Package: url 2013/09/16  ver 3.4  Verb mode for urls, etc.
)
LaTeX Info: Redefining \url on input line 4749.
\XeTeXLinkMargin=\dimen331

(/usr/local/texlive/2022/texmf-dist/tex/generic/bitset/bitset.sty
Package: bitset 2019/12/09 v1.3 Handle bit-vector datatype (HO)

(/usr/local/texlive/2022/texmf-dist/tex/generic/bigintcalc/bigintcalc.sty
Package: bigintcalc 2019/12/15 v1.5 Expandable calculations on big integers (HO
)
))
\Fld@menulength=\count350
\Field@Width=\dimen332
\Fld@charsize=\dimen333
Package hyperref Info: Hyper figures OFF on input line 6027.
Package hyperref Info: Link nesting OFF on input line 6032.
Package hyperref Info: Hyper index ON on input line 6035.
Package hyperref Info: backreferencing OFF on input line 6042.
Package hyperref Info: Link coloring OFF on input line 6047.
Package hyperref Info: Link coloring with OCG OFF on input line 6052.
Package hyperref Info: PDF/A mode OFF on input line 6057.
LaTeX Info: Redefining \ref on input line 6097.
LaTeX Info: Redefining \pageref on input line 6101.

(/usr/local/texlive/2022/texmf-dist/tex/latex/base/atbegshi-ltx.sty
Package: atbegshi-ltx 2021/01/10 v1.0c Emulation of the original atbegshi
package with kernel methods
)
\Hy@abspage=\count351
\c@Item=\count352
\c@Hfootnote=\count353
)
Package hyperref Info: Driver (autodetected): hxetex.

(/usr/local/texlive/2022/texmf-dist/tex/latex/hyperref/hxetex.def
File: hxetex.def 2022-02-21 v7.00n Hyperref driver for XeTeX

(/usr/local/texlive/2022/texmf-dist/tex/generic/stringenc/stringenc.sty
Package: stringenc 2019/11/29 v1.12 Convert strings between diff. encodings (HO
)
)
\pdfm@box=\box91
\c@Hy@AnnotLevel=\count354
\HyField@AnnotCount=\count355
\Fld@listcount=\count356
\c@bookmark@seq@number=\count357

(/usr/local/texlive/2022/texmf-dist/tex/latex/rerunfilecheck/rerunfilecheck.sty
Package: rerunfilecheck 2019/12/05 v1.9 Rerun checks for auxiliary files (HO)
(/usr/local/texlive/2022/texmf-dist/tex/latex/base/atveryend-ltx.sty
Package: atveryend-ltx 2020/08/19 v1.0a Emulation of the original atveryend pac
kage
with kernel methods
)
(/usr/local/texlive/2022/texmf-dist/tex/generic/uniquecounter/uniquecounter.sty
Package: uniquecounter 2019/12/15 v1.4 Provide unlimited unique counter (HO)
)
Package uniquecounter Info: New unique counter `rerunfilecheck' on input line 2
86.
)
\Hy@SectionHShift=\skip74
) (/usr/local/texlive/2022/texmf-dist/tex/generic/babel/babel.sty
Package: babel 2022/02/26 3.73 The Babel package
\babel@savecnt=\count358
\U@D=\dimen334
\l@unhyphenated=\language87

(/usr/local/texlive/2022/texmf-dist/tex/generic/babel/xebabel.def
(/usr/local/texlive/2022/texmf-dist/tex/generic/babel/txtbabel.def))
\bbl@readstream=\read4
\bbl@dirlevel=\count359

(/usr/local/texlive/2022/texmf-dist/tex/generic/babel-japanese/japanese.ldf
Language: japanese 2021/02/13 v3.1 Japanese support for babel (texjporg)
Package babel Info: No hyphenation patterns are available for Japanese,
(babel)             so I will use the patterns preloaded for \language=0
(babel)             instead on input line 37.
Package babel Info: Hyphen rules for 'japanese' set to \l@english
(babel)             (\language0). Reported on input line 38.
))
(/usr/local/texlive/2022/texmf-dist/tex/latex/natbib/natbib.sty
Package: natbib 2010/09/13 8.31b (PWD, AO)
\bibhang=\skip75
\bibsep=\skip76
LaTeX Info: Redefining \cite on input line 694.
\c@NAT@ctr=\count360
)
(/usr/local/texlive/2022/texmf-dist/tex/latex/tocbibind/tocbibind.sty
Package: tocbibind 2010/10/13 v1.5k extra ToC listings
Package tocbibind Info: The document has section divisions on input line 50.


Package tocbibind Note: Using section or other style headings.

) (/usr/local/texlive/2022/texmf-dist/tex/latex/caption/caption.sty
Package: caption 2022/03/01 v3.6b Customizing captions (AR)

(/usr/local/texlive/2022/texmf-dist/tex/latex/caption/caption3.sty
Package: caption3 2022/03/17 v2.3b caption3 kernel (AR)
\caption@tempdima=\dimen335
\captionmargin=\dimen336
\caption@leftmargin=\dimen337
\caption@rightmargin=\dimen338
\caption@width=\dimen339
\caption@indent=\dimen340
\caption@parindent=\dimen341
\caption@hangindent=\dimen342
Package caption Info: Standard document class detected.
)
\c@caption@flags=\count361
\c@continuedfloat=\count362
Package caption Info: float package is loaded.
Package caption Info: hyperref package is loaded.
Package caption Info: threeparttable package is loaded.
)
(/usr/local/texlive/2022/texmf-dist/tex/latex/titlesec/titlesec.sty
Package: titlesec 2021/07/05 v2.14 Sectioning titles
\ttl@box=\box92
\beforetitleunit=\skip77
\aftertitleunit=\skip78
\ttl@plus=\dimen343
\ttl@minus=\dimen344
\ttl@toksa=\toks42
\titlewidth=\dimen345
\titlewidthlast=\dimen346
\titlewidthfirst=\dimen347
)
(/usr/local/texlive/2022/texmf-dist/tex/generic/ulem/ulem.sty
\UL@box=\box93
\UL@hyphenbox=\box94
\UL@skip=\skip79
\UL@hook=\toks43
\UL@height=\dimen348
\UL@pe=\count363
\UL@pixel=\dimen349
\ULC@box=\box95
Package: ulem 2019/11/18
\ULdepth=\dimen350
)
(/usr/local/texlive/2022/texmf-dist/tex/latex/parskip/parskip.sty
Package: parskip 2021-03-14 v2.0h non-zero parskip adjustments
)
\stdbls=\skip80

(/usr/local/texlive/2022/texmf-dist/tex/latex/tools/xr.sty
Package: xr 2020-05-10 v5.06 eXternal References (DPC)
)
Package xr Info: IMPORTING LABELS FROM ..//section/hairi.aux on input line 73.


LaTeX Warning: Label `hairi-tab:fkgtt-4' multiply defined.


Package xr Warning: 
No file ..//section/joban.aux
LABELS NOT IMPORTED.
 on input line 74.


Package xr Warning: 
No file ..//section/furo.aux
LABELS NOT IMPORTED.
 on input line 75.


Package xr Warning: 
No file ..//section/riichi.aux
LABELS NOT IMPORTED.
 on input line 76.


Package xr Warning: 
No file ..//section/riichicare.aux
LABELS NOT IMPORTED.
 on input line 77.


Package xr Warning: 
No file ..//section/furocare.aux
LABELS NOT IMPORTED.
 on input line 78.


Package xr Warning: 
No file ..//section/read.aux
LABELS NOT IMPORTED.
 on input line 79.

\@float@every@rittai=\toks44
\c@rittai=\count364
\c@tehaicount=\count365
)) (./hairi.aux

LaTeX Warning: Label `tab:fkgtt-4' multiply defined.

)
\openout1 = `hairi.aux'.

LaTeX Font Info:    Checking defaults for OML/cmm/m/it on input line 9.
LaTeX Font Info:    ... okay on input line 9.
LaTeX Font Info:    Checking defaults for OMS/cmsy/m/n on input line 9.
LaTeX Font Info:    ... okay on input line 9.
LaTeX Font Info:    Checking defaults for OT1/cmr/m/n on input line 9.
LaTeX Font Info:    ... okay on input line 9.
LaTeX Font Info:    Checking defaults for T1/cmr/m/n on input line 9.
LaTeX Font Info:    ... okay on input line 9.
LaTeX Font Info:    Checking defaults for TS1/cmr/m/n on input line 9.
LaTeX Font Info:    Trying to load font information for TS1+cmr on input line 9
.
 (/usr/local/texlive/2022/texmf-dist/tex/latex/base/ts1cmr.fd
File: ts1cmr.fd 2019/12/16 v2.5j Standard LaTeX font definitions
)
LaTeX Font Info:    ... okay on input line 9.
LaTeX Font Info:    Checking defaults for TU/lmr/m/n on input line 9.
LaTeX Font Info:    ... okay on input line 9.
LaTeX Font Info:    Checking defaults for OMX/cmex/m/n on input line 9.
LaTeX Font Info:    ... okay on input line 9.
LaTeX Font Info:    Checking defaults for U/cmr/m/n on input line 9.
LaTeX Font Info:    ... okay on input line 9.
LaTeX Font Info:    Checking defaults for PD1/pdf/m/n on input line 9.
LaTeX Font Info:    ... okay on input line 9.
LaTeX Font Info:    Checking defaults for PU/pdf/m/n on input line 9.
LaTeX Font Info:    ... okay on input line 9.

*geometry* driver: auto-detecting
*geometry* detected driver: xetex
*geometry* verbose mode - [ preamble ] result:
* driver: xetex
* paper: <default>
* layout: <same size as paper>
* layoutoffset:(h,v)=(0.0pt,0.0pt)
* modes: 
* h-part:(L,W,R)=(56.9055pt, 500.484pt, 56.9055pt)
* v-part:(T,H,B)=(56.9055pt, 681.15898pt, 56.9055pt)
* \paperwidth=614.295pt
* \paperheight=794.96999pt
* \textwidth=500.484pt
* \textheight=681.15898pt
* \oddsidemargin=-15.36449pt
* \evensidemargin=-15.36449pt
* \topmargin=-52.36449pt
* \headheight=12.0pt
* \headsep=25.0pt
* \topskip=10.0pt
* \footskip=30.0pt
* \marginparwidth=4.0pt
* \marginparsep=10.0pt
* \columnsep=10.0pt
* \skip\footins=9.0pt plus 4.0pt minus 2.0pt
* \hoffset=0.0pt
* \voffset=0.0pt
* \mag=1000
* \@twocolumntrue
* \@twosidefalse
* \@mparswitchfalse
* \@reversemarginfalse
* (1in=72.27pt=25.4mm, 1cm=28.453pt)

Package translations Info: no dictionary file `translations-basic-dictionary-ja
panese.trsl' found. on input line 9.

Package fontspec Info: Adjusting the maths setup (use [no-math] to avoid
(fontspec)             this).

\symlegacymaths=\mathgroup4
LaTeX Font Info:    Overwriting symbol font `legacymaths' in version `bold'
(Font)                  OT1/cmr/m/n --> OT1/cmr/bx/n on input line 9.
LaTeX Font Info:    Redeclaring math accent \acute on input line 9.
LaTeX Font Info:    Redeclaring math accent \grave on input line 9.
LaTeX Font Info:    Redeclaring math accent \ddot on input line 9.
LaTeX Font Info:    Redeclaring math accent \tilde on input line 9.
LaTeX Font Info:    Redeclaring math accent \bar on input line 9.
LaTeX Font Info:    Redeclaring math accent \breve on input line 9.
LaTeX Font Info:    Redeclaring math accent \check on input line 9.
LaTeX Font Info:    Redeclaring math accent \hat on input line 9.
LaTeX Font Info:    Redeclaring math accent \dot on input line 9.
LaTeX Font Info:    Redeclaring math accent \mathring on input line 9.
LaTeX Font Info:    Redeclaring math symbol \Gamma on input line 9.
LaTeX Font Info:    Redeclaring math symbol \Delta on input line 9.
LaTeX Font Info:    Redeclaring math symbol \Theta on input line 9.
LaTeX Font Info:    Redeclaring math symbol \Lambda on input line 9.
LaTeX Font Info:    Redeclaring math symbol \Xi on input line 9.
LaTeX Font Info:    Redeclaring math symbol \Pi on input line 9.
LaTeX Font Info:    Redeclaring math symbol \Sigma on input line 9.
LaTeX Font Info:    Redeclaring math symbol \Upsilon on input line 9.
LaTeX Font Info:    Redeclaring math symbol \Phi on input line 9.
LaTeX Font Info:    Redeclaring math symbol \Psi on input line 9.
LaTeX Font Info:    Redeclaring math symbol \Omega on input line 9.
LaTeX Font Info:    Redeclaring math symbol \mathdollar on input line 9.
LaTeX Font Info:    Redeclaring symbol font `operators' on input line 9.
LaTeX Font Info:    Encoding `OT1' has changed to `TU' for symbol font
(Font)              `operators' in the math version `normal' on input line 9.
LaTeX Font Info:    Overwriting symbol font `operators' in version `normal'
(Font)                  OT1/cmr/m/n --> TU/lmr/m/n on input line 9.
LaTeX Font Info:    Encoding `OT1' has changed to `TU' for symbol font
(Font)              `operators' in the math version `bold' on input line 9.
LaTeX Font Info:    Overwriting symbol font `operators' in version `bold'
(Font)                  OT1/cmr/bx/n --> TU/lmr/m/n on input line 9.
LaTeX Font Info:    Overwriting symbol font `operators' in version `normal'
(Font)                  TU/lmr/m/n --> TU/lmr/m/n on input line 9.
LaTeX Font Info:    Overwriting math alphabet `\mathit' in version `normal'
(Font)                  OT1/cmr/m/it --> TU/lmr/m/it on input line 9.
LaTeX Font Info:    Overwriting math alphabet `\mathbf' in version `normal'
(Font)                  OT1/cmr/bx/n --> TU/lmr/b/n on input line 9.
LaTeX Font Info:    Overwriting math alphabet `\mathsf' in version `normal'
(Font)                  OT1/cmss/m/n --> TU/lmss/m/n on input line 9.
LaTeX Font Info:    Overwriting math alphabet `\mathtt' in version `normal'
(Font)                  OT1/cmtt/m/n --> TU/lmtt/m/n on input line 9.
LaTeX Font Info:    Overwriting symbol font `operators' in version `bold'
(Font)                  TU/lmr/m/n --> TU/lmr/b/n on input line 9.
LaTeX Font Info:    Overwriting math alphabet `\mathit' in version `bold'
(Font)                  OT1/cmr/bx/it --> TU/lmr/b/it on input line 9.
LaTeX Font Info:    Overwriting math alphabet `\mathsf' in version `bold'
(Font)                  OT1/cmss/bx/n --> TU/lmss/b/n on input line 9.
LaTeX Font Info:    Overwriting math alphabet `\mathtt' in version `bold'
(Font)                  OT1/cmtt/m/n --> TU/lmtt/b/n on input line 9.
Package hyperref Info: Link coloring OFF on input line 9.
(/usr/local/texlive/2022/texmf-dist/tex/latex/hyperref/nameref.sty
Package: nameref 2021-04-02 v2.47 Cross-referencing by name of section

(/usr/local/texlive/2022/texmf-dist/tex/latex/refcount/refcount.sty
Package: refcount 2019/12/15 v3.6 Data extraction from label references (HO)
)
(/usr/local/texlive/2022/texmf-dist/tex/generic/gettitlestring/gettitlestring.s
ty
Package: gettitlestring 2019/12/15 v1.6 Cleanup title references (HO)
)
\c@section@level=\count366
)
LaTeX Info: Redefining \ref on input line 9.
LaTeX Info: Redefining \pageref on input line 9.
LaTeX Info: Redefining \nameref on input line 9.
 (./hairi.out) (./hairi.out)
\@outlinefile=\write4
\openout4 = `hairi.out'.

Package caption Info: Begin \AtBeginDocument code.
Package caption Info: End \AtBeginDocument code.
 (./hairi.toc)
\tf@toc=\write5
\openout5 = `hairi.toc'.

File: tiles/mahjong-Front.pdf Graphic file (type pdf)
<use tiles/mahjong-Front.pdf>
File: tiles/mahjong-3m.pdf Graphic file (type pdf)
<use tiles/mahjong-3m.pdf>
File: tiles/mahjong-Front.pdf Graphic file (type pdf)
<use tiles/mahjong-Front.pdf>
File: tiles/mahjong-1m.pdf Graphic file (type pdf)
<use tiles/mahjong-1m.pdf>
File: tiles/mahjong-Front.pdf Graphic file (type pdf)
<use tiles/mahjong-Front.pdf>
File: tiles/mahjong-2m.pdf Graphic file (type pdf)
<use tiles/mahjong-2m.pdf>
File: tiles/mahjong-Front.pdf Graphic file (type pdf)
<use tiles/mahjong-Front.pdf>
File: tiles/mahjong-2m.pdf Graphic file (type pdf)
<use tiles/mahjong-2m.pdf>
File: tiles/mahjong-Front.pdf Graphic file (type pdf)
<use tiles/mahjong-Front.pdf>
File: tiles/mahjong-4m.pdf Graphic file (type pdf)
<use tiles/mahjong-4m.pdf>
File: tiles/mahjong-Front.pdf Graphic file (type pdf)
<use tiles/mahjong-Front.pdf>
File: tiles/mahjong-1m.pdf Graphic file (type pdf)
<use tiles/mahjong-1m.pdf>
File: tiles/mahjong-Front.pdf Graphic file (type pdf)
<use tiles/mahjong-Front.pdf>
File: tiles/mahjong-2m.pdf Graphic file (type pdf)
<use tiles/mahjong-2m.pdf>
File: tiles/mahjong-Front.pdf Graphic file (type pdf)
<use tiles/mahjong-Front.pdf>
File: tiles/mahjong-4m.pdf Graphic file (type pdf)
<use tiles/mahjong-4m.pdf>
File: tiles/mahjong-Front.pdf Graphic file (type pdf)
<use tiles/mahjong-Front.pdf>
File: tiles/mahjong-6m.pdf Graphic file (type pdf)
<use tiles/mahjong-6m.pdf>
File: tiles/mahjong-Front.pdf Graphic file (type pdf)
<use tiles/mahjong-Front.pdf>
File: tiles/mahjong-1m.pdf Graphic file (type pdf)
<use tiles/mahjong-1m.pdf>
File: tiles/mahjong-Front.pdf Graphic file (type pdf)
<use tiles/mahjong-Front.pdf>
File: tiles/mahjong-2m.pdf Graphic file (type pdf)
<use tiles/mahjong-2m.pdf>
File: tiles/mahjong-Front.pdf Graphic file (type pdf)
<use tiles/mahjong-Front.pdf>
File: tiles/mahjong-4m.pdf Graphic file (type pdf)
<use tiles/mahjong-4m.pdf>
File: tiles/mahjong-Front.pdf Graphic file (type pdf)
<use tiles/mahjong-Front.pdf>
File: tiles/mahjong-4m.pdf Graphic file (type pdf)
<use tiles/mahjong-4m.pdf>
File: tiles/mahjong-Front.pdf Graphic file (type pdf)
<use tiles/mahjong-Front.pdf>
File: tiles/mahjong-1m.pdf Graphic file (type pdf)
<use tiles/mahjong-1m.pdf>
File: tiles/mahjong-Front.pdf Graphic file (type pdf)
<use tiles/mahjong-Front.pdf>
File: tiles/mahjong-2m.pdf Graphic file (type pdf)
<use tiles/mahjong-2m.pdf>
File: tiles/mahjong-Front.pdf Graphic file (type pdf)
<use tiles/mahjong-Front.pdf>
File: tiles/mahjong-4m.pdf Graphic file (type pdf)
<use tiles/mahjong-4m.pdf>
File: tiles/mahjong-Front.pdf Graphic file (type pdf)
<use tiles/mahjong-Front.pdf>
File: tiles/mahjong-5m.pdf Graphic file (type pdf)
<use tiles/mahjong-5m.pdf>
File: tiles/mahjong-Front.pdf Graphic file (type pdf)
<use tiles/mahjong-Front.pdf>
File: tiles/mahjong-1m.pdf Graphic file (type pdf)
<use tiles/mahjong-1m.pdf>
File: tiles/mahjong-Front.pdf Graphic file (type pdf)
<use tiles/mahjong-Front.pdf>
File: tiles/mahjong-2m.pdf Graphic file (type pdf)
<use tiles/mahjong-2m.pdf>
File: tiles/mahjong-Front.pdf Graphic file (type pdf)
<use tiles/mahjong-Front.pdf>
File: tiles/mahjong-1m.pdf Graphic file (type pdf)
<use tiles/mahjong-1m.pdf>
File: tiles/mahjong-Front.pdf Graphic file (type pdf)
<use tiles/mahjong-Front.pdf>
File: tiles/mahjong-2m.pdf Graphic file (type pdf)
<use tiles/mahjong-2m.pdf>
File: tiles/mahjong-Front.pdf Graphic file (type pdf)
<use tiles/mahjong-Front.pdf>
File: tiles/mahjong-5m.pdf Graphic file (type pdf)
<use tiles/mahjong-5m.pdf>
File: tiles/mahjong-Front.pdf Graphic file (type pdf)
<use tiles/mahjong-Front.pdf>
File: tiles/mahjong-5m.pdf Graphic file (type pdf)
<use tiles/mahjong-5m.pdf>
File: tiles/mahjong-Front.pdf Graphic file (type pdf)
<use tiles/mahjong-Front.pdf>
File: tiles/mahjong-1m.pdf Graphic file (type pdf)
<use tiles/mahjong-1m.pdf>
File: tiles/mahjong-Front.pdf Graphic file (type pdf)
<use tiles/mahjong-Front.pdf>
File: tiles/mahjong-2m.pdf Graphic file (type pdf)
<use tiles/mahjong-2m.pdf>
File: tiles/mahjong-Front.pdf Graphic file (type pdf)
<use tiles/mahjong-Front.pdf>
File: tiles/mahjong-5m.pdf Graphic file (type pdf)
<use tiles/mahjong-5m.pdf>
File: tiles/mahjong-Front.pdf Graphic file (type pdf)
<use tiles/mahjong-Front.pdf>
File: tiles/mahjong-6m.pdf Graphic file (type pdf)
<use tiles/mahjong-6m.pdf>
File: tiles/mahjong-Front.pdf Graphic file (type pdf)
<use tiles/mahjong-Front.pdf>
File: tiles/mahjong-1m.pdf Graphic file (type pdf)
<use tiles/mahjong-1m.pdf>
File: tiles/mahjong-Front.pdf Graphic file (type pdf)
<use tiles/mahjong-Front.pdf>
File: tiles/mahjong-2m.pdf Graphic file (type pdf)
<use tiles/mahjong-2m.pdf>
File: tiles/mahjong-Front.pdf Graphic file (type pdf)
<use tiles/mahjong-Front.pdf>
File: tiles/mahjong-6m.pdf Graphic file (type pdf)
<use tiles/mahjong-6m.pdf>
File: tiles/mahjong-Front.pdf Graphic file (type pdf)
<use tiles/mahjong-Front.pdf>
File: tiles/mahjong-6m.pdf Graphic file (type pdf)
<use tiles/mahjong-6m.pdf>
File: tiles/mahjong-Front.pdf Graphic file (type pdf)
<use tiles/mahjong-Front.pdf>
File: tiles/mahjong-1m.pdf Graphic file (type pdf)
<use tiles/mahjong-1m.pdf>
File: tiles/mahjong-Front.pdf Graphic file (type pdf)
<use tiles/mahjong-Front.pdf>
File: tiles/mahjong-2m.pdf Graphic file (type pdf)
<use tiles/mahjong-2m.pdf>
File: tiles/mahjong-Front.pdf Graphic file (type pdf)
<use tiles/mahjong-Front.pdf>
File: tiles/mahjong-6m.pdf Graphic file (type pdf)
<use tiles/mahjong-6m.pdf>
File: tiles/mahjong-Front.pdf Graphic file (type pdf)
<use tiles/mahjong-Front.pdf>
File: tiles/mahjong-7m.pdf Graphic file (type pdf)
<use tiles/mahjong-7m.pdf>
File: tiles/mahjong-Front.pdf Graphic file (type pdf)
<use tiles/mahjong-Front.pdf>
File: tiles/mahjong-1m.pdf Graphic file (type pdf)
<use tiles/mahjong-1m.pdf>
File: tiles/mahjong-Front.pdf Graphic file (type pdf)
<use tiles/mahjong-Front.pdf>
File: tiles/mahjong-2m.pdf Graphic file (type pdf)
<use tiles/mahjong-2m.pdf>
File: tiles/mahjong-Front.pdf Graphic file (type pdf)
<use tiles/mahjong-Front.pdf>
File: tiles/mahjong-1m.pdf Graphic file (type pdf)
<use tiles/mahjong-1m.pdf>
File: tiles/mahjong-Front.pdf Graphic file (type pdf)
<use tiles/mahjong-Front.pdf>
File: tiles/mahjong-2m.pdf Graphic file (type pdf)
<use tiles/mahjong-2m.pdf>
File: tiles/mahjong-Front.pdf Graphic file (type pdf)
<use tiles/mahjong-Front.pdf>
File: tiles/mahjong-5m.pdf Graphic file (type pdf)
<use tiles/mahjong-5m.pdf>
File: tiles/mahjong-Front.pdf Graphic file (type pdf)
<use tiles/mahjong-Front.pdf>
File: tiles/mahjong-6m.pdf Graphic file (type pdf)
<use tiles/mahjong-6m.pdf>
File: tiles/mahjong-Front.pdf Graphic file (type pdf)
<use tiles/mahjong-Front.pdf>
File: tiles/mahjong-7m.pdf Graphic file (type pdf)
<use tiles/mahjong-7m.pdf>
File: tiles/mahjong-Front.pdf Graphic file (type pdf)
<use tiles/mahjong-Front.pdf>
File: tiles/mahjong-1m.pdf Graphic file (type pdf)
<use tiles/mahjong-1m.pdf>
File: tiles/mahjong-Front.pdf Graphic file (type pdf)
<use tiles/mahjong-Front.pdf>
File: tiles/mahjong-2m.pdf Graphic file (type pdf)
<use tiles/mahjong-2m.pdf>
File: tiles/mahjong-Front.pdf Graphic file (type pdf)
<use tiles/mahjong-Front.pdf>
File: tiles/mahjong-4m.pdf Graphic file (type pdf)
<use tiles/mahjong-4m.pdf>
File: tiles/mahjong-Front.pdf Graphic file (type pdf)
<use tiles/mahjong-Front.pdf>
File: tiles/mahjong-5m.pdf Graphic file (type pdf)
<use tiles/mahjong-5m.pdf>
File: tiles/mahjong-Front.pdf Graphic file (type pdf)
<use tiles/mahjong-Front.pdf>
File: tiles/mahjong-6m.pdf Graphic file (type pdf)
<use tiles/mahjong-6m.pdf>
File: tiles/mahjong-Front.pdf Graphic file (type pdf)
<use tiles/mahjong-Front.pdf>
File: tiles/mahjong-1m.pdf Graphic file (type pdf)
<use tiles/mahjong-1m.pdf>
File: tiles/mahjong-Front.pdf Graphic file (type pdf)
<use tiles/mahjong-Front.pdf>
File: tiles/mahjong-1m.pdf Graphic file (type pdf)
<use tiles/mahjong-1m.pdf>
File: tiles/mahjong-Front.pdf Graphic file (type pdf)
<use tiles/mahjong-Front.pdf>
File: tiles/mahjong-2m.pdf Graphic file (type pdf)
<use tiles/mahjong-2m.pdf>
File: tiles/mahjong-Front.pdf Graphic file (type pdf)
<use tiles/mahjong-Front.pdf>
File: tiles/mahjong-2m.pdf Graphic file (type pdf)
<use tiles/mahjong-2m.pdf>
File: tiles/mahjong-Front.pdf Graphic file (type pdf)
<use tiles/mahjong-Front.pdf>
File: tiles/mahjong-3m.pdf Graphic file (type pdf)
<use tiles/mahjong-3m.pdf>


Package natbib Warning: Citation `gendai-penchan' on page 1 undefined on input 
line 36.

File: tiles/mahjong-Front.pdf Graphic file (type pdf)
<use tiles/mahjong-Front.pdf>
File: tiles/mahjong-1m.pdf Graphic file (type pdf)
<use tiles/mahjong-1m.pdf>
File: tiles/mahjong-Front.pdf Graphic file (type pdf)
<use tiles/mahjong-Front.pdf>
File: tiles/mahjong-2m.pdf Graphic file (type pdf)
<use tiles/mahjong-2m.pdf>
File: tiles/mahjong-Front.pdf Graphic file (type pdf)
<use tiles/mahjong-Front.pdf>
File: tiles/mahjong-2m.pdf Graphic file (type pdf)
<use tiles/mahjong-2m.pdf>
File: tiles/mahjong-Front.pdf Graphic file (type pdf)
<use tiles/mahjong-Front.pdf>
File: tiles/mahjong-4m.pdf Graphic file (type pdf)
<use tiles/mahjong-4m.pdf>
File: tiles/mahjong-Front.pdf Graphic file (type pdf)
<use tiles/mahjong-Front.pdf>
File: tiles/mahjong-1m.pdf Graphic file (type pdf)
<use tiles/mahjong-1m.pdf>
File: tiles/mahjong-Front.pdf Graphic file (type pdf)
<use tiles/mahjong-Front.pdf>
File: tiles/mahjong-2m.pdf Graphic file (type pdf)
<use tiles/mahjong-2m.pdf>
File: tiles/mahjong-Front.pdf Graphic file (type pdf)
<use tiles/mahjong-Front.pdf>
File: tiles/mahjong-4m.pdf Graphic file (type pdf)
<use tiles/mahjong-4m.pdf>
File: tiles/mahjong-Front.pdf Graphic file (type pdf)
<use tiles/mahjong-Front.pdf>
File: tiles/mahjong-5m.pdf Graphic file (type pdf)
<use tiles/mahjong-5m.pdf>
File: tiles/mahjong-Front.pdf Graphic file (type pdf)
<use tiles/mahjong-Front.pdf>
File: tiles/mahjong-3m.pdf Graphic file (type pdf)
<use tiles/mahjong-3m.pdf>
File: tiles/mahjong-Front.pdf Graphic file (type pdf)
<use tiles/mahjong-Front.pdf>
File: tiles/mahjong-1m.pdf Graphic file (type pdf)
<use tiles/mahjong-1m.pdf>
File: tiles/mahjong-Front.pdf Graphic file (type pdf)
<use tiles/mahjong-Front.pdf>
File: tiles/mahjong-2m.pdf Graphic file (type pdf)
<use tiles/mahjong-2m.pdf>
File: tiles/mahjong-Front.pdf Graphic file (type pdf)
<use tiles/mahjong-Front.pdf>
File: tiles/mahjong-4m.pdf Graphic file (type pdf)
<use tiles/mahjong-4m.pdf>
File: tiles/mahjong-Front.pdf Graphic file (type pdf)
<use tiles/mahjong-Front.pdf>
File: tiles/mahjong-1m.pdf Graphic file (type pdf)
<use tiles/mahjong-1m.pdf>
File: tiles/mahjong-Front.pdf Graphic file (type pdf)
<use tiles/mahjong-Front.pdf>
File: tiles/mahjong-3m.pdf Graphic file (type pdf)
<use tiles/mahjong-3m.pdf>
File: tiles/mahjong-Front.pdf Graphic file (type pdf)
<use tiles/mahjong-Front.pdf>
File: tiles/mahjong-1m.pdf Graphic file (type pdf)
<use tiles/mahjong-1m.pdf>
File: tiles/mahjong-Front.pdf Graphic file (type pdf)
<use tiles/mahjong-Front.pdf>
File: tiles/mahjong-2m.pdf Graphic file (type pdf)
<use tiles/mahjong-2m.pdf>
File: tiles/mahjong-Front.pdf Graphic file (type pdf)
<use tiles/mahjong-Front.pdf>
File: tiles/mahjong-1m.pdf Graphic file (type pdf)
<use tiles/mahjong-1m.pdf>
File: tiles/mahjong-Front.pdf Graphic file (type pdf)
<use tiles/mahjong-Front.pdf>
File: tiles/mahjong-2m.pdf Graphic file (type pdf)
<use tiles/mahjong-2m.pdf>
File: tiles/mahjong-Front.pdf Graphic file (type pdf)
<use tiles/mahjong-Front.pdf>
File: tiles/mahjong-4m.pdf Graphic file (type pdf)
<use tiles/mahjong-4m.pdf>
File: tiles/mahjong-Front.pdf Graphic file (type pdf)
<use tiles/mahjong-Front.pdf>
File: tiles/mahjong-6m.pdf Graphic file (type pdf)
<use tiles/mahjong-6m.pdf>
File: tiles/mahjong-Front.pdf Graphic file (type pdf)
<use tiles/mahjong-Front.pdf>
File: tiles/mahjong-1m.pdf Graphic file (type pdf)
<use tiles/mahjong-1m.pdf>
File: tiles/mahjong-Front.pdf Graphic file (type pdf)
<use tiles/mahjong-Front.pdf>
File: tiles/mahjong-3m.pdf Graphic file (type pdf)
<use tiles/mahjong-3m.pdf>
File: tiles/mahjong-Front.pdf Graphic file (type pdf)
<use tiles/mahjong-Front.pdf>
File: tiles/mahjong-1m.pdf Graphic file (type pdf)
<use tiles/mahjong-1m.pdf>
File: tiles/mahjong-Front.pdf Graphic file (type pdf)
<use tiles/mahjong-Front.pdf>
File: tiles/mahjong-2m.pdf Graphic file (type pdf)
<use tiles/mahjong-2m.pdf>
File: tiles/mahjong-Front.pdf Graphic file (type pdf)
<use tiles/mahjong-Front.pdf>
File: tiles/mahjong-4m.pdf Graphic file (type pdf)
<use tiles/mahjong-4m.pdf>
File: tiles/mahjong-Front.pdf Graphic file (type pdf)
<use tiles/mahjong-Front.pdf>
File: tiles/mahjong-4m.pdf Graphic file (type pdf)
<use tiles/mahjong-4m.pdf>
File: tiles/mahjong-Front.pdf Graphic file (type pdf)
<use tiles/mahjong-Front.pdf>
File: tiles/mahjong-3m.pdf Graphic file (type pdf)
<use tiles/mahjong-3m.pdf>
File: tiles/mahjong-Front.pdf Graphic file (type pdf)
<use tiles/mahjong-Front.pdf>
File: tiles/mahjong-1m.pdf Graphic file (type pdf)
<use tiles/mahjong-1m.pdf>
File: tiles/mahjong-Front.pdf Graphic file (type pdf)
<use tiles/mahjong-Front.pdf>
File: tiles/mahjong-3m.pdf Graphic file (type pdf)
<use tiles/mahjong-3m.pdf>
File: tiles/mahjong-Front.pdf Graphic file (type pdf)
<use tiles/mahjong-Front.pdf>
File: tiles/mahjong-2m.pdf Graphic file (type pdf)
<use tiles/mahjong-2m.pdf>
File: tiles/mahjong-Front.pdf Graphic file (type pdf)
<use tiles/mahjong-Front.pdf>
File: tiles/mahjong-4m.pdf Graphic file (type pdf)
<use tiles/mahjong-4m.pdf>
File: tiles/mahjong-Front.pdf Graphic file (type pdf)
<use tiles/mahjong-Front.pdf>
File: tiles/mahjong-4m.pdf Graphic file (type pdf)
<use tiles/mahjong-4m.pdf>
File: tiles/mahjong-Front.pdf Graphic file (type pdf)
<use tiles/mahjong-Front.pdf>
File: tiles/mahjong-3m.pdf Graphic file (type pdf)
<use tiles/mahjong-3m.pdf>
File: tiles/mahjong-Front.pdf Graphic file (type pdf)
<use tiles/mahjong-Front.pdf>
File: tiles/mahjong-4m.pdf Graphic file (type pdf)
<use tiles/mahjong-4m.pdf>
File: tiles/mahjong-Front.pdf Graphic file (type pdf)
<use tiles/mahjong-Front.pdf>
File: tiles/mahjong-1m.pdf Graphic file (type pdf)
<use tiles/mahjong-1m.pdf>
File: tiles/mahjong-Front.pdf Graphic file (type pdf)
<use tiles/mahjong-Front.pdf>
File: tiles/mahjong-2m.pdf Graphic file (type pdf)
<use tiles/mahjong-2m.pdf>
File: tiles/mahjong-Front.pdf Graphic file (type pdf)
<use tiles/mahjong-Front.pdf>
File: tiles/mahjong-5m.pdf Graphic file (type pdf)
<use tiles/mahjong-5m.pdf>
File: tiles/mahjong-Front.pdf Graphic file (type pdf)
<use tiles/mahjong-Front.pdf>
File: tiles/mahjong-5m.pdf Graphic file (type pdf)
<use tiles/mahjong-5m.pdf>
File: tiles/mahjong-Front.pdf Graphic file (type pdf)
<use tiles/mahjong-Front.pdf>
File: tiles/mahjong-1m.pdf Graphic file (type pdf)
<use tiles/mahjong-1m.pdf>
File: tiles/mahjong-Front.pdf Graphic file (type pdf)
<use tiles/mahjong-Front.pdf>
File: tiles/mahjong-2m.pdf Graphic file (type pdf)
<use tiles/mahjong-2m.pdf>
File: tiles/mahjong-Front.pdf Graphic file (type pdf)
<use tiles/mahjong-Front.pdf>
File: tiles/mahjong-5m.pdf Graphic file (type pdf)
<use tiles/mahjong-5m.pdf>
File: tiles/mahjong-Front.pdf Graphic file (type pdf)
<use tiles/mahjong-Front.pdf>
File: tiles/mahjong-6m.pdf Graphic file (type pdf)
<use tiles/mahjong-6m.pdf>
File: tiles/mahjong-Front.pdf Graphic file (type pdf)
<use tiles/mahjong-Front.pdf>
File: tiles/mahjong-4m.pdf Graphic file (type pdf)
<use tiles/mahjong-4m.pdf>
File: tiles/mahjong-Front.pdf Graphic file (type pdf)
<use tiles/mahjong-Front.pdf>
File: tiles/mahjong-1m.pdf Graphic file (type pdf)
<use tiles/mahjong-1m.pdf>
File: tiles/mahjong-Front.pdf Graphic file (type pdf)
<use tiles/mahjong-Front.pdf>
File: tiles/mahjong-2m.pdf Graphic file (type pdf)
<use tiles/mahjong-2m.pdf>
File: tiles/mahjong-Front.pdf Graphic file (type pdf)
<use tiles/mahjong-Front.pdf>
File: tiles/mahjong-6m.pdf Graphic file (type pdf)
<use tiles/mahjong-6m.pdf>
File: tiles/mahjong-Front.pdf Graphic file (type pdf)
<use tiles/mahjong-Front.pdf>
File: tiles/mahjong-6m.pdf Graphic file (type pdf)
<use tiles/mahjong-6m.pdf>
File: tiles/mahjong-Front.pdf Graphic file (type pdf)
<use tiles/mahjong-Front.pdf>
File: tiles/mahjong-4m.pdf Graphic file (type pdf)
<use tiles/mahjong-4m.pdf>
File: tiles/mahjong-Front.pdf Graphic file (type pdf)
<use tiles/mahjong-Front.pdf>
File: tiles/mahjong-6m.pdf Graphic file (type pdf)
<use tiles/mahjong-6m.pdf>
File: tiles/mahjong-Front.pdf Graphic file (type pdf)
<use tiles/mahjong-Front.pdf>
File: tiles/mahjong-6m.pdf Graphic file (type pdf)
<use tiles/mahjong-6m.pdf>
File: tiles/mahjong-Front.pdf Graphic file (type pdf)
<use tiles/mahjong-Front.pdf>
File: tiles/mahjong-1m.pdf Graphic file (type pdf)
<use tiles/mahjong-1m.pdf>
File: tiles/mahjong-Front.pdf Graphic file (type pdf)
<use tiles/mahjong-Front.pdf>
File: tiles/mahjong-2m.pdf Graphic file (type pdf)
<use tiles/mahjong-2m.pdf>
File: tiles/mahjong-Front.pdf Graphic file (type pdf)
<use tiles/mahjong-Front.pdf>
File: tiles/mahjong-1m.pdf Graphic file (type pdf)
<use tiles/mahjong-1m.pdf>
File: tiles/mahjong-Front.pdf Graphic file (type pdf)
<use tiles/mahjong-Front.pdf>
File: tiles/mahjong-2m.pdf Graphic file (type pdf)
<use tiles/mahjong-2m.pdf>
File: tiles/mahjong-Front.pdf Graphic file (type pdf)
<use tiles/mahjong-Front.pdf>
File: tiles/mahjong-6m.pdf Graphic file (type pdf)
<use tiles/mahjong-6m.pdf>
File: tiles/mahjong-Front.pdf Graphic file (type pdf)
<use tiles/mahjong-Front.pdf>
File: tiles/mahjong-7m.pdf Graphic file (type pdf)
<use tiles/mahjong-7m.pdf>
File: tiles/mahjong-Front.pdf Graphic file (type pdf)
<use tiles/mahjong-Front.pdf>
File: tiles/mahjong-2m.pdf Graphic file (type pdf)
<use tiles/mahjong-2m.pdf>
File: tiles/mahjong-Front.pdf Graphic file (type pdf)
<use tiles/mahjong-Front.pdf>
File: tiles/mahjong-4m.pdf Graphic file (type pdf)
<use tiles/mahjong-4m.pdf>
File: tiles/mahjong-Front.pdf Graphic file (type pdf)
<use tiles/mahjong-Front.pdf>
File: tiles/mahjong-4m.pdf Graphic file (type pdf)
<use tiles/mahjong-4m.pdf>
File: tiles/mahjong-Front.pdf Graphic file (type pdf)
<use tiles/mahjong-Front.pdf>
File: tiles/mahjong-5m.pdf Graphic file (type pdf)
<use tiles/mahjong-5m.pdf>
File: tiles/mahjong-Front.pdf Graphic file (type pdf)
<use tiles/mahjong-Front.pdf>
File: tiles/mahjong-5m.pdf Graphic file (type pdf)
<use tiles/mahjong-5m.pdf>
File: tiles/mahjong-Front.pdf Graphic file (type pdf)
<use tiles/mahjong-Front.pdf>
File: tiles/mahjong-6m.pdf Graphic file (type pdf)
<use tiles/mahjong-6m.pdf>
File: tiles/mahjong-Front.pdf Graphic file (type pdf)
<use tiles/mahjong-Front.pdf>
File: tiles/mahjong-7m.pdf Graphic file (type pdf)
<use tiles/mahjong-7m.pdf>
File: tiles/mahjong-Front.pdf Graphic file (type pdf)
<use tiles/mahjong-Front.pdf>
File: tiles/mahjong-1m.pdf Graphic file (type pdf)
<use tiles/mahjong-1m.pdf>
File: tiles/mahjong-Front.pdf Graphic file (type pdf)
<use tiles/mahjong-Front.pdf>
File: tiles/mahjong-2m.pdf Graphic file (type pdf)
<use tiles/mahjong-2m.pdf>
File: tiles/mahjong-Front.pdf Graphic file (type pdf)
<use tiles/mahjong-Front.pdf>
File: tiles/mahjong-5m.pdf Graphic file (type pdf)
<use tiles/mahjong-5m.pdf>
File: tiles/mahjong-Front.pdf Graphic file (type pdf)
<use tiles/mahjong-Front.pdf>
File: tiles/mahjong-6m.pdf Graphic file (type pdf)
<use tiles/mahjong-6m.pdf>
File: tiles/mahjong-Front.pdf Graphic file (type pdf)
<use tiles/mahjong-Front.pdf>
File: tiles/mahjong-7m.pdf Graphic file (type pdf)
<use tiles/mahjong-7m.pdf>
File: tiles/mahjong-Front.pdf Graphic file (type pdf)
<use tiles/mahjong-Front.pdf>
File: tiles/mahjong-4m.pdf Graphic file (type pdf)
<use tiles/mahjong-4m.pdf>
File: tiles/mahjong-Front.pdf Graphic file (type pdf)
<use tiles/mahjong-Front.pdf>
File: tiles/mahjong-2m.pdf Graphic file (type pdf)
<use tiles/mahjong-2m.pdf>
File: tiles/mahjong-Front.pdf Graphic file (type pdf)
<use tiles/mahjong-Front.pdf>
File: tiles/mahjong-4m.pdf Graphic file (type pdf)
<use tiles/mahjong-4m.pdf>
File: tiles/mahjong-Front.pdf Graphic file (type pdf)
<use tiles/mahjong-Front.pdf>
File: tiles/mahjong-5m.pdf Graphic file (type pdf)
<use tiles/mahjong-5m.pdf>
File: tiles/mahjong-Front.pdf Graphic file (type pdf)
<use tiles/mahjong-Front.pdf>
File: tiles/mahjong-6m.pdf Graphic file (type pdf)
<use tiles/mahjong-6m.pdf>
File: tiles/mahjong-Front.pdf Graphic file (type pdf)
<use tiles/mahjong-Front.pdf>
File: tiles/mahjong-7m.pdf Graphic file (type pdf)
<use tiles/mahjong-7m.pdf>
File: tiles/mahjong-Front.pdf Graphic file (type pdf)
<use tiles/mahjong-Front.pdf>
File: tiles/mahjong-3m.pdf Graphic file (type pdf)
<use tiles/mahjong-3m.pdf>
File: tiles/mahjong-Front.pdf Graphic file (type pdf)
<use tiles/mahjong-Front.pdf>
File: tiles/mahjong-4m.pdf Graphic file (type pdf)
<use tiles/mahjong-4m.pdf>
File: tiles/mahjong-Front.pdf Graphic file (type pdf)
<use tiles/mahjong-Front.pdf>
File: tiles/mahjong-5m.pdf Graphic file (type pdf)
<use tiles/mahjong-5m.pdf>
File: tiles/mahjong-Front.pdf Graphic file (type pdf)
<use tiles/mahjong-Front.pdf>
File: tiles/mahjong-6m.pdf Graphic file (type pdf)
<use tiles/mahjong-6m.pdf>
File: tiles/mahjong-Front.pdf Graphic file (type pdf)
<use tiles/mahjong-Front.pdf>
File: tiles/mahjong-7m.pdf Graphic file (type pdf)
<use tiles/mahjong-7m.pdf>
File: tiles/mahjong-Front.pdf Graphic file (type pdf)
<use tiles/mahjong-Front.pdf>
File: tiles/mahjong-1m.pdf Graphic file (type pdf)
<use tiles/mahjong-1m.pdf>
File: tiles/mahjong-Front.pdf Graphic file (type pdf)
<use tiles/mahjong-Front.pdf>
File: tiles/mahjong-2m.pdf Graphic file (type pdf)
<use tiles/mahjong-2m.pdf>
File: tiles/mahjong-Front.pdf Graphic file (type pdf)
<use tiles/mahjong-Front.pdf>
File: tiles/mahjong-4m.pdf Graphic file (type pdf)
<use tiles/mahjong-4m.pdf>
File: tiles/mahjong-Front.pdf Graphic file (type pdf)
<use tiles/mahjong-Front.pdf>
File: tiles/mahjong-5m.pdf Graphic file (type pdf)
<use tiles/mahjong-5m.pdf>
File: tiles/mahjong-Front.pdf Graphic file (type pdf)
<use tiles/mahjong-Front.pdf>
File: tiles/mahjong-6m.pdf Graphic file (type pdf)
<use tiles/mahjong-6m.pdf>
File: tiles/mahjong-Front.pdf Graphic file (type pdf)
<use tiles/mahjong-Front.pdf>
File: tiles/mahjong-7m.pdf Graphic file (type pdf)
<use tiles/mahjong-7m.pdf>
File: tiles/mahjong-Front.pdf Graphic file (type pdf)
<use tiles/mahjong-Front.pdf>
File: tiles/mahjong-1m.pdf Graphic file (type pdf)
<use tiles/mahjong-1m.pdf>
File: tiles/mahjong-Front.pdf Graphic file (type pdf)
<use tiles/mahjong-Front.pdf>
File: tiles/mahjong-3m.pdf Graphic file (type pdf)
<use tiles/mahjong-3m.pdf>
File: tiles/mahjong-Front.pdf Graphic file (type pdf)
<use tiles/mahjong-Front.pdf>
File: tiles/mahjong-1m.pdf Graphic file (type pdf)
<use tiles/mahjong-1m.pdf>
File: tiles/mahjong-Front.pdf Graphic file (type pdf)
<use tiles/mahjong-Front.pdf>
File: tiles/mahjong-3m.pdf Graphic file (type pdf)
<use tiles/mahjong-3m.pdf>
File: tiles/mahjong-Front.pdf Graphic file (type pdf)
<use tiles/mahjong-Front.pdf>
File: tiles/mahjong-4m.pdf Graphic file (type pdf)
<use tiles/mahjong-4m.pdf>
File: tiles/mahjong-Front.pdf Graphic file (type pdf)
<use tiles/mahjong-Front.pdf>
File: tiles/mahjong-6m.pdf Graphic file (type pdf)
<use tiles/mahjong-6m.pdf>
File: tiles/mahjong-Front.pdf Graphic file (type pdf)
<use tiles/mahjong-Front.pdf>
File: tiles/mahjong-1m.pdf Graphic file (type pdf)
<use tiles/mahjong-1m.pdf>
File: tiles/mahjong-Front.pdf Graphic file (type pdf)
<use tiles/mahjong-Front.pdf>
File: tiles/mahjong-3m.pdf Graphic file (type pdf)
<use tiles/mahjong-3m.pdf>
File: tiles/mahjong-Front.pdf Graphic file (type pdf)
<use tiles/mahjong-Front.pdf>
File: tiles/mahjong-4m.pdf Graphic file (type pdf)
<use tiles/mahjong-4m.pdf>
File: tiles/mahjong-Front.pdf Graphic file (type pdf)
<use tiles/mahjong-Front.pdf>
File: tiles/mahjong-4m.pdf Graphic file (type pdf)
<use tiles/mahjong-4m.pdf>
File: tiles/mahjong-Front.pdf Graphic file (type pdf)
<use tiles/mahjong-Front.pdf>
File: tiles/mahjong-1m.pdf Graphic file (type pdf)
<use tiles/mahjong-1m.pdf>
File: tiles/mahjong-Front.pdf Graphic file (type pdf)
<use tiles/mahjong-Front.pdf>
File: tiles/mahjong-1m.pdf Graphic file (type pdf)
<use tiles/mahjong-1m.pdf>
File: tiles/mahjong-Front.pdf Graphic file (type pdf)
<use tiles/mahjong-Front.pdf>
File: tiles/mahjong-2m.pdf Graphic file (type pdf)
<use tiles/mahjong-2m.pdf>
File: tiles/mahjong-Front.pdf Graphic file (type pdf)
<use tiles/mahjong-Front.pdf>
File: tiles/mahjong-4m.pdf Graphic file (type pdf)
<use tiles/mahjong-4m.pdf>
File: tiles/mahjong-Front.pdf Graphic file (type pdf)
<use tiles/mahjong-Front.pdf>
File: tiles/mahjong-1m.pdf Graphic file (type pdf)
<use tiles/mahjong-1m.pdf>
File: tiles/mahjong-Front.pdf Graphic file (type pdf)
<use tiles/mahjong-Front.pdf>
File: tiles/mahjong-3m.pdf Graphic file (type pdf)
<use tiles/mahjong-3m.pdf>
File: tiles/mahjong-Front.pdf Graphic file (type pdf)
<use tiles/mahjong-Front.pdf>
File: tiles/mahjong-3m.pdf Graphic file (type pdf)
<use tiles/mahjong-3m.pdf>
File: tiles/mahjong-Front.pdf Graphic file (type pdf)
<use tiles/mahjong-Front.pdf>
File: tiles/mahjong-5m.pdf Graphic file (type pdf)
<use tiles/mahjong-5m.pdf>
File: tiles/mahjong-Front.pdf Graphic file (type pdf)
<use tiles/mahjong-Front.pdf>
File: tiles/mahjong-1m.pdf Graphic file (type pdf)
<use tiles/mahjong-1m.pdf>
File: tiles/mahjong-Front.pdf Graphic file (type pdf)
<use tiles/mahjong-Front.pdf>
File: tiles/mahjong-3m.pdf Graphic file (type pdf)
<use tiles/mahjong-3m.pdf>
File: tiles/mahjong-Front.pdf Graphic file (type pdf)
<use tiles/mahjong-Front.pdf>
File: tiles/mahjong-3m.pdf Graphic file (type pdf)
<use tiles/mahjong-3m.pdf>
File: tiles/mahjong-Front.pdf Graphic file (type pdf)
<use tiles/mahjong-Front.pdf>
File: tiles/mahjong-4m.pdf Graphic file (type pdf)
<use tiles/mahjong-4m.pdf>
File: tiles/mahjong-Front.pdf Graphic file (type pdf)
<use tiles/mahjong-Front.pdf>
File: tiles/mahjong-1m.pdf Graphic file (type pdf)
<use tiles/mahjong-1m.pdf>
File: tiles/mahjong-Front.pdf Graphic file (type pdf)
<use tiles/mahjong-Front.pdf>
File: tiles/mahjong-3m.pdf Graphic file (type pdf)
<use tiles/mahjong-3m.pdf>
File: tiles/mahjong-Front.pdf Graphic file (type pdf)
<use tiles/mahjong-Front.pdf>
File: tiles/mahjong-5m.pdf Graphic file (type pdf)
<use tiles/mahjong-5m.pdf>
File: tiles/mahjong-Front.pdf Graphic file (type pdf)
<use tiles/mahjong-Front.pdf>
File: tiles/mahjong-6m.pdf Graphic file (type pdf)
<use tiles/mahjong-6m.pdf>
File: tiles/mahjong-Front.pdf Graphic file (type pdf)
<use tiles/mahjong-Front.pdf>
File: tiles/mahjong-1m.pdf Graphic file (type pdf)
<use tiles/mahjong-1m.pdf>
File: tiles/mahjong-Front.pdf Graphic file (type pdf)
<use tiles/mahjong-Front.pdf>
File: tiles/mahjong-3m.pdf Graphic file (type pdf)
<use tiles/mahjong-3m.pdf>
File: tiles/mahjong-Front.pdf Graphic file (type pdf)
<use tiles/mahjong-Front.pdf>
File: tiles/mahjong-6m.pdf Graphic file (type pdf)
<use tiles/mahjong-6m.pdf>
File: tiles/mahjong-Front.pdf Graphic file (type pdf)
<use tiles/mahjong-Front.pdf>
File: tiles/mahjong-6m.pdf Graphic file (type pdf)
<use tiles/mahjong-6m.pdf>
File: tiles/mahjong-Front.pdf Graphic file (type pdf)
<use tiles/mahjong-Front.pdf>
File: tiles/mahjong-1m.pdf Graphic file (type pdf)
<use tiles/mahjong-1m.pdf>
File: tiles/mahjong-Front.pdf Graphic file (type pdf)
<use tiles/mahjong-Front.pdf>
File: tiles/mahjong-3m.pdf Graphic file (type pdf)
<use tiles/mahjong-3m.pdf>
File: tiles/mahjong-Front.pdf Graphic file (type pdf)
<use tiles/mahjong-Front.pdf>
File: tiles/mahjong-6m.pdf Graphic file (type pdf)
<use tiles/mahjong-6m.pdf>
File: tiles/mahjong-Front.pdf Graphic file (type pdf)
<use tiles/mahjong-Front.pdf>
File: tiles/mahjong-7m.pdf Graphic file (type pdf)
<use tiles/mahjong-7m.pdf>
File: tiles/mahjong-Front.pdf Graphic file (type pdf)
<use tiles/mahjong-Front.pdf>
File: tiles/mahjong-1m.pdf Graphic file (type pdf)
<use tiles/mahjong-1m.pdf>
File: tiles/mahjong-Front.pdf Graphic file (type pdf)
<use tiles/mahjong-Front.pdf>
File: tiles/mahjong-3m.pdf Graphic file (type pdf)
<use tiles/mahjong-3m.pdf>
File: tiles/mahjong-Front.pdf Graphic file (type pdf)
<use tiles/mahjong-Front.pdf>
File: tiles/mahjong-5m.pdf Graphic file (type pdf)
<use tiles/mahjong-5m.pdf>
File: tiles/mahjong-Front.pdf Graphic file (type pdf)
<use tiles/mahjong-Front.pdf>
File: tiles/mahjong-5m.pdf Graphic file (type pdf)
<use tiles/mahjong-5m.pdf>
File: tiles/mahjong-Front.pdf Graphic file (type pdf)
<use tiles/mahjong-Front.pdf>
File: tiles/mahjong-1m.pdf Graphic file (type pdf)
<use tiles/mahjong-1m.pdf>
File: tiles/mahjong-Front.pdf Graphic file (type pdf)
<use tiles/mahjong-Front.pdf>
File: tiles/mahjong-3m.pdf Graphic file (type pdf)
<use tiles/mahjong-3m.pdf>
File: tiles/mahjong-Front.pdf Graphic file (type pdf)
<use tiles/mahjong-Front.pdf>
File: tiles/mahjong-1m.pdf Graphic file (type pdf)
<use tiles/mahjong-1m.pdf>
File: tiles/mahjong-Front.pdf Graphic file (type pdf)
<use tiles/mahjong-Front.pdf>
File: tiles/mahjong-3m.pdf Graphic file (type pdf)
<use tiles/mahjong-3m.pdf>
File: tiles/mahjong-Front.pdf Graphic file (type pdf)
<use tiles/mahjong-Front.pdf>
File: tiles/mahjong-6m.pdf Graphic file (type pdf)
<use tiles/mahjong-6m.pdf>
File: tiles/mahjong-Front.pdf Graphic file (type pdf)
<use tiles/mahjong-Front.pdf>
File: tiles/mahjong-7m.pdf Graphic file (type pdf)
<use tiles/mahjong-7m.pdf>
File: tiles/mahjong-Front.pdf Graphic file (type pdf)
<use tiles/mahjong-Front.pdf>
File: tiles/mahjong-8m.pdf Graphic file (type pdf)
<use tiles/mahjong-8m.pdf>
File: tiles/mahjong-Front.pdf Graphic file (type pdf)
<use tiles/mahjong-Front.pdf>
File: tiles/mahjong-1m.pdf Graphic file (type pdf)
<use tiles/mahjong-1m.pdf>
File: tiles/mahjong-Front.pdf Graphic file (type pdf)
<use tiles/mahjong-Front.pdf>
File: tiles/mahjong-3m.pdf Graphic file (type pdf)
<use tiles/mahjong-3m.pdf>
File: tiles/mahjong-Front.pdf Graphic file (type pdf)
<use tiles/mahjong-Front.pdf>
File: tiles/mahjong-5m.pdf Graphic file (type pdf)
<use tiles/mahjong-5m.pdf>
File: tiles/mahjong-Front.pdf Graphic file (type pdf)
<use tiles/mahjong-Front.pdf>
File: tiles/mahjong-5m.pdf Graphic file (type pdf)
<use tiles/mahjong-5m.pdf>
File: tiles/mahjong-Front.pdf Graphic file (type pdf)
<use tiles/mahjong-Front.pdf>
File: tiles/mahjong-5m.pdf Graphic file (type pdf)
<use tiles/mahjong-5m.pdf>
File: tiles/mahjong-Front.pdf Graphic file (type pdf)
<use tiles/mahjong-Front.pdf>
File: tiles/mahjong-1m.pdf Graphic file (type pdf)
<use tiles/mahjong-1m.pdf>
File: tiles/mahjong-Front.pdf Graphic file (type pdf)
<use tiles/mahjong-Front.pdf>
File: tiles/mahjong-1m.pdf Graphic file (type pdf)
<use tiles/mahjong-1m.pdf>
File: tiles/mahjong-Front.pdf Graphic file (type pdf)
<use tiles/mahjong-Front.pdf>
File: tiles/mahjong-2m.pdf Graphic file (type pdf)
<use tiles/mahjong-2m.pdf>
File: tiles/mahjong-Front.pdf Graphic file (type pdf)
<use tiles/mahjong-Front.pdf>
File: tiles/mahjong-3m.pdf Graphic file (type pdf)
<use tiles/mahjong-3m.pdf>
File: tiles/mahjong-Front.pdf Graphic file (type pdf)
<use tiles/mahjong-Front.pdf>
File: tiles/mahjong-3m.pdf Graphic file (type pdf)
<use tiles/mahjong-3m.pdf>
File: tiles/mahjong-Front.pdf Graphic file (type pdf)
<use tiles/mahjong-Front.pdf>
File: tiles/mahjong-1m.pdf Graphic file (type pdf)
<use tiles/mahjong-1m.pdf>
File: tiles/mahjong-Front.pdf Graphic file (type pdf)
<use tiles/mahjong-Front.pdf>
File: tiles/mahjong-3m.pdf Graphic file (type pdf)
<use tiles/mahjong-3m.pdf>
File: tiles/mahjong-Front.pdf Graphic file (type pdf)
<use tiles/mahjong-Front.pdf>
File: tiles/mahjong-3m.pdf Graphic file (type pdf)
<use tiles/mahjong-3m.pdf>
File: tiles/mahjong-Front.pdf Graphic file (type pdf)
<use tiles/mahjong-Front.pdf>
File: tiles/mahjong-4m.pdf Graphic file (type pdf)
<use tiles/mahjong-4m.pdf>
File: tiles/mahjong-Front.pdf Graphic file (type pdf)
<use tiles/mahjong-Front.pdf>
File: tiles/mahjong-5m.pdf Graphic file (type pdf)
<use tiles/mahjong-5m.pdf>
File: tiles/mahjong-Front.pdf Graphic file (type pdf)
<use tiles/mahjong-Front.pdf>
File: tiles/mahjong-1m.pdf Graphic file (type pdf)
<use tiles/mahjong-1m.pdf>
File: tiles/mahjong-Front.pdf Graphic file (type pdf)
<use tiles/mahjong-Front.pdf>
File: tiles/mahjong-2m.pdf Graphic file (type pdf)
<use tiles/mahjong-2m.pdf>
File: tiles/mahjong-Front.pdf Graphic file (type pdf)
<use tiles/mahjong-Front.pdf>
File: tiles/mahjong-2m.pdf Graphic file (type pdf)
<use tiles/mahjong-2m.pdf>
File: tiles/mahjong-Front.pdf Graphic file (type pdf)
<use tiles/mahjong-Front.pdf>
File: tiles/mahjong-3m.pdf Graphic file (type pdf)
<use tiles/mahjong-3m.pdf>
File: tiles/mahjong-Front.pdf Graphic file (type pdf)
<use tiles/mahjong-Front.pdf>
File: tiles/mahjong-4m.pdf Graphic file (type pdf)
<use tiles/mahjong-4m.pdf>
File: tiles/mahjong-Front.pdf Graphic file (type pdf)
<use tiles/mahjong-Front.pdf>
File: tiles/mahjong-2m.pdf Graphic file (type pdf)
<use tiles/mahjong-2m.pdf>
File: tiles/mahjong-Front.pdf Graphic file (type pdf)
<use tiles/mahjong-Front.pdf>
File: tiles/mahjong-2m.pdf Graphic file (type pdf)
<use tiles/mahjong-2m.pdf>
File: tiles/mahjong-Front.pdf Graphic file (type pdf)
<use tiles/mahjong-Front.pdf>
File: tiles/mahjong-3m.pdf Graphic file (type pdf)
<use tiles/mahjong-3m.pdf>
File: tiles/mahjong-Front.pdf Graphic file (type pdf)
<use tiles/mahjong-Front.pdf>
File: tiles/mahjong-4m.pdf Graphic file (type pdf)
<use tiles/mahjong-4m.pdf>
File: tiles/mahjong-Front.pdf Graphic file (type pdf)
<use tiles/mahjong-Front.pdf>
File: tiles/mahjong-4m.pdf Graphic file (type pdf)
<use tiles/mahjong-4m.pdf>
File: tiles/mahjong-Front.pdf Graphic file (type pdf)
<use tiles/mahjong-Front.pdf>
File: tiles/mahjong-1m.pdf Graphic file (type pdf)
<use tiles/mahjong-1m.pdf>
File: tiles/mahjong-Front.pdf Graphic file (type pdf)
<use tiles/mahjong-Front.pdf>
File: tiles/mahjong-3m.pdf Graphic file (type pdf)
<use tiles/mahjong-3m.pdf>
File: tiles/mahjong-Front.pdf Graphic file (type pdf)
<use tiles/mahjong-Front.pdf>
File: tiles/mahjong-5m.pdf Graphic file (type pdf)
<use tiles/mahjong-5m.pdf>
File: tiles/mahjong-Front.pdf Graphic file (type pdf)
<use tiles/mahjong-Front.pdf>
File: tiles/mahjong-6m.pdf Graphic file (type pdf)
<use tiles/mahjong-6m.pdf>
File: tiles/mahjong-Front.pdf Graphic file (type pdf)
<use tiles/mahjong-Front.pdf>
File: tiles/mahjong-7m.pdf Graphic file (type pdf)
<use tiles/mahjong-7m.pdf>
File: tiles/mahjong-Front.pdf Graphic file (type pdf)
<use tiles/mahjong-Front.pdf>
File: tiles/mahjong-1m.pdf Graphic file (type pdf)
<use tiles/mahjong-1m.pdf>
File: tiles/mahjong-Front.pdf Graphic file (type pdf)
<use tiles/mahjong-Front.pdf>
File: tiles/mahjong-3m.pdf Graphic file (type pdf)
<use tiles/mahjong-3m.pdf>
File: tiles/mahjong-Front.pdf Graphic file (type pdf)
<use tiles/mahjong-Front.pdf>
File: tiles/mahjong-4m.pdf Graphic file (type pdf)
<use tiles/mahjong-4m.pdf>
File: tiles/mahjong-Front.pdf Graphic file (type pdf)
<use tiles/mahjong-Front.pdf>
File: tiles/mahjong-5m.pdf Graphic file (type pdf)
<use tiles/mahjong-5m.pdf>
File: tiles/mahjong-Front.pdf Graphic file (type pdf)
<use tiles/mahjong-Front.pdf>
File: tiles/mahjong-6m.pdf Graphic file (type pdf)
<use tiles/mahjong-6m.pdf>
File: tiles/mahjong-Front.pdf Graphic file (type pdf)
<use tiles/mahjong-Front.pdf>
File: tiles/mahjong-1m.pdf Graphic file (type pdf)
<use tiles/mahjong-1m.pdf>
File: tiles/mahjong-Front.pdf Graphic file (type pdf)
<use tiles/mahjong-Front.pdf>
File: tiles/mahjong-3m.pdf Graphic file (type pdf)
<use tiles/mahjong-3m.pdf>
File: tiles/mahjong-Front.pdf Graphic file (type pdf)
<use tiles/mahjong-Front.pdf>
File: tiles/mahjong-2m.pdf Graphic file (type pdf)
<use tiles/mahjong-2m.pdf>
File: tiles/mahjong-Front.pdf Graphic file (type pdf)
<use tiles/mahjong-Front.pdf>
File: tiles/mahjong-4m.pdf Graphic file (type pdf)
<use tiles/mahjong-4m.pdf>
File: tiles/mahjong-Front.pdf Graphic file (type pdf)
<use tiles/mahjong-Front.pdf>
File: tiles/mahjong-6m.pdf Graphic file (type pdf)
<use tiles/mahjong-6m.pdf>
File: tiles/mahjong-Front.pdf Graphic file (type pdf)
<use tiles/mahjong-Front.pdf>
File: tiles/mahjong-8m.pdf Graphic file (type pdf)
<use tiles/mahjong-8m.pdf>
File: tiles/mahjong-Front.pdf Graphic file (type pdf)
<use tiles/mahjong-Front.pdf>
File: tiles/mahjong-7m.pdf Graphic file (type pdf)
<use tiles/mahjong-7m.pdf>
File: tiles/mahjong-Front.pdf Graphic file (type pdf)
<use tiles/mahjong-Front.pdf>
File: tiles/mahjong-9m.pdf Graphic file (type pdf)
<use tiles/mahjong-9m.pdf>

Package natbib Warning: Citation `gendai-sotokanchan' on page 1 undefined on in
put line 91.

File: tiles/mahjong-Front.pdf Graphic file (type pdf)
<use tiles/mahjong-Front.pdf>
File: tiles/mahjong-1m.pdf Graphic file (type pdf)
<use tiles/mahjong-1m.pdf>
File: tiles/mahjong-Front.pdf Graphic file (type pdf)
<use tiles/mahjong-Front.pdf>
File: tiles/mahjong-3m.pdf Graphic file (type pdf)
<use tiles/mahjong-3m.pdf>
File: tiles/mahjong-Front.pdf Graphic file (type pdf)
<use tiles/mahjong-Front.pdf>
File: tiles/mahjong-4m.pdf Graphic file (type pdf)
<use tiles/mahjong-4m.pdf>
File: tiles/mahjong-Front.pdf Graphic file (type pdf)
<use tiles/mahjong-Front.pdf>
File: tiles/mahjong-4m.pdf Graphic file (type pdf)
<use tiles/mahjong-4m.pdf>
File: tiles/mahjong-Front.pdf Graphic file (type pdf)
<use tiles/mahjong-Front.pdf>
File: tiles/mahjong-1m.pdf Graphic file (type pdf)
<use tiles/mahjong-1m.pdf>
File: tiles/mahjong-Front.pdf Graphic file (type pdf)
<use tiles/mahjong-Front.pdf>
File: tiles/mahjong-1m.pdf Graphic file (type pdf)
<use tiles/mahjong-1m.pdf>
File: tiles/mahjong-Front.pdf Graphic file (type pdf)
<use tiles/mahjong-Front.pdf>
File: tiles/mahjong-1m.pdf Graphic file (type pdf)
<use tiles/mahjong-1m.pdf>
File: tiles/mahjong-Front.pdf Graphic file (type pdf)
<use tiles/mahjong-Front.pdf>
File: tiles/mahjong-2m.pdf Graphic file (type pdf)
<use tiles/mahjong-2m.pdf>
File: tiles/mahjong-Front.pdf Graphic file (type pdf)
<use tiles/mahjong-Front.pdf>
File: tiles/mahjong-4m.pdf Graphic file (type pdf)
<use tiles/mahjong-4m.pdf>
File: tiles/mahjong-Front.pdf Graphic file (type pdf)
<use tiles/mahjong-Front.pdf>
File: tiles/mahjong-4m.pdf Graphic file (type pdf)
<use tiles/mahjong-4m.pdf>
File: tiles/mahjong-Front.pdf Graphic file (type pdf)
<use tiles/mahjong-Front.pdf>
File: tiles/mahjong-1m.pdf Graphic file (type pdf)
<use tiles/mahjong-1m.pdf>
File: tiles/mahjong-Front.pdf Graphic file (type pdf)
<use tiles/mahjong-Front.pdf>
File: tiles/mahjong-4m.pdf Graphic file (type pdf)
<use tiles/mahjong-4m.pdf>
File: tiles/mahjong-Front.pdf Graphic file (type pdf)
<use tiles/mahjong-Front.pdf>
File: tiles/mahjong-5m.pdf Graphic file (type pdf)
<use tiles/mahjong-5m.pdf>
File: tiles/mahjong-Front.pdf Graphic file (type pdf)
<use tiles/mahjong-Front.pdf>
File: tiles/mahjong-1m.pdf Graphic file (type pdf)
<use tiles/mahjong-1m.pdf>
File: tiles/mahjong-Front.pdf Graphic file (type pdf)
<use tiles/mahjong-Front.pdf>
File: tiles/mahjong-1m.pdf Graphic file (type pdf)
<use tiles/mahjong-1m.pdf>
File: tiles/mahjong-Front.pdf Graphic file (type pdf)
<use tiles/mahjong-Front.pdf>
File: tiles/mahjong-1m.pdf Graphic file (type pdf)
<use tiles/mahjong-1m.pdf>
File: tiles/mahjong-Front.pdf Graphic file (type pdf)
<use tiles/mahjong-Front.pdf>
File: tiles/mahjong-3m.pdf Graphic file (type pdf)
<use tiles/mahjong-3m.pdf>
File: tiles/mahjong-Front.pdf Graphic file (type pdf)
<use tiles/mahjong-Front.pdf>
File: tiles/mahjong-5m.pdf Graphic file (type pdf)
<use tiles/mahjong-5m.pdf>
File: tiles/mahjong-Front.pdf Graphic file (type pdf)
<use tiles/mahjong-Front.pdf>
File: tiles/mahjong-5m.pdf Graphic file (type pdf)
<use tiles/mahjong-5m.pdf>
File: tiles/mahjong-Front.pdf Graphic file (type pdf)
<use tiles/mahjong-Front.pdf>
File: tiles/mahjong-5m.pdf Graphic file (type pdf)
<use tiles/mahjong-5m.pdf>
File: tiles/mahjong-Front.pdf Graphic file (type pdf)
<use tiles/mahjong-Front.pdf>
File: tiles/mahjong-1m.pdf Graphic file (type pdf)
<use tiles/mahjong-1m.pdf>
File: tiles/mahjong-Front.pdf Graphic file (type pdf)
<use tiles/mahjong-Front.pdf>
File: tiles/mahjong-1m.pdf Graphic file (type pdf)
<use tiles/mahjong-1m.pdf>
File: tiles/mahjong-Front.pdf Graphic file (type pdf)
<use tiles/mahjong-Front.pdf>
File: tiles/mahjong-2m.pdf Graphic file (type pdf)
<use tiles/mahjong-2m.pdf>
File: tiles/mahjong-Front.pdf Graphic file (type pdf)
<use tiles/mahjong-Front.pdf>
File: tiles/mahjong-3m.pdf Graphic file (type pdf)
<use tiles/mahjong-3m.pdf>
File: tiles/mahjong-Front.pdf Graphic file (type pdf)
<use tiles/mahjong-Front.pdf>
File: tiles/mahjong-4m.pdf Graphic file (type pdf)
<use tiles/mahjong-4m.pdf>
File: tiles/mahjong-Front.pdf Graphic file (type pdf)
<use tiles/mahjong-Front.pdf>
File: tiles/mahjong-5m.pdf Graphic file (type pdf)
<use tiles/mahjong-5m.pdf>
File: tiles/mahjong-Front.pdf Graphic file (type pdf)
<use tiles/mahjong-Front.pdf>
File: tiles/mahjong-3m.pdf Graphic file (type pdf)
<use tiles/mahjong-3m.pdf>
File: tiles/mahjong-Front.pdf Graphic file (type pdf)
<use tiles/mahjong-Front.pdf>
File: tiles/mahjong-5m.pdf Graphic file (type pdf)
<use tiles/mahjong-5m.pdf>
File: tiles/mahjong-Front.pdf Graphic file (type pdf)
<use tiles/mahjong-Front.pdf>
File: tiles/mahjong-5m.pdf Graphic file (type pdf)
<use tiles/mahjong-5m.pdf>
File: tiles/mahjong-Front.pdf Graphic file (type pdf)
<use tiles/mahjong-Front.pdf>
File: tiles/mahjong-1m.pdf Graphic file (type pdf)
<use tiles/mahjong-1m.pdf>
File: tiles/mahjong-Front.pdf Graphic file (type pdf)
<use tiles/mahjong-Front.pdf>
File: tiles/mahjong-3m.pdf Graphic file (type pdf)
<use tiles/mahjong-3m.pdf>
File: tiles/mahjong-Front.pdf Graphic file (type pdf)
<use tiles/mahjong-Front.pdf>
File: tiles/mahjong-5m.pdf Graphic file (type pdf)
<use tiles/mahjong-5m.pdf>
[1

]
File: tiles/mahjong-Front.pdf Graphic file (type pdf)
<use tiles/mahjong-Front.pdf>
File: tiles/mahjong-1m.pdf Graphic file (type pdf)
<use tiles/mahjong-1m.pdf>
File: tiles/mahjong-Front.pdf Graphic file (type pdf)
<use tiles/mahjong-Front.pdf>
File: tiles/mahjong-1m.pdf Graphic file (type pdf)
<use tiles/mahjong-1m.pdf>
File: tiles/mahjong-Front.pdf Graphic file (type pdf)
<use tiles/mahjong-Front.pdf>
File: tiles/mahjong-2m.pdf Graphic file (type pdf)
<use tiles/mahjong-2m.pdf>
File: tiles/mahjong-Front.pdf Graphic file (type pdf)
<use tiles/mahjong-Front.pdf>
File: tiles/mahjong-3m.pdf Graphic file (type pdf)
<use tiles/mahjong-3m.pdf>
File: tiles/mahjong-Front.pdf Graphic file (type pdf)
<use tiles/mahjong-Front.pdf>
File: tiles/mahjong-3m.pdf Graphic file (type pdf)
<use tiles/mahjong-3m.pdf>
File: tiles/mahjong-Front.pdf Graphic file (type pdf)
<use tiles/mahjong-Front.pdf>
File: tiles/mahjong-1m.pdf Graphic file (type pdf)
<use tiles/mahjong-1m.pdf>
File: tiles/mahjong-Front.pdf Graphic file (type pdf)
<use tiles/mahjong-Front.pdf>
File: tiles/mahjong-3m.pdf Graphic file (type pdf)
<use tiles/mahjong-3m.pdf>
File: tiles/mahjong-Front.pdf Graphic file (type pdf)
<use tiles/mahjong-Front.pdf>
File: tiles/mahjong-4m.pdf Graphic file (type pdf)
<use tiles/mahjong-4m.pdf>
File: tiles/mahjong-Front.pdf Graphic file (type pdf)
<use tiles/mahjong-Front.pdf>
File: tiles/mahjong-1m.pdf Graphic file (type pdf)
<use tiles/mahjong-1m.pdf>
File: tiles/mahjong-Front.pdf Graphic file (type pdf)
<use tiles/mahjong-Front.pdf>
File: tiles/mahjong-3m.pdf Graphic file (type pdf)
<use tiles/mahjong-3m.pdf>
File: tiles/mahjong-Front.pdf Graphic file (type pdf)
<use tiles/mahjong-Front.pdf>
File: tiles/mahjong-3m.pdf Graphic file (type pdf)
<use tiles/mahjong-3m.pdf>
File: tiles/mahjong-Front.pdf Graphic file (type pdf)
<use tiles/mahjong-Front.pdf>
File: tiles/mahjong-4m.pdf Graphic file (type pdf)
<use tiles/mahjong-4m.pdf>
File: tiles/mahjong-Front.pdf Graphic file (type pdf)
<use tiles/mahjong-Front.pdf>
File: tiles/mahjong-5m.pdf Graphic file (type pdf)
<use tiles/mahjong-5m.pdf>
File: tiles/mahjong-Front.pdf Graphic file (type pdf)
<use tiles/mahjong-Front.pdf>
File: tiles/mahjong-1m.pdf Graphic file (type pdf)
<use tiles/mahjong-1m.pdf>
File: tiles/mahjong-Front.pdf Graphic file (type pdf)
<use tiles/mahjong-Front.pdf>
File: tiles/mahjong-3m.pdf Graphic file (type pdf)
<use tiles/mahjong-3m.pdf>
File: tiles/mahjong-Front.pdf Graphic file (type pdf)
<use tiles/mahjong-Front.pdf>
File: tiles/mahjong-6m.pdf Graphic file (type pdf)
<use tiles/mahjong-6m.pdf>
File: tiles/mahjong-Front.pdf Graphic file (type pdf)
<use tiles/mahjong-Front.pdf>
File: tiles/mahjong-5m.pdf Graphic file (type pdf)
<use tiles/mahjong-5m.pdf>
File: tiles/mahjong-Front.pdf Graphic file (type pdf)
<use tiles/mahjong-Front.pdf>
File: tiles/mahjong-1m.pdf Graphic file (type pdf)
<use tiles/mahjong-1m.pdf>
File: tiles/mahjong-Front.pdf Graphic file (type pdf)
<use tiles/mahjong-Front.pdf>
File: tiles/mahjong-2m.pdf Graphic file (type pdf)
<use tiles/mahjong-2m.pdf>
File: tiles/mahjong-Front.pdf Graphic file (type pdf)
<use tiles/mahjong-Front.pdf>
File: tiles/mahjong-2m.pdf Graphic file (type pdf)
<use tiles/mahjong-2m.pdf>
File: tiles/mahjong-Front.pdf Graphic file (type pdf)
<use tiles/mahjong-Front.pdf>
File: tiles/mahjong-3m.pdf Graphic file (type pdf)
<use tiles/mahjong-3m.pdf>
File: tiles/mahjong-Front.pdf Graphic file (type pdf)
<use tiles/mahjong-Front.pdf>
File: tiles/mahjong-4m.pdf Graphic file (type pdf)
<use tiles/mahjong-4m.pdf>
File: tiles/mahjong-Front.pdf Graphic file (type pdf)
<use tiles/mahjong-Front.pdf>
File: tiles/mahjong-1m.pdf Graphic file (type pdf)
<use tiles/mahjong-1m.pdf>
File: tiles/mahjong-Front.pdf Graphic file (type pdf)
<use tiles/mahjong-Front.pdf>
File: tiles/mahjong-2m.pdf Graphic file (type pdf)
<use tiles/mahjong-2m.pdf>
File: tiles/mahjong-Front.pdf Graphic file (type pdf)
<use tiles/mahjong-Front.pdf>
File: tiles/mahjong-4m.pdf Graphic file (type pdf)
<use tiles/mahjong-4m.pdf>
File: tiles/mahjong-Front.pdf Graphic file (type pdf)
<use tiles/mahjong-Front.pdf>
File: tiles/mahjong-5m.pdf Graphic file (type pdf)
<use tiles/mahjong-5m.pdf>
File: tiles/mahjong-Front.pdf Graphic file (type pdf)
<use tiles/mahjong-Front.pdf>
File: tiles/mahjong-6m.pdf Graphic file (type pdf)
<use tiles/mahjong-6m.pdf>
File: tiles/mahjong-Front.pdf Graphic file (type pdf)
<use tiles/mahjong-Front.pdf>
File: tiles/mahjong-1m.pdf Graphic file (type pdf)
<use tiles/mahjong-1m.pdf>
File: tiles/mahjong-Front.pdf Graphic file (type pdf)
<use tiles/mahjong-Front.pdf>
File: tiles/mahjong-3m.pdf Graphic file (type pdf)
<use tiles/mahjong-3m.pdf>
File: tiles/mahjong-Front.pdf Graphic file (type pdf)
<use tiles/mahjong-Front.pdf>
File: tiles/mahjong-5m.pdf Graphic file (type pdf)
<use tiles/mahjong-5m.pdf>
File: tiles/mahjong-Front.pdf Graphic file (type pdf)
<use tiles/mahjong-Front.pdf>
File: tiles/mahjong-6m.pdf Graphic file (type pdf)
<use tiles/mahjong-6m.pdf>
File: tiles/mahjong-Front.pdf Graphic file (type pdf)
<use tiles/mahjong-Front.pdf>
File: tiles/mahjong-7m.pdf Graphic file (type pdf)
<use tiles/mahjong-7m.pdf>
File: tiles/mahjong-Front.pdf Graphic file (type pdf)
<use tiles/mahjong-Front.pdf>
File: tiles/mahjong-4m.pdf Graphic file (type pdf)
<use tiles/mahjong-4m.pdf>
File: tiles/mahjong-Front.pdf Graphic file (type pdf)
<use tiles/mahjong-Front.pdf>
File: tiles/mahjong-5m.pdf Graphic file (type pdf)
<use tiles/mahjong-5m.pdf>
File: tiles/mahjong-Front.pdf Graphic file (type pdf)
<use tiles/mahjong-Front.pdf>
File: tiles/mahjong-8m.pdf Graphic file (type pdf)
<use tiles/mahjong-8m.pdf>
File: tiles/mahjong-Front.pdf Graphic file (type pdf)
<use tiles/mahjong-Front.pdf>
File: tiles/mahjong-1m.pdf Graphic file (type pdf)
<use tiles/mahjong-1m.pdf>
File: tiles/mahjong-Front.pdf Graphic file (type pdf)
<use tiles/mahjong-Front.pdf>
File: tiles/mahjong-3m.pdf Graphic file (type pdf)
<use tiles/mahjong-3m.pdf>
File: tiles/mahjong-Front.pdf Graphic file (type pdf)
<use tiles/mahjong-Front.pdf>
File: tiles/mahjong-4m.pdf Graphic file (type pdf)
<use tiles/mahjong-4m.pdf>
File: tiles/mahjong-Front.pdf Graphic file (type pdf)
<use tiles/mahjong-Front.pdf>
File: tiles/mahjong-5m.pdf Graphic file (type pdf)
<use tiles/mahjong-5m.pdf>
File: tiles/mahjong-Front.pdf Graphic file (type pdf)
<use tiles/mahjong-Front.pdf>
File: tiles/mahjong-6m.pdf Graphic file (type pdf)
<use tiles/mahjong-6m.pdf>
File: tiles/mahjong-Front.pdf Graphic file (type pdf)
<use tiles/mahjong-Front.pdf>
File: tiles/mahjong-4m.pdf Graphic file (type pdf)
<use tiles/mahjong-4m.pdf>
File: tiles/mahjong-Front.pdf Graphic file (type pdf)
<use tiles/mahjong-Front.pdf>
File: tiles/mahjong-5m.pdf Graphic file (type pdf)
<use tiles/mahjong-5m.pdf>
File: tiles/mahjong-Front.pdf Graphic file (type pdf)
<use tiles/mahjong-Front.pdf>
File: tiles/mahjong-7m.pdf Graphic file (type pdf)
<use tiles/mahjong-7m.pdf>
File: tiles/mahjong-Front.pdf Graphic file (type pdf)
<use tiles/mahjong-Front.pdf>
File: tiles/mahjong-8m.pdf Graphic file (type pdf)
<use tiles/mahjong-8m.pdf>
File: tiles/mahjong-Front.pdf Graphic file (type pdf)
<use tiles/mahjong-Front.pdf>
File: tiles/mahjong-1m.pdf Graphic file (type pdf)
<use tiles/mahjong-1m.pdf>
File: tiles/mahjong-Front.pdf Graphic file (type pdf)
<use tiles/mahjong-Front.pdf>
File: tiles/mahjong-3m.pdf Graphic file (type pdf)
<use tiles/mahjong-3m.pdf>
File: tiles/mahjong-Front.pdf Graphic file (type pdf)
<use tiles/mahjong-Front.pdf>
File: tiles/mahjong-4m.pdf Graphic file (type pdf)
<use tiles/mahjong-4m.pdf>
File: tiles/mahjong-Front.pdf Graphic file (type pdf)
<use tiles/mahjong-Front.pdf>
File: tiles/mahjong-5m.pdf Graphic file (type pdf)
<use tiles/mahjong-5m.pdf>
File: tiles/mahjong-Front.pdf Graphic file (type pdf)
<use tiles/mahjong-Front.pdf>
File: tiles/mahjong-6m.pdf Graphic file (type pdf)
<use tiles/mahjong-6m.pdf>


Package natbib Warning: Citation `gendai-uchikanchan' on page 2 undefined on in
put line 118.

File: tiles/mahjong-Front.pdf Graphic file (type pdf)
<use tiles/mahjong-Front.pdf>
File: tiles/mahjong-1m.pdf Graphic file (type pdf)
<use tiles/mahjong-1m.pdf>
File: tiles/mahjong-Front.pdf Graphic file (type pdf)
<use tiles/mahjong-Front.pdf>
File: tiles/mahjong-1m.pdf Graphic file (type pdf)
<use tiles/mahjong-1m.pdf>
File: tiles/mahjong-Front.pdf Graphic file (type pdf)
<use tiles/mahjong-Front.pdf>
File: tiles/mahjong-2m.pdf Graphic file (type pdf)
<use tiles/mahjong-2m.pdf>
File: tiles/mahjong-Front.pdf Graphic file (type pdf)
<use tiles/mahjong-Front.pdf>
File: tiles/mahjong-1m.pdf Graphic file (type pdf)
<use tiles/mahjong-1m.pdf>
File: tiles/mahjong-Front.pdf Graphic file (type pdf)
<use tiles/mahjong-Front.pdf>
File: tiles/mahjong-3m.pdf Graphic file (type pdf)
<use tiles/mahjong-3m.pdf>
File: tiles/mahjong-Front.pdf Graphic file (type pdf)
<use tiles/mahjong-Front.pdf>
File: tiles/mahjong-1m.pdf Graphic file (type pdf)
<use tiles/mahjong-1m.pdf>
File: tiles/mahjong-Front.pdf Graphic file (type pdf)
<use tiles/mahjong-Front.pdf>
File: tiles/mahjong-1m.pdf Graphic file (type pdf)
<use tiles/mahjong-1m.pdf>
File: tiles/mahjong-Front.pdf Graphic file (type pdf)
<use tiles/mahjong-Front.pdf>
File: tiles/mahjong-3m.pdf Graphic file (type pdf)
<use tiles/mahjong-3m.pdf>
File: tiles/mahjong-Front.pdf Graphic file (type pdf)
<use tiles/mahjong-Front.pdf>
File: tiles/mahjong-1m.pdf Graphic file (type pdf)
<use tiles/mahjong-1m.pdf>
File: tiles/mahjong-Front.pdf Graphic file (type pdf)
<use tiles/mahjong-Front.pdf>
File: tiles/mahjong-2m.pdf Graphic file (type pdf)
<use tiles/mahjong-2m.pdf>
File: tiles/mahjong-Front.pdf Graphic file (type pdf)
<use tiles/mahjong-Front.pdf>
File: tiles/mahjong-1m.pdf Graphic file (type pdf)
<use tiles/mahjong-1m.pdf>
File: tiles/mahjong-Front.pdf Graphic file (type pdf)
<use tiles/mahjong-Front.pdf>
File: tiles/mahjong-3m.pdf Graphic file (type pdf)
<use tiles/mahjong-3m.pdf>
File: tiles/mahjong-Front.pdf Graphic file (type pdf)
<use tiles/mahjong-Front.pdf>
File: tiles/mahjong-5m.pdf Graphic file (type pdf)
<use tiles/mahjong-5m.pdf>
File: tiles/mahjong-Front.pdf Graphic file (type pdf)
<use tiles/mahjong-Front.pdf>
File: tiles/mahjong-2m.pdf Graphic file (type pdf)
<use tiles/mahjong-2m.pdf>
File: tiles/mahjong-Front.pdf Graphic file (type pdf)
<use tiles/mahjong-Front.pdf>
File: tiles/mahjong-4m.pdf Graphic file (type pdf)
<use tiles/mahjong-4m.pdf>
File: tiles/mahjong-Front.pdf Graphic file (type pdf)
<use tiles/mahjong-Front.pdf>
File: tiles/mahjong-2m.pdf Graphic file (type pdf)
<use tiles/mahjong-2m.pdf>
File: tiles/mahjong-Front.pdf Graphic file (type pdf)
<use tiles/mahjong-Front.pdf>
File: tiles/mahjong-2m.pdf Graphic file (type pdf)
<use tiles/mahjong-2m.pdf>
File: tiles/mahjong-Front.pdf Graphic file (type pdf)
<use tiles/mahjong-Front.pdf>
File: tiles/mahjong-3m.pdf Graphic file (type pdf)
<use tiles/mahjong-3m.pdf>
File: tiles/mahjong-Front.pdf Graphic file (type pdf)
<use tiles/mahjong-Front.pdf>
File: tiles/mahjong-1m.pdf Graphic file (type pdf)
<use tiles/mahjong-1m.pdf>
File: tiles/mahjong-Front.pdf Graphic file (type pdf)
<use tiles/mahjong-Front.pdf>
File: tiles/mahjong-2m.pdf Graphic file (type pdf)
<use tiles/mahjong-2m.pdf>
File: tiles/mahjong-Front.pdf Graphic file (type pdf)
<use tiles/mahjong-Front.pdf>
File: tiles/mahjong-4m.pdf Graphic file (type pdf)
<use tiles/mahjong-4m.pdf>

Package natbib Warning: Citation `gendai-complex1' on page 2 undefined on input
 line 139.


Package natbib Warning: Citation `gendai-complex2' on page 2 undefined on input
 line 139.

File: tiles/mahjong-Front.pdf Graphic file (type pdf)
<use tiles/mahjong-Front.pdf>
File: tiles/mahjong-1m.pdf Graphic file (type pdf)
<use tiles/mahjong-1m.pdf>
File: tiles/mahjong-Front.pdf Graphic file (type pdf)
<use tiles/mahjong-Front.pdf>
File: tiles/mahjong-2m.pdf Graphic file (type pdf)
<use tiles/mahjong-2m.pdf>
File: tiles/mahjong-Front.pdf Graphic file (type pdf)
<use tiles/mahjong-Front.pdf>
File: tiles/mahjong-3m.pdf Graphic file (type pdf)
<use tiles/mahjong-3m.pdf>
File: tiles/mahjong-Front.pdf Graphic file (type pdf)
<use tiles/mahjong-Front.pdf>
File: tiles/mahjong-3m.pdf Graphic file (type pdf)
<use tiles/mahjong-3m.pdf>
File: tiles/mahjong-Front.pdf Graphic file (type pdf)
<use tiles/mahjong-Front.pdf>
File: tiles/mahjong-4m.pdf Graphic file (type pdf)
<use tiles/mahjong-4m.pdf>
File: tiles/mahjong-Front.pdf Graphic file (type pdf)
<use tiles/mahjong-Front.pdf>
File: tiles/mahjong-5m.pdf Graphic file (type pdf)
<use tiles/mahjong-5m.pdf>
File: tiles/mahjong-Front.pdf Graphic file (type pdf)
<use tiles/mahjong-Front.pdf>
File: tiles/mahjong-7m.pdf Graphic file (type pdf)
<use tiles/mahjong-7m.pdf>
File: tiles/mahjong-Front.pdf Graphic file (type pdf)
<use tiles/mahjong-Front.pdf>
File: tiles/mahjong-8m.pdf Graphic file (type pdf)
<use tiles/mahjong-8m.pdf>
File: tiles/mahjong-Front.pdf Graphic file (type pdf)
<use tiles/mahjong-Front.pdf>
File: tiles/mahjong-2p.pdf Graphic file (type pdf)
<use tiles/mahjong-2p.pdf>
File: tiles/mahjong-Front.pdf Graphic file (type pdf)
<use tiles/mahjong-Front.pdf>
File: tiles/mahjong-3p.pdf Graphic file (type pdf)
<use tiles/mahjong-3p.pdf>
File: tiles/mahjong-Front.pdf Graphic file (type pdf)
<use tiles/mahjong-Front.pdf>
File: tiles/mahjong-3p.pdf Graphic file (type pdf)
<use tiles/mahjong-3p.pdf>
File: tiles/mahjong-Front.pdf Graphic file (type pdf)
<use tiles/mahjong-Front.pdf>
File: tiles/mahjong-4s.pdf Graphic file (type pdf)
<use tiles/mahjong-4s.pdf>
File: tiles/mahjong-Front.pdf Graphic file (type pdf)
<use tiles/mahjong-Front.pdf>
File: tiles/mahjong-6s.pdf Graphic file (type pdf)
<use tiles/mahjong-6s.pdf>
File: tiles/mahjong-Front.pdf Graphic file (type pdf)
<use tiles/mahjong-Front.pdf>
File: tiles/mahjong-6s.pdf Graphic file (type pdf)
<use tiles/mahjong-6s.pdf>
File: tiles/mahjong-Front.pdf Graphic file (type pdf)
<use tiles/mahjong-Front.pdf>
File: tiles/mahjong-2p.pdf Graphic file (type pdf)
<use tiles/mahjong-2p.pdf>
File: tiles/mahjong-Front.pdf Graphic file (type pdf)
<use tiles/mahjong-Front.pdf>
File: tiles/mahjong-3p.pdf Graphic file (type pdf)
<use tiles/mahjong-3p.pdf>
File: tiles/mahjong-Front.pdf Graphic file (type pdf)
<use tiles/mahjong-Front.pdf>
File: tiles/mahjong-3p.pdf Graphic file (type pdf)
<use tiles/mahjong-3p.pdf>
File: tiles/mahjong-Front.pdf Graphic file (type pdf)
<use tiles/mahjong-Front.pdf>
File: tiles/mahjong-4s.pdf Graphic file (type pdf)
<use tiles/mahjong-4s.pdf>
File: tiles/mahjong-Front.pdf Graphic file (type pdf)
<use tiles/mahjong-Front.pdf>
File: tiles/mahjong-6s.pdf Graphic file (type pdf)
<use tiles/mahjong-6s.pdf>
File: tiles/mahjong-Front.pdf Graphic file (type pdf)
<use tiles/mahjong-Front.pdf>
File: tiles/mahjong-6s.pdf Graphic file (type pdf)
<use tiles/mahjong-6s.pdf>
File: tiles/mahjong-Front.pdf Graphic file (type pdf)
<use tiles/mahjong-Front.pdf>
File: tiles/mahjong-2p.pdf Graphic file (type pdf)
<use tiles/mahjong-2p.pdf>
File: tiles/mahjong-Front.pdf Graphic file (type pdf)
<use tiles/mahjong-Front.pdf>
File: tiles/mahjong-4s.pdf Graphic file (type pdf)
<use tiles/mahjong-4s.pdf>
File: tiles/mahjong-Front.pdf Graphic file (type pdf)
<use tiles/mahjong-Front.pdf>
File: tiles/mahjong-4s.pdf Graphic file (type pdf)
<use tiles/mahjong-4s.pdf>
File: tiles/mahjong-Front.pdf Graphic file (type pdf)
<use tiles/mahjong-Front.pdf>
File: tiles/mahjong-2p.pdf Graphic file (type pdf)
<use tiles/mahjong-2p.pdf>
File: tiles/mahjong-Front.pdf Graphic file (type pdf)
<use tiles/mahjong-Front.pdf>
File: tiles/mahjong-4s.pdf Graphic file (type pdf)
<use tiles/mahjong-4s.pdf>
File: tiles/mahjong-Front.pdf Graphic file (type pdf)
<use tiles/mahjong-Front.pdf>
File: tiles/mahjong-6m.pdf Graphic file (type pdf)
<use tiles/mahjong-6m.pdf>
File: tiles/mahjong-Front.pdf Graphic file (type pdf)
<use tiles/mahjong-Front.pdf>
File: tiles/mahjong-9m.pdf Graphic file (type pdf)
<use tiles/mahjong-9m.pdf>
File: tiles/mahjong-Front.pdf Graphic file (type pdf)
<use tiles/mahjong-Front.pdf>
File: tiles/mahjong-1p.pdf Graphic file (type pdf)
<use tiles/mahjong-1p.pdf>
File: tiles/mahjong-Front.pdf Graphic file (type pdf)
<use tiles/mahjong-Front.pdf>
File: tiles/mahjong-3p.pdf Graphic file (type pdf)
<use tiles/mahjong-3p.pdf>
File: tiles/mahjong-Front.pdf Graphic file (type pdf)
<use tiles/mahjong-Front.pdf>
File: tiles/mahjong-4p.pdf Graphic file (type pdf)
<use tiles/mahjong-4p.pdf>
File: tiles/mahjong-Front.pdf Graphic file (type pdf)
<use tiles/mahjong-Front.pdf>
File: tiles/mahjong-6s.pdf Graphic file (type pdf)
<use tiles/mahjong-6s.pdf>
File: tiles/mahjong-Front.pdf Graphic file (type pdf)
<use tiles/mahjong-Front.pdf>
File: tiles/mahjong-2p.pdf Graphic file (type pdf)
<use tiles/mahjong-2p.pdf>
File: tiles/mahjong-Front.pdf Graphic file (type pdf)
<use tiles/mahjong-Front.pdf>
File: tiles/mahjong-6m.pdf Graphic file (type pdf)
<use tiles/mahjong-6m.pdf>
File: tiles/mahjong-Front.pdf Graphic file (type pdf)
<use tiles/mahjong-Front.pdf>
File: tiles/mahjong-9m.pdf Graphic file (type pdf)
<use tiles/mahjong-9m.pdf>
File: tiles/mahjong-Front.pdf Graphic file (type pdf)
<use tiles/mahjong-Front.pdf>
File: tiles/mahjong-3p.pdf Graphic file (type pdf)
<use tiles/mahjong-3p.pdf>
File: tiles/mahjong-Front.pdf Graphic file (type pdf)
<use tiles/mahjong-Front.pdf>
File: tiles/mahjong-5s.pdf Graphic file (type pdf)
<use tiles/mahjong-5s.pdf>
File: tiles/mahjong-Front.pdf Graphic file (type pdf)
<use tiles/mahjong-Front.pdf>
File: tiles/mahjong-6s.pdf Graphic file (type pdf)
<use tiles/mahjong-6s.pdf>
File: tiles/mahjong-Front.pdf Graphic file (type pdf)
<use tiles/mahjong-Front.pdf>
File: tiles/mahjong-1m.pdf Graphic file (type pdf)
<use tiles/mahjong-1m.pdf>
File: tiles/mahjong-Front.pdf Graphic file (type pdf)
<use tiles/mahjong-Front.pdf>
File: tiles/mahjong-2m.pdf Graphic file (type pdf)
<use tiles/mahjong-2m.pdf>
File: tiles/mahjong-Front.pdf Graphic file (type pdf)
<use tiles/mahjong-Front.pdf>
File: tiles/mahjong-3m.pdf Graphic file (type pdf)
<use tiles/mahjong-3m.pdf>
File: tiles/mahjong-Front.pdf Graphic file (type pdf)
<use tiles/mahjong-Front.pdf>
File: tiles/mahjong-3m.pdf Graphic file (type pdf)
<use tiles/mahjong-3m.pdf>
File: tiles/mahjong-Front.pdf Graphic file (type pdf)
<use tiles/mahjong-Front.pdf>
File: tiles/mahjong-4m.pdf Graphic file (type pdf)
<use tiles/mahjong-4m.pdf>
File: tiles/mahjong-Front.pdf Graphic file (type pdf)
<use tiles/mahjong-Front.pdf>
File: tiles/mahjong-5m.pdf Graphic file (type pdf)
<use tiles/mahjong-5m.pdf>
File: tiles/mahjong-Front.pdf Graphic file (type pdf)
<use tiles/mahjong-Front.pdf>
File: tiles/mahjong-8m.pdf Graphic file (type pdf)
<use tiles/mahjong-8m.pdf>
File: tiles/mahjong-Front.pdf Graphic file (type pdf)
<use tiles/mahjong-Front.pdf>
File: tiles/mahjong-8m.pdf Graphic file (type pdf)
<use tiles/mahjong-8m.pdf>
File: tiles/mahjong-Front.pdf Graphic file (type pdf)
<use tiles/mahjong-Front.pdf>
File: tiles/mahjong-2p.pdf Graphic file (type pdf)
<use tiles/mahjong-2p.pdf>
File: tiles/mahjong-Front.pdf Graphic file (type pdf)
<use tiles/mahjong-Front.pdf>
File: tiles/mahjong-3p.pdf Graphic file (type pdf)
<use tiles/mahjong-3p.pdf>
File: tiles/mahjong-Front.pdf Graphic file (type pdf)
<use tiles/mahjong-Front.pdf>
File: tiles/mahjong-3p.pdf Graphic file (type pdf)
<use tiles/mahjong-3p.pdf>
File: tiles/mahjong-Front.pdf Graphic file (type pdf)
<use tiles/mahjong-Front.pdf>
File: tiles/mahjong-4s.pdf Graphic file (type pdf)
<use tiles/mahjong-4s.pdf>
File: tiles/mahjong-Front.pdf Graphic file (type pdf)
<use tiles/mahjong-Front.pdf>
File: tiles/mahjong-6s.pdf Graphic file (type pdf)
<use tiles/mahjong-6s.pdf>
File: tiles/mahjong-Front.pdf Graphic file (type pdf)
<use tiles/mahjong-Front.pdf>
File: tiles/mahjong-6s.pdf Graphic file (type pdf)
<use tiles/mahjong-6s.pdf>
File: tiles/mahjong-Front.pdf Graphic file (type pdf)
<use tiles/mahjong-Front.pdf>
File: tiles/mahjong-3p.pdf Graphic file (type pdf)
<use tiles/mahjong-3p.pdf>
File: tiles/mahjong-Front.pdf Graphic file (type pdf)
<use tiles/mahjong-Front.pdf>
File: tiles/mahjong-6s.pdf Graphic file (type pdf)
<use tiles/mahjong-6s.pdf>
File: tiles/mahjong-Front.pdf Graphic file (type pdf)
<use tiles/mahjong-Front.pdf>
File: tiles/mahjong-3p.pdf Graphic file (type pdf)
<use tiles/mahjong-3p.pdf>
File: tiles/mahjong-Front.pdf Graphic file (type pdf)
<use tiles/mahjong-Front.pdf>
File: tiles/mahjong-3p.pdf Graphic file (type pdf)
<use tiles/mahjong-3p.pdf>
File: tiles/mahjong-Front.pdf Graphic file (type pdf)
<use tiles/mahjong-Front.pdf>
File: tiles/mahjong-8m.pdf Graphic file (type pdf)
<use tiles/mahjong-8m.pdf>
File: tiles/mahjong-Front.pdf Graphic file (type pdf)
<use tiles/mahjong-Front.pdf>
File: tiles/mahjong-5s.pdf Graphic file (type pdf)
<use tiles/mahjong-5s.pdf>
File: tiles/mahjong-Front.pdf Graphic file (type pdf)
<use tiles/mahjong-Front.pdf>
File: tiles/mahjong-6s.pdf Graphic file (type pdf)
<use tiles/mahjong-6s.pdf>
File: tiles/mahjong-Front.pdf Graphic file (type pdf)
<use tiles/mahjong-Front.pdf>
File: tiles/mahjong-6s.pdf Graphic file (type pdf)
<use tiles/mahjong-6s.pdf>
File: tiles/mahjong-Front.pdf Graphic file (type pdf)
<use tiles/mahjong-Front.pdf>
File: tiles/mahjong-5s.pdf Graphic file (type pdf)
<use tiles/mahjong-5s.pdf>
File: tiles/mahjong-Front.pdf Graphic file (type pdf)
<use tiles/mahjong-Front.pdf>
File: tiles/mahjong-1m.pdf Graphic file (type pdf)
<use tiles/mahjong-1m.pdf>
File: tiles/mahjong-Front.pdf Graphic file (type pdf)
<use tiles/mahjong-Front.pdf>
File: tiles/mahjong-2m.pdf Graphic file (type pdf)
<use tiles/mahjong-2m.pdf>
File: tiles/mahjong-Front.pdf Graphic file (type pdf)
<use tiles/mahjong-Front.pdf>
File: tiles/mahjong-3m.pdf Graphic file (type pdf)
<use tiles/mahjong-3m.pdf>
File: tiles/mahjong-Front.pdf Graphic file (type pdf)
<use tiles/mahjong-Front.pdf>
File: tiles/mahjong-3m.pdf Graphic file (type pdf)
<use tiles/mahjong-3m.pdf>
File: tiles/mahjong-Front.pdf Graphic file (type pdf)
<use tiles/mahjong-Front.pdf>
File: tiles/mahjong-4m.pdf Graphic file (type pdf)
<use tiles/mahjong-4m.pdf>
File: tiles/mahjong-Front.pdf Graphic file (type pdf)
<use tiles/mahjong-Front.pdf>
File: tiles/mahjong-5m.pdf Graphic file (type pdf)
<use tiles/mahjong-5m.pdf>
File: tiles/mahjong-Front.pdf Graphic file (type pdf)
<use tiles/mahjong-Front.pdf>
File: tiles/mahjong-8m.pdf Graphic file (type pdf)
<use tiles/mahjong-8m.pdf>
File: tiles/mahjong-Front.pdf Graphic file (type pdf)
<use tiles/mahjong-Front.pdf>
File: tiles/mahjong-8m.pdf Graphic file (type pdf)
<use tiles/mahjong-8m.pdf>
File: tiles/mahjong-Front.pdf Graphic file (type pdf)
<use tiles/mahjong-Front.pdf>
File: tiles/mahjong-1p.pdf Graphic file (type pdf)
<use tiles/mahjong-1p.pdf>
File: tiles/mahjong-Front.pdf Graphic file (type pdf)
<use tiles/mahjong-Front.pdf>
File: tiles/mahjong-3p.pdf Graphic file (type pdf)
<use tiles/mahjong-3p.pdf>
File: tiles/mahjong-Front.pdf Graphic file (type pdf)
<use tiles/mahjong-Front.pdf>
File: tiles/mahjong-3p.pdf Graphic file (type pdf)
<use tiles/mahjong-3p.pdf>
File: tiles/mahjong-Front.pdf Graphic file (type pdf)
<use tiles/mahjong-Front.pdf>
File: tiles/mahjong-4s.pdf Graphic file (type pdf)
<use tiles/mahjong-4s.pdf>
File: tiles/mahjong-Front.pdf Graphic file (type pdf)
<use tiles/mahjong-Front.pdf>
File: tiles/mahjong-6s.pdf Graphic file (type pdf)
<use tiles/mahjong-6s.pdf>
File: tiles/mahjong-Front.pdf Graphic file (type pdf)
<use tiles/mahjong-Front.pdf>
File: tiles/mahjong-6s.pdf Graphic file (type pdf)
<use tiles/mahjong-6s.pdf>
File: tiles/mahjong-Front.pdf Graphic file (type pdf)
<use tiles/mahjong-Front.pdf>
File: tiles/mahjong-6s.pdf Graphic file (type pdf)
<use tiles/mahjong-6s.pdf>
File: tiles/mahjong-Front.pdf Graphic file (type pdf)
<use tiles/mahjong-Front.pdf>
File: tiles/mahjong-3s.pdf Graphic file (type pdf)
<use tiles/mahjong-3s.pdf>
File: tiles/mahjong-Front.pdf Graphic file (type pdf)
<use tiles/mahjong-Front.pdf>
File: tiles/mahjong-7s.pdf Graphic file (type pdf)
<use tiles/mahjong-7s.pdf>
File: tiles/mahjong-Front.pdf Graphic file (type pdf)
<use tiles/mahjong-Front.pdf>
File: tiles/mahjong-1m.pdf Graphic file (type pdf)
<use tiles/mahjong-1m.pdf>
File: tiles/mahjong-Front.pdf Graphic file (type pdf)
<use tiles/mahjong-Front.pdf>
File: tiles/mahjong-2m.pdf Graphic file (type pdf)
<use tiles/mahjong-2m.pdf>
File: tiles/mahjong-Front.pdf Graphic file (type pdf)
<use tiles/mahjong-Front.pdf>
File: tiles/mahjong-3m.pdf Graphic file (type pdf)
<use tiles/mahjong-3m.pdf>
File: tiles/mahjong-Front.pdf Graphic file (type pdf)
<use tiles/mahjong-Front.pdf>
File: tiles/mahjong-3m.pdf Graphic file (type pdf)
<use tiles/mahjong-3m.pdf>
File: tiles/mahjong-Front.pdf Graphic file (type pdf)
<use tiles/mahjong-Front.pdf>
File: tiles/mahjong-4m.pdf Graphic file (type pdf)
<use tiles/mahjong-4m.pdf>
File: tiles/mahjong-Front.pdf Graphic file (type pdf)
<use tiles/mahjong-Front.pdf>
File: tiles/mahjong-5m.pdf Graphic file (type pdf)
<use tiles/mahjong-5m.pdf>
File: tiles/mahjong-Front.pdf Graphic file (type pdf)
<use tiles/mahjong-Front.pdf>
File: tiles/mahjong-1p.pdf Graphic file (type pdf)
<use tiles/mahjong-1p.pdf>
File: tiles/mahjong-Front.pdf Graphic file (type pdf)
<use tiles/mahjong-Front.pdf>
File: tiles/mahjong-1p.pdf Graphic file (type pdf)
<use tiles/mahjong-1p.pdf>
File: tiles/mahjong-Front.pdf Graphic file (type pdf)
<use tiles/mahjong-Front.pdf>
File: tiles/mahjong-3p.pdf Graphic file (type pdf)
<use tiles/mahjong-3p.pdf>
File: tiles/mahjong-Front.pdf Graphic file (type pdf)
<use tiles/mahjong-Front.pdf>
File: tiles/mahjong-6p.pdf Graphic file (type pdf)
<use tiles/mahjong-6p.pdf>
File: tiles/mahjong-Front.pdf Graphic file (type pdf)
<use tiles/mahjong-Front.pdf>
File: tiles/mahjong-6p.pdf Graphic file (type pdf)
<use tiles/mahjong-6p.pdf>
File: tiles/mahjong-Front.pdf Graphic file (type pdf)
<use tiles/mahjong-Front.pdf>
File: tiles/mahjong-8s.pdf Graphic file (type pdf)
<use tiles/mahjong-8s.pdf>
File: tiles/mahjong-Front.pdf Graphic file (type pdf)
<use tiles/mahjong-Front.pdf>
File: tiles/mahjong-9s.pdf Graphic file (type pdf)
<use tiles/mahjong-9s.pdf>
File: tiles/mahjong-Front.pdf Graphic file (type pdf)
<use tiles/mahjong-Front.pdf>
File: tiles/mahjong-9s.pdf Graphic file (type pdf)
<use tiles/mahjong-9s.pdf>
File: tiles/mahjong-Front.pdf Graphic file (type pdf)
<use tiles/mahjong-Front.pdf>
File: tiles/mahjong-8s.pdf Graphic file (type pdf)
<use tiles/mahjong-8s.pdf>
File: tiles/mahjong-Front.pdf Graphic file (type pdf)
<use tiles/mahjong-Front.pdf>
File: tiles/mahjong-1m.pdf Graphic file (type pdf)
<use tiles/mahjong-1m.pdf>
File: tiles/mahjong-Front.pdf Graphic file (type pdf)
<use tiles/mahjong-Front.pdf>
File: tiles/mahjong-2m.pdf Graphic file (type pdf)
<use tiles/mahjong-2m.pdf>
File: tiles/mahjong-Front.pdf Graphic file (type pdf)
<use tiles/mahjong-Front.pdf>
File: tiles/mahjong-3m.pdf Graphic file (type pdf)
<use tiles/mahjong-3m.pdf>
File: tiles/mahjong-Front.pdf Graphic file (type pdf)
<use tiles/mahjong-Front.pdf>
File: tiles/mahjong-7m.pdf Graphic file (type pdf)
<use tiles/mahjong-7m.pdf>
File: tiles/mahjong-Front.pdf Graphic file (type pdf)
<use tiles/mahjong-Front.pdf>
File: tiles/mahjong-8m.pdf Graphic file (type pdf)
<use tiles/mahjong-8m.pdf>
File: tiles/mahjong-Front.pdf Graphic file (type pdf)
<use tiles/mahjong-Front.pdf>
File: tiles/mahjong-1p.pdf Graphic file (type pdf)
<use tiles/mahjong-1p.pdf>
File: tiles/mahjong-Front.pdf Graphic file (type pdf)
<use tiles/mahjong-Front.pdf>
File: tiles/mahjong-1p.pdf Graphic file (type pdf)
<use tiles/mahjong-1p.pdf>
File: tiles/mahjong-Front.pdf Graphic file (type pdf)
<use tiles/mahjong-Front.pdf>
File: tiles/mahjong-3p.pdf Graphic file (type pdf)
<use tiles/mahjong-3p.pdf>
File: tiles/mahjong-Front.pdf Graphic file (type pdf)
<use tiles/mahjong-Front.pdf>
File: tiles/mahjong-6p.pdf Graphic file (type pdf)
<use tiles/mahjong-6p.pdf>
File: tiles/mahjong-Front.pdf Graphic file (type pdf)
<use tiles/mahjong-Front.pdf>
File: tiles/mahjong-6p.pdf Graphic file (type pdf)
<use tiles/mahjong-6p.pdf>
File: tiles/mahjong-Front.pdf Graphic file (type pdf)
<use tiles/mahjong-Front.pdf>
File: tiles/mahjong-8p.pdf Graphic file (type pdf)
<use tiles/mahjong-8p.pdf>
File: tiles/mahjong-Front.pdf Graphic file (type pdf)
<use tiles/mahjong-Front.pdf>
File: tiles/mahjong-8s.pdf Graphic file (type pdf)
<use tiles/mahjong-8s.pdf>
File: tiles/mahjong-Front.pdf Graphic file (type pdf)
<use tiles/mahjong-Front.pdf>
File: tiles/mahjong-9s.pdf Graphic file (type pdf)
<use tiles/mahjong-9s.pdf>
File: tiles/mahjong-Front.pdf Graphic file (type pdf)
<use tiles/mahjong-Front.pdf>
File: tiles/mahjong-9s.pdf Graphic file (type pdf)
<use tiles/mahjong-9s.pdf>
File: tiles/mahjong-Front.pdf Graphic file (type pdf)
<use tiles/mahjong-Front.pdf>
File: tiles/mahjong-1m.pdf Graphic file (type pdf)
<use tiles/mahjong-1m.pdf>
File: tiles/mahjong-Front.pdf Graphic file (type pdf)
<use tiles/mahjong-Front.pdf>
File: tiles/mahjong-2m.pdf Graphic file (type pdf)
<use tiles/mahjong-2m.pdf>
File: tiles/mahjong-Front.pdf Graphic file (type pdf)
<use tiles/mahjong-Front.pdf>
File: tiles/mahjong-3m.pdf Graphic file (type pdf)
<use tiles/mahjong-3m.pdf>
File: tiles/mahjong-Front.pdf Graphic file (type pdf)
<use tiles/mahjong-Front.pdf>
File: tiles/mahjong-7m.pdf Graphic file (type pdf)
<use tiles/mahjong-7m.pdf>
File: tiles/mahjong-Front.pdf Graphic file (type pdf)
<use tiles/mahjong-Front.pdf>
File: tiles/mahjong-8m.pdf Graphic file (type pdf)
<use tiles/mahjong-8m.pdf>
File: tiles/mahjong-Front.pdf Graphic file (type pdf)
<use tiles/mahjong-Front.pdf>
File: tiles/mahjong-1p.pdf Graphic file (type pdf)
<use tiles/mahjong-1p.pdf>
File: tiles/mahjong-Front.pdf Graphic file (type pdf)
<use tiles/mahjong-Front.pdf>
File: tiles/mahjong-1p.pdf Graphic file (type pdf)
<use tiles/mahjong-1p.pdf>
File: tiles/mahjong-Front.pdf Graphic file (type pdf)
<use tiles/mahjong-Front.pdf>
File: tiles/mahjong-3p.pdf Graphic file (type pdf)
<use tiles/mahjong-3p.pdf>
File: tiles/mahjong-Front.pdf Graphic file (type pdf)
<use tiles/mahjong-Front.pdf>
File: tiles/mahjong-6p.pdf Graphic file (type pdf)
<use tiles/mahjong-6p.pdf>
File: tiles/mahjong-Front.pdf Graphic file (type pdf)
<use tiles/mahjong-Front.pdf>
File: tiles/mahjong-7p.pdf Graphic file (type pdf)
<use tiles/mahjong-7p.pdf>
File: tiles/mahjong-Front.pdf Graphic file (type pdf)
<use tiles/mahjong-Front.pdf>
File: tiles/mahjong-8p.pdf Graphic file (type pdf)
<use tiles/mahjong-8p.pdf>
File: tiles/mahjong-Front.pdf Graphic file (type pdf)
<use tiles/mahjong-Front.pdf>
File: tiles/mahjong-9s.pdf Graphic file (type pdf)
<use tiles/mahjong-9s.pdf>
File: tiles/mahjong-Front.pdf Graphic file (type pdf)
<use tiles/mahjong-Front.pdf>
File: tiles/mahjong-9s.pdf Graphic file (type pdf)
<use tiles/mahjong-9s.pdf>
[2]
File: tiles/mahjong-Front.pdf Graphic file (type pdf)
<use tiles/mahjong-Front.pdf>
File: tiles/mahjong-1m.pdf Graphic file (type pdf)
<use tiles/mahjong-1m.pdf>
File: tiles/mahjong-Front.pdf Graphic file (type pdf)
<use tiles/mahjong-Front.pdf>
File: tiles/mahjong-2m.pdf Graphic file (type pdf)
<use tiles/mahjong-2m.pdf>
File: tiles/mahjong-Front.pdf Graphic file (type pdf)
<use tiles/mahjong-Front.pdf>
File: tiles/mahjong-3m.pdf Graphic file (type pdf)
<use tiles/mahjong-3m.pdf>
File: tiles/mahjong-Front.pdf Graphic file (type pdf)
<use tiles/mahjong-Front.pdf>
File: tiles/mahjong-7m.pdf Graphic file (type pdf)
<use tiles/mahjong-7m.pdf>
File: tiles/mahjong-Front.pdf Graphic file (type pdf)
<use tiles/mahjong-Front.pdf>
File: tiles/mahjong-8m.pdf Graphic file (type pdf)
<use tiles/mahjong-8m.pdf>
File: tiles/mahjong-Front.pdf Graphic file (type pdf)
<use tiles/mahjong-Front.pdf>
File: tiles/mahjong-1p.pdf Graphic file (type pdf)
<use tiles/mahjong-1p.pdf>
File: tiles/mahjong-Front.pdf Graphic file (type pdf)
<use tiles/mahjong-Front.pdf>
File: tiles/mahjong-1p.pdf Graphic file (type pdf)
<use tiles/mahjong-1p.pdf>
File: tiles/mahjong-Front.pdf Graphic file (type pdf)
<use tiles/mahjong-Front.pdf>
File: tiles/mahjong-3p.pdf Graphic file (type pdf)
<use tiles/mahjong-3p.pdf>
File: tiles/mahjong-Front.pdf Graphic file (type pdf)
<use tiles/mahjong-Front.pdf>
File: tiles/mahjong-6p.pdf Graphic file (type pdf)
<use tiles/mahjong-6p.pdf>
File: tiles/mahjong-Front.pdf Graphic file (type pdf)
<use tiles/mahjong-Front.pdf>
File: tiles/mahjong-7p.pdf Graphic file (type pdf)
<use tiles/mahjong-7p.pdf>
File: tiles/mahjong-Front.pdf Graphic file (type pdf)
<use tiles/mahjong-Front.pdf>
File: tiles/mahjong-8p.pdf Graphic file (type pdf)
<use tiles/mahjong-8p.pdf>
File: tiles/mahjong-Front.pdf Graphic file (type pdf)
<use tiles/mahjong-Front.pdf>
File: tiles/mahjong-8s.pdf Graphic file (type pdf)
<use tiles/mahjong-8s.pdf>
File: tiles/mahjong-Front.pdf Graphic file (type pdf)
<use tiles/mahjong-Front.pdf>
File: tiles/mahjong-9s.pdf Graphic file (type pdf)
<use tiles/mahjong-9s.pdf>
File: tiles/mahjong-Front.pdf Graphic file (type pdf)
<use tiles/mahjong-Front.pdf>
File: tiles/mahjong-8s.pdf Graphic file (type pdf)
<use tiles/mahjong-8s.pdf>
File: tiles/mahjong-Front.pdf Graphic file (type pdf)
<use tiles/mahjong-Front.pdf>
File: tiles/mahjong-9s.pdf Graphic file (type pdf)
<use tiles/mahjong-9s.pdf>
File: tiles/mahjong-Front.pdf Graphic file (type pdf)
<use tiles/mahjong-Front.pdf>
File: tiles/mahjong-9s.pdf Graphic file (type pdf)
<use tiles/mahjong-9s.pdf>
File: tiles/mahjong-Front.pdf Graphic file (type pdf)
<use tiles/mahjong-Front.pdf>
File: tiles/mahjong-8s.pdf Graphic file (type pdf)
<use tiles/mahjong-8s.pdf>
File: tiles/mahjong-Front.pdf Graphic file (type pdf)
<use tiles/mahjong-Front.pdf>
File: tiles/mahjong-7p.pdf Graphic file (type pdf)
<use tiles/mahjong-7p.pdf>
File: tiles/mahjong-Front.pdf Graphic file (type pdf)
<use tiles/mahjong-Front.pdf>
File: tiles/mahjong-8s.pdf Graphic file (type pdf)
<use tiles/mahjong-8s.pdf>
File: tiles/mahjong-Front.pdf Graphic file (type pdf)
<use tiles/mahjong-Front.pdf>
File: tiles/mahjong-6m.pdf Graphic file (type pdf)
<use tiles/mahjong-6m.pdf>
File: tiles/mahjong-Front.pdf Graphic file (type pdf)
<use tiles/mahjong-Front.pdf>
File: tiles/mahjong-9m.pdf Graphic file (type pdf)
<use tiles/mahjong-9m.pdf>
File: tiles/mahjong-Front.pdf Graphic file (type pdf)
<use tiles/mahjong-Front.pdf>
File: tiles/mahjong-1p.pdf Graphic file (type pdf)
<use tiles/mahjong-1p.pdf>
File: tiles/mahjong-Front.pdf Graphic file (type pdf)
<use tiles/mahjong-Front.pdf>
File: tiles/mahjong-2p.pdf Graphic file (type pdf)
<use tiles/mahjong-2p.pdf>
File: tiles/mahjong-Front.pdf Graphic file (type pdf)
<use tiles/mahjong-Front.pdf>
File: tiles/mahjong-6p.pdf Graphic file (type pdf)
<use tiles/mahjong-6p.pdf>
File: tiles/mahjong-Front.pdf Graphic file (type pdf)
<use tiles/mahjong-Front.pdf>
File: tiles/mahjong-7p.pdf Graphic file (type pdf)
<use tiles/mahjong-7p.pdf>
File: tiles/mahjong-Front.pdf Graphic file (type pdf)
<use tiles/mahjong-Front.pdf>
File: tiles/mahjong-9s.pdf Graphic file (type pdf)
<use tiles/mahjong-9s.pdf>
File: tiles/mahjong-Front.pdf Graphic file (type pdf)
<use tiles/mahjong-Front.pdf>
File: tiles/mahjong-9s.pdf Graphic file (type pdf)
<use tiles/mahjong-9s.pdf>
File: tiles/mahjong-Front.pdf Graphic file (type pdf)
<use tiles/mahjong-Front.pdf>
File: tiles/mahjong-6m.pdf Graphic file (type pdf)
<use tiles/mahjong-6m.pdf>
File: tiles/mahjong-Front.pdf Graphic file (type pdf)
<use tiles/mahjong-Front.pdf>
File: tiles/mahjong-9m.pdf Graphic file (type pdf)
<use tiles/mahjong-9m.pdf>
File: tiles/mahjong-Front.pdf Graphic file (type pdf)
<use tiles/mahjong-Front.pdf>
File: tiles/mahjong-1p.pdf Graphic file (type pdf)
<use tiles/mahjong-1p.pdf>
File: tiles/mahjong-Front.pdf Graphic file (type pdf)
<use tiles/mahjong-Front.pdf>
File: tiles/mahjong-2p.pdf Graphic file (type pdf)
<use tiles/mahjong-2p.pdf>
File: tiles/mahjong-Front.pdf Graphic file (type pdf)
<use tiles/mahjong-Front.pdf>
File: tiles/mahjong-6p.pdf Graphic file (type pdf)
<use tiles/mahjong-6p.pdf>
File: tiles/mahjong-Front.pdf Graphic file (type pdf)
<use tiles/mahjong-Front.pdf>
File: tiles/mahjong-7p.pdf Graphic file (type pdf)
<use tiles/mahjong-7p.pdf>
File: tiles/mahjong-Front.pdf Graphic file (type pdf)
<use tiles/mahjong-Front.pdf>
File: tiles/mahjong-7s.pdf Graphic file (type pdf)
<use tiles/mahjong-7s.pdf>
File: tiles/mahjong-Front.pdf Graphic file (type pdf)
<use tiles/mahjong-Front.pdf>
File: tiles/mahjong-6m.pdf Graphic file (type pdf)
<use tiles/mahjong-6m.pdf>
File: tiles/mahjong-Front.pdf Graphic file (type pdf)
<use tiles/mahjong-Front.pdf>
File: tiles/mahjong-9m.pdf Graphic file (type pdf)
<use tiles/mahjong-9m.pdf>
File: tiles/mahjong-Front.pdf Graphic file (type pdf)
<use tiles/mahjong-Front.pdf>
File: tiles/mahjong-1p.pdf Graphic file (type pdf)
<use tiles/mahjong-1p.pdf>
File: tiles/mahjong-Front.pdf Graphic file (type pdf)
<use tiles/mahjong-Front.pdf>
File: tiles/mahjong-2p.pdf Graphic file (type pdf)
<use tiles/mahjong-2p.pdf>
File: tiles/mahjong-Front.pdf Graphic file (type pdf)
<use tiles/mahjong-Front.pdf>
File: tiles/mahjong-9s.pdf Graphic file (type pdf)
<use tiles/mahjong-9s.pdf>
File: tiles/mahjong-Front.pdf Graphic file (type pdf)
<use tiles/mahjong-Front.pdf>
File: tiles/mahjong-6m.pdf Graphic file (type pdf)
<use tiles/mahjong-6m.pdf>
File: tiles/mahjong-Front.pdf Graphic file (type pdf)
<use tiles/mahjong-Front.pdf>
File: tiles/mahjong-9m.pdf Graphic file (type pdf)
<use tiles/mahjong-9m.pdf>
File: tiles/mahjong-Front.pdf Graphic file (type pdf)
<use tiles/mahjong-Front.pdf>
File: tiles/mahjong-7s.pdf Graphic file (type pdf)
<use tiles/mahjong-7s.pdf>
File: tiles/mahjong-Front.pdf Graphic file (type pdf)
<use tiles/mahjong-Front.pdf>
File: tiles/mahjong-6p.pdf Graphic file (type pdf)
<use tiles/mahjong-6p.pdf>
File: tiles/mahjong-Front.pdf Graphic file (type pdf)
<use tiles/mahjong-Front.pdf>
File: tiles/mahjong-6p.pdf Graphic file (type pdf)
<use tiles/mahjong-6p.pdf>
File: tiles/mahjong-Front.pdf Graphic file (type pdf)
<use tiles/mahjong-Front.pdf>
File: tiles/mahjong-8p.pdf Graphic file (type pdf)
<use tiles/mahjong-8p.pdf>
File: tiles/mahjong-Front.pdf Graphic file (type pdf)
<use tiles/mahjong-Front.pdf>
File: tiles/mahjong-6p.pdf Graphic file (type pdf)
<use tiles/mahjong-6p.pdf>
File: tiles/mahjong-Front.pdf Graphic file (type pdf)
<use tiles/mahjong-Front.pdf>
File: tiles/mahjong-6p.pdf Graphic file (type pdf)
<use tiles/mahjong-6p.pdf>
File: tiles/mahjong-Front.pdf Graphic file (type pdf)
<use tiles/mahjong-Front.pdf>
File: tiles/mahjong-8p.pdf Graphic file (type pdf)
<use tiles/mahjong-8p.pdf>
File: tiles/mahjong-Front.pdf Graphic file (type pdf)
<use tiles/mahjong-Front.pdf>
File: tiles/mahjong-1m.pdf Graphic file (type pdf)
<use tiles/mahjong-1m.pdf>
File: tiles/mahjong-Front.pdf Graphic file (type pdf)
<use tiles/mahjong-Front.pdf>
File: tiles/mahjong-2m.pdf Graphic file (type pdf)
<use tiles/mahjong-2m.pdf>
File: tiles/mahjong-Front.pdf Graphic file (type pdf)
<use tiles/mahjong-Front.pdf>
File: tiles/mahjong-3m.pdf Graphic file (type pdf)
<use tiles/mahjong-3m.pdf>
File: tiles/mahjong-Front.pdf Graphic file (type pdf)
<use tiles/mahjong-Front.pdf>
File: tiles/mahjong-7m.pdf Graphic file (type pdf)
<use tiles/mahjong-7m.pdf>
File: tiles/mahjong-Front.pdf Graphic file (type pdf)
<use tiles/mahjong-Front.pdf>
File: tiles/mahjong-8m.pdf Graphic file (type pdf)
<use tiles/mahjong-8m.pdf>
File: tiles/mahjong-Front.pdf Graphic file (type pdf)
<use tiles/mahjong-Front.pdf>
File: tiles/mahjong-2p.pdf Graphic file (type pdf)
<use tiles/mahjong-2p.pdf>
File: tiles/mahjong-Front.pdf Graphic file (type pdf)
<use tiles/mahjong-Front.pdf>
File: tiles/mahjong-2p.pdf Graphic file (type pdf)
<use tiles/mahjong-2p.pdf>
File: tiles/mahjong-Front.pdf Graphic file (type pdf)
<use tiles/mahjong-Front.pdf>
File: tiles/mahjong-3p.pdf Graphic file (type pdf)
<use tiles/mahjong-3p.pdf>
File: tiles/mahjong-Front.pdf Graphic file (type pdf)
<use tiles/mahjong-Front.pdf>
File: tiles/mahjong-6p.pdf Graphic file (type pdf)
<use tiles/mahjong-6p.pdf>
File: tiles/mahjong-Front.pdf Graphic file (type pdf)
<use tiles/mahjong-Front.pdf>
File: tiles/mahjong-6p.pdf Graphic file (type pdf)
<use tiles/mahjong-6p.pdf>
File: tiles/mahjong-Front.pdf Graphic file (type pdf)
<use tiles/mahjong-Front.pdf>
File: tiles/mahjong-8p.pdf Graphic file (type pdf)
<use tiles/mahjong-8p.pdf>
File: tiles/mahjong-Front.pdf Graphic file (type pdf)
<use tiles/mahjong-Front.pdf>
File: tiles/mahjong-8s.pdf Graphic file (type pdf)
<use tiles/mahjong-8s.pdf>
File: tiles/mahjong-Front.pdf Graphic file (type pdf)
<use tiles/mahjong-Front.pdf>
File: tiles/mahjong-9s.pdf Graphic file (type pdf)
<use tiles/mahjong-9s.pdf>
File: tiles/mahjong-Front.pdf Graphic file (type pdf)
<use tiles/mahjong-Front.pdf>
File: tiles/mahjong-9s.pdf Graphic file (type pdf)
<use tiles/mahjong-9s.pdf>
File: tiles/mahjong-Front.pdf Graphic file (type pdf)
<use tiles/mahjong-Front.pdf>
File: tiles/mahjong-2p.pdf Graphic file (type pdf)
<use tiles/mahjong-2p.pdf>
File: tiles/mahjong-Front.pdf Graphic file (type pdf)
<use tiles/mahjong-Front.pdf>
File: tiles/mahjong-6p.pdf Graphic file (type pdf)
<use tiles/mahjong-6p.pdf>
File: tiles/mahjong-Front.pdf Graphic file (type pdf)
<use tiles/mahjong-Front.pdf>
File: tiles/mahjong-9s.pdf Graphic file (type pdf)
<use tiles/mahjong-9s.pdf>
File: tiles/mahjong-Front.pdf Graphic file (type pdf)
<use tiles/mahjong-Front.pdf>
File: tiles/mahjong-2p.pdf Graphic file (type pdf)
<use tiles/mahjong-2p.pdf>
File: tiles/mahjong-Front.pdf Graphic file (type pdf)
<use tiles/mahjong-Front.pdf>
File: tiles/mahjong-2p.pdf Graphic file (type pdf)
<use tiles/mahjong-2p.pdf>
File: tiles/mahjong-Front.pdf Graphic file (type pdf)
<use tiles/mahjong-Front.pdf>
File: tiles/mahjong-5p.pdf Graphic file (type pdf)
<use tiles/mahjong-5p.pdf>
File: tiles/mahjong-Front.pdf Graphic file (type pdf)
<use tiles/mahjong-Front.pdf>
File: tiles/mahjong-6p.pdf Graphic file (type pdf)
<use tiles/mahjong-6p.pdf>
File: tiles/mahjong-Front.pdf Graphic file (type pdf)
<use tiles/mahjong-Front.pdf>
File: tiles/mahjong-8p.pdf Graphic file (type pdf)
<use tiles/mahjong-8p.pdf>
File: tiles/mahjong-Front.pdf Graphic file (type pdf)
<use tiles/mahjong-Front.pdf>
File: tiles/mahjong-7s.pdf Graphic file (type pdf)
<use tiles/mahjong-7s.pdf>
File: tiles/mahjong-Front.pdf Graphic file (type pdf)
<use tiles/mahjong-Front.pdf>
File: tiles/mahjong-9s.pdf Graphic file (type pdf)
<use tiles/mahjong-9s.pdf>
File: tiles/mahjong-Front.pdf Graphic file (type pdf)
<use tiles/mahjong-Front.pdf>
File: tiles/mahjong-8s.pdf Graphic file (type pdf)
<use tiles/mahjong-8s.pdf>
File: tiles/mahjong-Front.pdf Graphic file (type pdf)
<use tiles/mahjong-Front.pdf>
File: tiles/mahjong-1m.pdf Graphic file (type pdf)
<use tiles/mahjong-1m.pdf>
File: tiles/mahjong-Front.pdf Graphic file (type pdf)
<use tiles/mahjong-Front.pdf>
File: tiles/mahjong-2m.pdf Graphic file (type pdf)
<use tiles/mahjong-2m.pdf>
File: tiles/mahjong-Front.pdf Graphic file (type pdf)
<use tiles/mahjong-Front.pdf>
File: tiles/mahjong-3m.pdf Graphic file (type pdf)
<use tiles/mahjong-3m.pdf>
File: tiles/mahjong-Front.pdf Graphic file (type pdf)
<use tiles/mahjong-Front.pdf>
File: tiles/mahjong-7m.pdf Graphic file (type pdf)
<use tiles/mahjong-7m.pdf>
File: tiles/mahjong-Front.pdf Graphic file (type pdf)
<use tiles/mahjong-Front.pdf>
File: tiles/mahjong-8m.pdf Graphic file (type pdf)
<use tiles/mahjong-8m.pdf>
File: tiles/mahjong-Front.pdf Graphic file (type pdf)
<use tiles/mahjong-Front.pdf>
File: tiles/mahjong-2p.pdf Graphic file (type pdf)
<use tiles/mahjong-2p.pdf>
File: tiles/mahjong-Front.pdf Graphic file (type pdf)
<use tiles/mahjong-Front.pdf>
File: tiles/mahjong-2p.pdf Graphic file (type pdf)
<use tiles/mahjong-2p.pdf>
File: tiles/mahjong-Front.pdf Graphic file (type pdf)
<use tiles/mahjong-Front.pdf>
File: tiles/mahjong-3p.pdf Graphic file (type pdf)
<use tiles/mahjong-3p.pdf>
File: tiles/mahjong-Front.pdf Graphic file (type pdf)
<use tiles/mahjong-Front.pdf>
File: tiles/mahjong-6p.pdf Graphic file (type pdf)
<use tiles/mahjong-6p.pdf>
File: tiles/mahjong-Front.pdf Graphic file (type pdf)
<use tiles/mahjong-Front.pdf>
File: tiles/mahjong-7p.pdf Graphic file (type pdf)
<use tiles/mahjong-7p.pdf>
File: tiles/mahjong-Front.pdf Graphic file (type pdf)
<use tiles/mahjong-Front.pdf>
File: tiles/mahjong-7p.pdf Graphic file (type pdf)
<use tiles/mahjong-7p.pdf>
File: tiles/mahjong-Front.pdf Graphic file (type pdf)
<use tiles/mahjong-Front.pdf>
File: tiles/mahjong-8s.pdf Graphic file (type pdf)
<use tiles/mahjong-8s.pdf>
File: tiles/mahjong-Front.pdf Graphic file (type pdf)
<use tiles/mahjong-Front.pdf>
File: tiles/mahjong-9s.pdf Graphic file (type pdf)
<use tiles/mahjong-9s.pdf>
File: tiles/mahjong-Front.pdf Graphic file (type pdf)
<use tiles/mahjong-Front.pdf>
File: tiles/mahjong-9s.pdf Graphic file (type pdf)
<use tiles/mahjong-9s.pdf>
File: tiles/mahjong-Front.pdf Graphic file (type pdf)
<use tiles/mahjong-Front.pdf>
File: tiles/mahjong-2p.pdf Graphic file (type pdf)
<use tiles/mahjong-2p.pdf>
File: tiles/mahjong-Front.pdf Graphic file (type pdf)
<use tiles/mahjong-Front.pdf>
File: tiles/mahjong-6m.pdf Graphic file (type pdf)
<use tiles/mahjong-6m.pdf>
File: tiles/mahjong-Front.pdf Graphic file (type pdf)
<use tiles/mahjong-Front.pdf>
File: tiles/mahjong-9m.pdf Graphic file (type pdf)
<use tiles/mahjong-9m.pdf>
File: tiles/mahjong-Front.pdf Graphic file (type pdf)
<use tiles/mahjong-Front.pdf>
File: tiles/mahjong-1p.pdf Graphic file (type pdf)
<use tiles/mahjong-1p.pdf>
File: tiles/mahjong-Front.pdf Graphic file (type pdf)
<use tiles/mahjong-Front.pdf>
File: tiles/mahjong-4p.pdf Graphic file (type pdf)
<use tiles/mahjong-4p.pdf>
File: tiles/mahjong-Front.pdf Graphic file (type pdf)
<use tiles/mahjong-Front.pdf>
File: tiles/mahjong-5p.pdf Graphic file (type pdf)
<use tiles/mahjong-5p.pdf>
File: tiles/mahjong-Front.pdf Graphic file (type pdf)
<use tiles/mahjong-Front.pdf>
File: tiles/mahjong-8p.pdf Graphic file (type pdf)
<use tiles/mahjong-8p.pdf>
File: tiles/mahjong-Front.pdf Graphic file (type pdf)
<use tiles/mahjong-Front.pdf>
File: tiles/mahjong-6p.pdf Graphic file (type pdf)
<use tiles/mahjong-6p.pdf>
File: tiles/mahjong-Front.pdf Graphic file (type pdf)
<use tiles/mahjong-Front.pdf>
File: tiles/mahjong-7s.pdf Graphic file (type pdf)
<use tiles/mahjong-7s.pdf>
File: tiles/mahjong-Front.pdf Graphic file (type pdf)
<use tiles/mahjong-Front.pdf>
File: tiles/mahjong-9s.pdf Graphic file (type pdf)
<use tiles/mahjong-9s.pdf>
File: tiles/mahjong-Front.pdf Graphic file (type pdf)
<use tiles/mahjong-Front.pdf>
File: tiles/mahjong-8s.pdf Graphic file (type pdf)
<use tiles/mahjong-8s.pdf>
File: tiles/mahjong-Front.pdf Graphic file (type pdf)
<use tiles/mahjong-Front.pdf>
File: tiles/mahjong-6m.pdf Graphic file (type pdf)
<use tiles/mahjong-6m.pdf>
File: tiles/mahjong-Front.pdf Graphic file (type pdf)
<use tiles/mahjong-Front.pdf>
File: tiles/mahjong-9m.pdf Graphic file (type pdf)
<use tiles/mahjong-9m.pdf>
File: tiles/mahjong-Front.pdf Graphic file (type pdf)
<use tiles/mahjong-Front.pdf>
File: tiles/mahjong-1p.pdf Graphic file (type pdf)
<use tiles/mahjong-1p.pdf>
File: tiles/mahjong-Front.pdf Graphic file (type pdf)
<use tiles/mahjong-Front.pdf>
File: tiles/mahjong-4p.pdf Graphic file (type pdf)
<use tiles/mahjong-4p.pdf>
File: tiles/mahjong-Front.pdf Graphic file (type pdf)
<use tiles/mahjong-Front.pdf>
File: tiles/mahjong-2p.pdf Graphic file (type pdf)
<use tiles/mahjong-2p.pdf>
File: tiles/mahjong-Front.pdf Graphic file (type pdf)
<use tiles/mahjong-Front.pdf>
File: tiles/mahjong-5p.pdf Graphic file (type pdf)
<use tiles/mahjong-5p.pdf>
File: tiles/mahjong-Front.pdf Graphic file (type pdf)
<use tiles/mahjong-Front.pdf>
File: tiles/mahjong-8p.pdf Graphic file (type pdf)
<use tiles/mahjong-8p.pdf>
File: tiles/mahjong-Front.pdf Graphic file (type pdf)
<use tiles/mahjong-Front.pdf>
File: tiles/mahjong-6p.pdf Graphic file (type pdf)
<use tiles/mahjong-6p.pdf>
File: tiles/mahjong-Front.pdf Graphic file (type pdf)
<use tiles/mahjong-Front.pdf>
File: tiles/mahjong-9s.pdf Graphic file (type pdf)
<use tiles/mahjong-9s.pdf>
File: tiles/mahjong-Front.pdf Graphic file (type pdf)
<use tiles/mahjong-Front.pdf>
File: tiles/mahjong-2p.pdf Graphic file (type pdf)
<use tiles/mahjong-2p.pdf>
File: tiles/mahjong-Front.pdf Graphic file (type pdf)
<use tiles/mahjong-Front.pdf>
File: tiles/mahjong-8s.pdf Graphic file (type pdf)
<use tiles/mahjong-8s.pdf>
File: tiles/mahjong-Front.pdf Graphic file (type pdf)
<use tiles/mahjong-Front.pdf>
File: tiles/mahjong-6p.pdf Graphic file (type pdf)
<use tiles/mahjong-6p.pdf>
File: tiles/mahjong-Front.pdf Graphic file (type pdf)
<use tiles/mahjong-Front.pdf>
File: tiles/mahjong-7p.pdf Graphic file (type pdf)
<use tiles/mahjong-7p.pdf>
File: tiles/mahjong-Front.pdf Graphic file (type pdf)
<use tiles/mahjong-Front.pdf>
File: tiles/mahjong-7p.pdf Graphic file (type pdf)
<use tiles/mahjong-7p.pdf>
File: tiles/mahjong-Front.pdf Graphic file (type pdf)
<use tiles/mahjong-Front.pdf>
File: tiles/mahjong-9s.pdf Graphic file (type pdf)
<use tiles/mahjong-9s.pdf>
File: tiles/mahjong-Front.pdf Graphic file (type pdf)
<use tiles/mahjong-Front.pdf>
File: tiles/mahjong-7p.pdf Graphic file (type pdf)
<use tiles/mahjong-7p.pdf>
File: tiles/mahjong-Front.pdf Graphic file (type pdf)
<use tiles/mahjong-Front.pdf>
File: tiles/mahjong-8s.pdf Graphic file (type pdf)
<use tiles/mahjong-8s.pdf>
File: tiles/mahjong-Front.pdf Graphic file (type pdf)
<use tiles/mahjong-Front.pdf>
File: tiles/mahjong-8s.pdf Graphic file (type pdf)
<use tiles/mahjong-8s.pdf>
File: tiles/mahjong-Front.pdf Graphic file (type pdf)
<use tiles/mahjong-Front.pdf>
File: tiles/mahjong-2p.pdf Graphic file (type pdf)
<use tiles/mahjong-2p.pdf>
File: tiles/mahjong-Front.pdf Graphic file (type pdf)
<use tiles/mahjong-Front.pdf>
File: tiles/mahjong-3p.pdf Graphic file (type pdf)
<use tiles/mahjong-3p.pdf>
File: tiles/mahjong-Front.pdf Graphic file (type pdf)
<use tiles/mahjong-Front.pdf>
File: tiles/mahjong-6p.pdf Graphic file (type pdf)
<use tiles/mahjong-6p.pdf>
File: tiles/mahjong-Front.pdf Graphic file (type pdf)
<use tiles/mahjong-Front.pdf>
File: tiles/mahjong-7p.pdf Graphic file (type pdf)
<use tiles/mahjong-7p.pdf>
File: tiles/mahjong-Front.pdf Graphic file (type pdf)
<use tiles/mahjong-Front.pdf>
File: tiles/mahjong-3p.pdf Graphic file (type pdf)
<use tiles/mahjong-3p.pdf>
File: tiles/mahjong-Front.pdf Graphic file (type pdf)
<use tiles/mahjong-Front.pdf>
File: tiles/mahjong-7p.pdf Graphic file (type pdf)
<use tiles/mahjong-7p.pdf>
File: tiles/mahjong-Front.pdf Graphic file (type pdf)
<use tiles/mahjong-Front.pdf>
File: tiles/mahjong-1m.pdf Graphic file (type pdf)
<use tiles/mahjong-1m.pdf>
File: tiles/mahjong-Front.pdf Graphic file (type pdf)
<use tiles/mahjong-Front.pdf>
File: tiles/mahjong-3m.pdf Graphic file (type pdf)
<use tiles/mahjong-3m.pdf>
File: tiles/mahjong-Front.pdf Graphic file (type pdf)
<use tiles/mahjong-Front.pdf>
File: tiles/mahjong-5m.pdf Graphic file (type pdf)
<use tiles/mahjong-5m.pdf>
File: tiles/mahjong-Front.pdf Graphic file (type pdf)
<use tiles/mahjong-Front.pdf>
File: tiles/mahjong-3m.pdf Graphic file (type pdf)
<use tiles/mahjong-3m.pdf>
File: tiles/mahjong-Front.pdf Graphic file (type pdf)
<use tiles/mahjong-Front.pdf>
File: tiles/mahjong-3m.pdf Graphic file (type pdf)
<use tiles/mahjong-3m.pdf>
File: tiles/mahjong-Front.pdf Graphic file (type pdf)
<use tiles/mahjong-Front.pdf>
File: tiles/mahjong-5m.pdf Graphic file (type pdf)
<use tiles/mahjong-5m.pdf>
File: tiles/mahjong-Front.pdf Graphic file (type pdf)
<use tiles/mahjong-Front.pdf>
File: tiles/mahjong-5m.pdf Graphic file (type pdf)
<use tiles/mahjong-5m.pdf>
File: tiles/mahjong-Front.pdf Graphic file (type pdf)
<use tiles/mahjong-Front.pdf>
File: tiles/mahjong-5m.pdf Graphic file (type pdf)
<use tiles/mahjong-5m.pdf>
File: tiles/mahjong-Front.pdf Graphic file (type pdf)
<use tiles/mahjong-Front.pdf>
File: tiles/mahjong-7m.pdf Graphic file (type pdf)
<use tiles/mahjong-7m.pdf>


Package natbib Warning: Citation `uzaku-haikouritsu' on page 3 undefined on inp
ut line 265.

File: tiles/mahjong-Front.pdf Graphic file (type pdf)
<use tiles/mahjong-Front.pdf>
File: tiles/mahjong-8s.pdf Graphic file (type pdf)
<use tiles/mahjong-8s.pdf>

Package natbib Warning: Citation `uzaku-haikouritsu' on page 3 undefined on inp
ut line 269.

File: tiles/mahjong-Front.pdf Graphic file (type pdf)
<use tiles/mahjong-Front.pdf>
File: tiles/mahjong-2m.pdf Graphic file (type pdf)
<use tiles/mahjong-2m.pdf>
File: tiles/mahjong-Front.pdf Graphic file (type pdf)
<use tiles/mahjong-Front.pdf>
File: tiles/mahjong-4m.pdf Graphic file (type pdf)
<use tiles/mahjong-4m.pdf>
File: tiles/mahjong-Front.pdf Graphic file (type pdf)
<use tiles/mahjong-Front.pdf>
File: tiles/mahjong-6m.pdf Graphic file (type pdf)
<use tiles/mahjong-6m.pdf>
File: tiles/mahjong-Front.pdf Graphic file (type pdf)
<use tiles/mahjong-Front.pdf>
File: tiles/mahjong-2p.pdf Graphic file (type pdf)
<use tiles/mahjong-2p.pdf>
File: tiles/mahjong-Front.pdf Graphic file (type pdf)
<use tiles/mahjong-Front.pdf>
File: tiles/mahjong-3p.pdf Graphic file (type pdf)
<use tiles/mahjong-3p.pdf>
File: tiles/mahjong-Front.pdf Graphic file (type pdf)
<use tiles/mahjong-Front.pdf>
File: tiles/mahjong-4p.pdf Graphic file (type pdf)
<use tiles/mahjong-4p.pdf>
File: tiles/mahjong-Front.pdf Graphic file (type pdf)
<use tiles/mahjong-Front.pdf>
File: tiles/mahjong-6p.pdf Graphic file (type pdf)
<use tiles/mahjong-6p.pdf>
File: tiles/mahjong-Front.pdf Graphic file (type pdf)
<use tiles/mahjong-Front.pdf>
File: tiles/mahjong-7p.pdf Graphic file (type pdf)
<use tiles/mahjong-7p.pdf>
File: tiles/mahjong-Front.pdf Graphic file (type pdf)
<use tiles/mahjong-Front.pdf>
File: tiles/mahjong-4s.pdf Graphic file (type pdf)
<use tiles/mahjong-4s.pdf>
File: tiles/mahjong-Front.pdf Graphic file (type pdf)
<use tiles/mahjong-Front.pdf>
File: tiles/mahjong-5s.pdf Graphic file (type pdf)
<use tiles/mahjong-5s.pdf>
File: tiles/mahjong-Front.pdf Graphic file (type pdf)
<use tiles/mahjong-Front.pdf>
File: tiles/mahjong-6s.pdf Graphic file (type pdf)
<use tiles/mahjong-6s.pdf>
File: tiles/mahjong-Front.pdf Graphic file (type pdf)
<use tiles/mahjong-Front.pdf>
File: tiles/mahjong-8s.pdf Graphic file (type pdf)
<use tiles/mahjong-8s.pdf>
File: tiles/mahjong-Front.pdf Graphic file (type pdf)
<use tiles/mahjong-Front.pdf>
File: tiles/mahjong-8s.pdf Graphic file (type pdf)
<use tiles/mahjong-8s.pdf>
File: tiles/mahjong-Space.pdf Graphic file (type pdf)
<use tiles/mahjong-Space.pdf>
File: tiles/mahjong-Front.pdf Graphic file (type pdf)
<use tiles/mahjong-Front.pdf>
File: tiles/mahjong-8s.pdf Graphic file (type pdf)
<use tiles/mahjong-8s.pdf>
File: tiles/mahjong-Front.pdf Graphic file (type pdf)
<use tiles/mahjong-Front.pdf>
File: tiles/mahjong-2m.pdf Graphic file (type pdf)
<use tiles/mahjong-2m.pdf>
File: tiles/mahjong-Front.pdf Graphic file (type pdf)
<use tiles/mahjong-Front.pdf>
File: tiles/mahjong-4m.pdf Graphic file (type pdf)
<use tiles/mahjong-4m.pdf>
File: tiles/mahjong-Front.pdf Graphic file (type pdf)
<use tiles/mahjong-Front.pdf>
File: tiles/mahjong-5m.pdf Graphic file (type pdf)
<use tiles/mahjong-5m.pdf>
File: tiles/mahjong-Front.pdf Graphic file (type pdf)
<use tiles/mahjong-Front.pdf>
File: tiles/mahjong-6m.pdf Graphic file (type pdf)
<use tiles/mahjong-6m.pdf>
File: tiles/mahjong-Front.pdf Graphic file (type pdf)
<use tiles/mahjong-Front.pdf>
File: tiles/mahjong-5p.pdf Graphic file (type pdf)
<use tiles/mahjong-5p.pdf>
File: tiles/mahjong-Front.pdf Graphic file (type pdf)
<use tiles/mahjong-Front.pdf>
File: tiles/mahjong-6p.pdf Graphic file (type pdf)
<use tiles/mahjong-6p.pdf>
File: tiles/mahjong-Front.pdf Graphic file (type pdf)
<use tiles/mahjong-Front.pdf>
File: tiles/mahjong-7p.pdf Graphic file (type pdf)
<use tiles/mahjong-7p.pdf>
File: tiles/mahjong-Front.pdf Graphic file (type pdf)
<use tiles/mahjong-Front.pdf>
File: tiles/mahjong-8p.pdf Graphic file (type pdf)
<use tiles/mahjong-8p.pdf>
File: tiles/mahjong-Front.pdf Graphic file (type pdf)
<use tiles/mahjong-Front.pdf>
File: tiles/mahjong-6m.pdf Graphic file (type pdf)
<use tiles/mahjong-6m.pdf>
File: tiles/mahjong-Front.pdf Graphic file (type pdf)
<use tiles/mahjong-Front.pdf>
File: tiles/mahjong-2m.pdf Graphic file (type pdf)
<use tiles/mahjong-2m.pdf>
File: tiles/mahjong-Front.pdf Graphic file (type pdf)
<use tiles/mahjong-Front.pdf>
File: tiles/mahjong-3m.pdf Graphic file (type pdf)
<use tiles/mahjong-3m.pdf>
File: tiles/mahjong-Front.pdf Graphic file (type pdf)
<use tiles/mahjong-Front.pdf>
File: tiles/mahjong-4m.pdf Graphic file (type pdf)
<use tiles/mahjong-4m.pdf>
File: tiles/mahjong-Front.pdf Graphic file (type pdf)
<use tiles/mahjong-Front.pdf>
File: tiles/mahjong-5p.pdf Graphic file (type pdf)
<use tiles/mahjong-5p.pdf>
File: tiles/mahjong-Front.pdf Graphic file (type pdf)
<use tiles/mahjong-Front.pdf>
File: tiles/mahjong-6p.pdf Graphic file (type pdf)
<use tiles/mahjong-6p.pdf>
File: tiles/mahjong-Front.pdf Graphic file (type pdf)
<use tiles/mahjong-Front.pdf>
File: tiles/mahjong-7p.pdf Graphic file (type pdf)
<use tiles/mahjong-7p.pdf>
File: tiles/mahjong-Front.pdf Graphic file (type pdf)
<use tiles/mahjong-Front.pdf>
File: tiles/mahjong-8p.pdf Graphic file (type pdf)
<use tiles/mahjong-8p.pdf>
File: tiles/mahjong-Front.pdf Graphic file (type pdf)
<use tiles/mahjong-Front.pdf>
File: tiles/mahjong-8s.pdf Graphic file (type pdf)
<use tiles/mahjong-8s.pdf>
File: tiles/mahjong-Front.pdf Graphic file (type pdf)
<use tiles/mahjong-Front.pdf>
File: tiles/mahjong-3m.pdf Graphic file (type pdf)
<use tiles/mahjong-3m.pdf>
File: tiles/mahjong-Front.pdf Graphic file (type pdf)
<use tiles/mahjong-Front.pdf>
File: tiles/mahjong-5m.pdf Graphic file (type pdf)
<use tiles/mahjong-5m.pdf>
File: tiles/mahjong-Front.pdf Graphic file (type pdf)
<use tiles/mahjong-Front.pdf>
File: tiles/mahjong-5p.pdf Graphic file (type pdf)
<use tiles/mahjong-5p.pdf>
File: tiles/mahjong-Front.pdf Graphic file (type pdf)
<use tiles/mahjong-Front.pdf>
File: tiles/mahjong-8p.pdf Graphic file (type pdf)
<use tiles/mahjong-8p.pdf>
File: tiles/mahjong-Front.pdf Graphic file (type pdf)
<use tiles/mahjong-Front.pdf>
File: tiles/mahjong-4p.pdf Graphic file (type pdf)
<use tiles/mahjong-4p.pdf>
File: tiles/mahjong-Front.pdf Graphic file (type pdf)
<use tiles/mahjong-Front.pdf>
File: tiles/mahjong-6p.pdf Graphic file (type pdf)
<use tiles/mahjong-6p.pdf>
File: tiles/mahjong-Front.pdf Graphic file (type pdf)
<use tiles/mahjong-Front.pdf>
File: tiles/mahjong-8p.pdf Graphic file (type pdf)
<use tiles/mahjong-8p.pdf>
File: tiles/mahjong-Front.pdf Graphic file (type pdf)
<use tiles/mahjong-Front.pdf>
File: tiles/mahjong-4p.pdf Graphic file (type pdf)
<use tiles/mahjong-4p.pdf>
File: tiles/mahjong-Front.pdf Graphic file (type pdf)
<use tiles/mahjong-Front.pdf>
File: tiles/mahjong-4p.pdf Graphic file (type pdf)
<use tiles/mahjong-4p.pdf>
File: tiles/mahjong-Front.pdf Graphic file (type pdf)
<use tiles/mahjong-Front.pdf>
File: tiles/mahjong-8p.pdf Graphic file (type pdf)
<use tiles/mahjong-8p.pdf>
File: tiles/mahjong-Front.pdf Graphic file (type pdf)
<use tiles/mahjong-Front.pdf>
File: tiles/mahjong-4p.pdf Graphic file (type pdf)
<use tiles/mahjong-4p.pdf>
File: tiles/mahjong-Front.pdf Graphic file (type pdf)
<use tiles/mahjong-Front.pdf>
File: tiles/mahjong-9m.pdf Graphic file (type pdf)
<use tiles/mahjong-9m.pdf>
File: tiles/mahjong-Front.pdf Graphic file (type pdf)
<use tiles/mahjong-Front.pdf>
File: tiles/mahjong-4p.pdf Graphic file (type pdf)
<use tiles/mahjong-4p.pdf>
File: tiles/mahjong-Front.pdf Graphic file (type pdf)
<use tiles/mahjong-Front.pdf>
File: tiles/mahjong-3p.pdf Graphic file (type pdf)
<use tiles/mahjong-3p.pdf>

Package natbib Warning: Citation `uzaku-haikouritsu' on page 3 undefined on inp
ut line 289.

File: tiles/mahjong-Front.pdf Graphic file (type pdf)
<use tiles/mahjong-Front.pdf>
File: tiles/mahjong-1m.pdf Graphic file (type pdf)
<use tiles/mahjong-1m.pdf>
File: tiles/mahjong-Front.pdf Graphic file (type pdf)
<use tiles/mahjong-Front.pdf>
File: tiles/mahjong-2m.pdf Graphic file (type pdf)
<use tiles/mahjong-2m.pdf>
File: tiles/mahjong-Front.pdf Graphic file (type pdf)
<use tiles/mahjong-Front.pdf>
File: tiles/mahjong-3m.pdf Graphic file (type pdf)
<use tiles/mahjong-3m.pdf>
File: tiles/mahjong-Front.pdf Graphic file (type pdf)
<use tiles/mahjong-Front.pdf>
File: tiles/mahjong-9m.pdf Graphic file (type pdf)
<use tiles/mahjong-9m.pdf>
File: tiles/mahjong-Front.pdf Graphic file (type pdf)
<use tiles/mahjong-Front.pdf>
File: tiles/mahjong-9m.pdf Graphic file (type pdf)
<use tiles/mahjong-9m.pdf>
File: tiles/mahjong-Front.pdf Graphic file (type pdf)
<use tiles/mahjong-Front.pdf>
File: tiles/mahjong-4p.pdf Graphic file (type pdf)
<use tiles/mahjong-4p.pdf>
File: tiles/mahjong-Front.pdf Graphic file (type pdf)
<use tiles/mahjong-Front.pdf>
File: tiles/mahjong-4p.pdf Graphic file (type pdf)
<use tiles/mahjong-4p.pdf>
File: tiles/mahjong-Front.pdf Graphic file (type pdf)
<use tiles/mahjong-Front.pdf>
File: tiles/mahjong-6p.pdf Graphic file (type pdf)
<use tiles/mahjong-6p.pdf>
File: tiles/mahjong-Front.pdf Graphic file (type pdf)
<use tiles/mahjong-Front.pdf>
File: tiles/mahjong-8p.pdf Graphic file (type pdf)
<use tiles/mahjong-8p.pdf>
File: tiles/mahjong-Front.pdf Graphic file (type pdf)
<use tiles/mahjong-Front.pdf>
File: tiles/mahjong-3s.pdf Graphic file (type pdf)
<use tiles/mahjong-3s.pdf>
File: tiles/mahjong-Front.pdf Graphic file (type pdf)
<use tiles/mahjong-Front.pdf>
File: tiles/mahjong-4s.pdf Graphic file (type pdf)
<use tiles/mahjong-4s.pdf>
File: tiles/mahjong-Front.pdf Graphic file (type pdf)
<use tiles/mahjong-Front.pdf>
File: tiles/mahjong-7s.pdf Graphic file (type pdf)
<use tiles/mahjong-7s.pdf>
File: tiles/mahjong-Front.pdf Graphic file (type pdf)
<use tiles/mahjong-Front.pdf>
File: tiles/mahjong-8s.pdf Graphic file (type pdf)
<use tiles/mahjong-8s.pdf>
File: tiles/mahjong-Space.pdf Graphic file (type pdf)
<use tiles/mahjong-Space.pdf>
File: tiles/mahjong-Front.pdf Graphic file (type pdf)
<use tiles/mahjong-Front.pdf>
File: tiles/mahjong-9s.pdf Graphic file (type pdf)
<use tiles/mahjong-9s.pdf>
File: tiles/mahjong-Front.pdf Graphic file (type pdf)
<use tiles/mahjong-Front.pdf>
File: tiles/mahjong-4p.pdf Graphic file (type pdf)
<use tiles/mahjong-4p.pdf>
File: tiles/mahjong-Front.pdf Graphic file (type pdf)
<use tiles/mahjong-Front.pdf>
File: tiles/mahjong-8p.pdf Graphic file (type pdf)
<use tiles/mahjong-8p.pdf>
File: tiles/mahjong-Front.pdf Graphic file (type pdf)
<use tiles/mahjong-Front.pdf>
File: tiles/mahjong-5p.pdf Graphic file (type pdf)
<use tiles/mahjong-5p.pdf>
File: tiles/mahjong-Front.pdf Graphic file (type pdf)
<use tiles/mahjong-Front.pdf>
File: tiles/mahjong-7p.pdf Graphic file (type pdf)
<use tiles/mahjong-7p.pdf>
File: tiles/mahjong-Front.pdf Graphic file (type pdf)
<use tiles/mahjong-Front.pdf>
File: tiles/mahjong-2s.pdf Graphic file (type pdf)
<use tiles/mahjong-2s.pdf>
File: tiles/mahjong-Front.pdf Graphic file (type pdf)
<use tiles/mahjong-Front.pdf>
File: tiles/mahjong-5s.pdf Graphic file (type pdf)
<use tiles/mahjong-5s.pdf>
File: tiles/mahjong-Front.pdf Graphic file (type pdf)
<use tiles/mahjong-Front.pdf>
File: tiles/mahjong-9m.pdf Graphic file (type pdf)
<use tiles/mahjong-9m.pdf>
File: tiles/mahjong-Front.pdf Graphic file (type pdf)
<use tiles/mahjong-Front.pdf>
File: tiles/mahjong-4p.pdf Graphic file (type pdf)
<use tiles/mahjong-4p.pdf>
File: tiles/mahjong-Front.pdf Graphic file (type pdf)
<use tiles/mahjong-Front.pdf>
File: tiles/mahjong-5p.pdf Graphic file (type pdf)
<use tiles/mahjong-5p.pdf>
File: tiles/mahjong-Front.pdf Graphic file (type pdf)
<use tiles/mahjong-Front.pdf>
File: tiles/mahjong-2s.pdf Graphic file (type pdf)
<use tiles/mahjong-2s.pdf>
File: tiles/mahjong-Front.pdf Graphic file (type pdf)
<use tiles/mahjong-Front.pdf>
File: tiles/mahjong-5s.pdf Graphic file (type pdf)
<use tiles/mahjong-5s.pdf>
File: tiles/mahjong-Front.pdf Graphic file (type pdf)
<use tiles/mahjong-Front.pdf>
File: tiles/mahjong-5p.pdf Graphic file (type pdf)
<use tiles/mahjong-5p.pdf>
File: tiles/mahjong-Front.pdf Graphic file (type pdf)
<use tiles/mahjong-Front.pdf>
File: tiles/mahjong-7p.pdf Graphic file (type pdf)
<use tiles/mahjong-7p.pdf>
File: tiles/mahjong-Front.pdf Graphic file (type pdf)
<use tiles/mahjong-Front.pdf>
File: tiles/mahjong-5p.pdf Graphic file (type pdf)
<use tiles/mahjong-5p.pdf>
[3]
File: tiles/mahjong-Front.pdf Graphic file (type pdf)
<use tiles/mahjong-Front.pdf>
File: tiles/mahjong-1m.pdf Graphic file (type pdf)
<use tiles/mahjong-1m.pdf>
File: tiles/mahjong-Front.pdf Graphic file (type pdf)
<use tiles/mahjong-Front.pdf>
File: tiles/mahjong-2m.pdf Graphic file (type pdf)
<use tiles/mahjong-2m.pdf>
File: tiles/mahjong-Front.pdf Graphic file (type pdf)
<use tiles/mahjong-Front.pdf>
File: tiles/mahjong-3m.pdf Graphic file (type pdf)
<use tiles/mahjong-3m.pdf>
File: tiles/mahjong-Front.pdf Graphic file (type pdf)
<use tiles/mahjong-Front.pdf>
File: tiles/mahjong-7m.pdf Graphic file (type pdf)
<use tiles/mahjong-7m.pdf>
File: tiles/mahjong-Front.pdf Graphic file (type pdf)
<use tiles/mahjong-Front.pdf>
File: tiles/mahjong-7m.pdf Graphic file (type pdf)
<use tiles/mahjong-7m.pdf>
File: tiles/mahjong-Front.pdf Graphic file (type pdf)
<use tiles/mahjong-Front.pdf>
File: tiles/mahjong-4p.pdf Graphic file (type pdf)
<use tiles/mahjong-4p.pdf>
File: tiles/mahjong-Front.pdf Graphic file (type pdf)
<use tiles/mahjong-Front.pdf>
File: tiles/mahjong-4p.pdf Graphic file (type pdf)
<use tiles/mahjong-4p.pdf>
File: tiles/mahjong-Front.pdf Graphic file (type pdf)
<use tiles/mahjong-Front.pdf>
File: tiles/mahjong-6p.pdf Graphic file (type pdf)
<use tiles/mahjong-6p.pdf>
File: tiles/mahjong-Front.pdf Graphic file (type pdf)
<use tiles/mahjong-Front.pdf>
File: tiles/mahjong-8p.pdf Graphic file (type pdf)
<use tiles/mahjong-8p.pdf>
File: tiles/mahjong-Front.pdf Graphic file (type pdf)
<use tiles/mahjong-Front.pdf>
File: tiles/mahjong-3s.pdf Graphic file (type pdf)
<use tiles/mahjong-3s.pdf>
File: tiles/mahjong-Front.pdf Graphic file (type pdf)
<use tiles/mahjong-Front.pdf>
File: tiles/mahjong-4s.pdf Graphic file (type pdf)
<use tiles/mahjong-4s.pdf>
File: tiles/mahjong-Front.pdf Graphic file (type pdf)
<use tiles/mahjong-Front.pdf>
File: tiles/mahjong-7s.pdf Graphic file (type pdf)
<use tiles/mahjong-7s.pdf>
File: tiles/mahjong-Front.pdf Graphic file (type pdf)
<use tiles/mahjong-Front.pdf>
File: tiles/mahjong-8s.pdf Graphic file (type pdf)
<use tiles/mahjong-8s.pdf>
File: tiles/mahjong-Space.pdf Graphic file (type pdf)
<use tiles/mahjong-Space.pdf>
File: tiles/mahjong-Front.pdf Graphic file (type pdf)
<use tiles/mahjong-Front.pdf>
File: tiles/mahjong-9s.pdf Graphic file (type pdf)
<use tiles/mahjong-9s.pdf>
File: tiles/mahjong-Front.pdf Graphic file (type pdf)
<use tiles/mahjong-Front.pdf>
File: tiles/mahjong-7m.pdf Graphic file (type pdf)
<use tiles/mahjong-7m.pdf>
File: tiles/mahjong-Front.pdf Graphic file (type pdf)
<use tiles/mahjong-Front.pdf>
File: tiles/mahjong-6m.pdf Graphic file (type pdf)
<use tiles/mahjong-6m.pdf>
File: tiles/mahjong-Front.pdf Graphic file (type pdf)
<use tiles/mahjong-Front.pdf>
File: tiles/mahjong-8m.pdf Graphic file (type pdf)
<use tiles/mahjong-8m.pdf>
File: tiles/mahjong-Front.pdf Graphic file (type pdf)
<use tiles/mahjong-Front.pdf>
File: tiles/mahjong-3p.pdf Graphic file (type pdf)
<use tiles/mahjong-3p.pdf>
File: tiles/mahjong-Front.pdf Graphic file (type pdf)
<use tiles/mahjong-Front.pdf>
File: tiles/mahjong-8p.pdf Graphic file (type pdf)
<use tiles/mahjong-8p.pdf>


Package natbib Warning: Citation `uzaku-haikouritsu' on page 4 undefined on inp
ut line 308.

File: tiles/mahjong-Front.pdf Graphic file (type pdf)
<use tiles/mahjong-Front.pdf>
File: tiles/mahjong-3p.pdf Graphic file (type pdf)
<use tiles/mahjong-3p.pdf>
File: tiles/mahjong-Front.pdf Graphic file (type pdf)
<use tiles/mahjong-Front.pdf>
File: tiles/mahjong-8p.pdf Graphic file (type pdf)
<use tiles/mahjong-8p.pdf>
File: tiles/mahjong-Front.pdf Graphic file (type pdf)
<use tiles/mahjong-Front.pdf>
File: tiles/mahjong-2p.pdf Graphic file (type pdf)
<use tiles/mahjong-2p.pdf>
File: tiles/mahjong-Front.pdf Graphic file (type pdf)
<use tiles/mahjong-Front.pdf>
File: tiles/mahjong-9p.pdf Graphic file (type pdf)
<use tiles/mahjong-9p.pdf>
File: tiles/mahjong-Front.pdf Graphic file (type pdf)
<use tiles/mahjong-Front.pdf>
File: tiles/mahjong-6m.pdf Graphic file (type pdf)
<use tiles/mahjong-6m.pdf>
File: tiles/mahjong-Front.pdf Graphic file (type pdf)
<use tiles/mahjong-Front.pdf>
File: tiles/mahjong-2p.pdf Graphic file (type pdf)
<use tiles/mahjong-2p.pdf>
File: tiles/mahjong-Front.pdf Graphic file (type pdf)
<use tiles/mahjong-Front.pdf>
File: tiles/mahjong-6m.pdf Graphic file (type pdf)
<use tiles/mahjong-6m.pdf>

Package natbib Warning: Citation `uzaku-haikouritsu' on page 4 undefined on inp
ut line 313.

File: tiles/mahjong-Front.pdf Graphic file (type pdf)
<use tiles/mahjong-Front.pdf>
File: tiles/mahjong-5m.pdf Graphic file (type pdf)
<use tiles/mahjong-5m.pdf>
File: tiles/mahjong-Front.pdf Graphic file (type pdf)
<use tiles/mahjong-Front.pdf>
File: tiles/mahjong-6m.pdf Graphic file (type pdf)
<use tiles/mahjong-6m.pdf>
File: tiles/mahjong-Front.pdf Graphic file (type pdf)
<use tiles/mahjong-Front.pdf>
File: tiles/mahjong-6m.pdf Graphic file (type pdf)
<use tiles/mahjong-6m.pdf>
File: tiles/mahjong-Front.pdf Graphic file (type pdf)
<use tiles/mahjong-Front.pdf>
File: tiles/mahjong-2p.pdf Graphic file (type pdf)
<use tiles/mahjong-2p.pdf>
File: tiles/mahjong-Front.pdf Graphic file (type pdf)
<use tiles/mahjong-Front.pdf>
File: tiles/mahjong-4p.pdf Graphic file (type pdf)
<use tiles/mahjong-4p.pdf>
File: tiles/mahjong-Front.pdf Graphic file (type pdf)
<use tiles/mahjong-Front.pdf>
File: tiles/mahjong-5p.pdf Graphic file (type pdf)
<use tiles/mahjong-5p.pdf>
File: tiles/mahjong-Front.pdf Graphic file (type pdf)
<use tiles/mahjong-Front.pdf>
File: tiles/mahjong-6p.pdf Graphic file (type pdf)
<use tiles/mahjong-6p.pdf>
File: tiles/mahjong-Front.pdf Graphic file (type pdf)
<use tiles/mahjong-Front.pdf>
File: tiles/mahjong-7p.pdf Graphic file (type pdf)
<use tiles/mahjong-7p.pdf>
File: tiles/mahjong-Front.pdf Graphic file (type pdf)
<use tiles/mahjong-Front.pdf>
File: tiles/mahjong-9p.pdf Graphic file (type pdf)
<use tiles/mahjong-9p.pdf>
File: tiles/mahjong-Front.pdf Graphic file (type pdf)
<use tiles/mahjong-Front.pdf>
File: tiles/mahjong-4s.pdf Graphic file (type pdf)
<use tiles/mahjong-4s.pdf>
File: tiles/mahjong-Front.pdf Graphic file (type pdf)
<use tiles/mahjong-Front.pdf>
File: tiles/mahjong-5s.pdf Graphic file (type pdf)
<use tiles/mahjong-5s.pdf>
File: tiles/mahjong-Front.pdf Graphic file (type pdf)
<use tiles/mahjong-Front.pdf>
File: tiles/mahjong-6s.pdf Graphic file (type pdf)
<use tiles/mahjong-6s.pdf>
File: tiles/mahjong-Front.pdf Graphic file (type pdf)
<use tiles/mahjong-Front.pdf>
File: tiles/mahjong-9s.pdf Graphic file (type pdf)
<use tiles/mahjong-9s.pdf>
File: tiles/mahjong-Front.pdf Graphic file (type pdf)
<use tiles/mahjong-Front.pdf>
File: tiles/mahjong-9s.pdf Graphic file (type pdf)
<use tiles/mahjong-9s.pdf>
File: tiles/mahjong-Front.pdf Graphic file (type pdf)
<use tiles/mahjong-Front.pdf>
File: tiles/mahjong-6m.pdf Graphic file (type pdf)
<use tiles/mahjong-6m.pdf>
File: tiles/mahjong-Front.pdf Graphic file (type pdf)
<use tiles/mahjong-Front.pdf>
File: tiles/mahjong-2p.pdf Graphic file (type pdf)
<use tiles/mahjong-2p.pdf>
File: tiles/mahjong-Front.pdf Graphic file (type pdf)
<use tiles/mahjong-Front.pdf>
File: tiles/mahjong-9p.pdf Graphic file (type pdf)
<use tiles/mahjong-9p.pdf>
File: tiles/mahjong-Front.pdf Graphic file (type pdf)
<use tiles/mahjong-Front.pdf>
File: tiles/mahjong-4m.pdf Graphic file (type pdf)
<use tiles/mahjong-4m.pdf>
File: tiles/mahjong-Front.pdf Graphic file (type pdf)
<use tiles/mahjong-Front.pdf>
File: tiles/mahjong-7m.pdf Graphic file (type pdf)
<use tiles/mahjong-7m.pdf>
File: tiles/mahjong-Front.pdf Graphic file (type pdf)
<use tiles/mahjong-Front.pdf>
File: tiles/mahjong-3p.pdf Graphic file (type pdf)
<use tiles/mahjong-3p.pdf>
File: tiles/mahjong-Front.pdf Graphic file (type pdf)
<use tiles/mahjong-Front.pdf>
File: tiles/mahjong-8p.pdf Graphic file (type pdf)
<use tiles/mahjong-8p.pdf>
File: tiles/mahjong-Front.pdf Graphic file (type pdf)
<use tiles/mahjong-Front.pdf>
File: tiles/mahjong-4m.pdf Graphic file (type pdf)
<use tiles/mahjong-4m.pdf>
File: tiles/mahjong-Front.pdf Graphic file (type pdf)
<use tiles/mahjong-Front.pdf>
File: tiles/mahjong-6m.pdf Graphic file (type pdf)
<use tiles/mahjong-6m.pdf>
File: tiles/mahjong-Front.pdf Graphic file (type pdf)
<use tiles/mahjong-Front.pdf>
File: tiles/mahjong-7m.pdf Graphic file (type pdf)
<use tiles/mahjong-7m.pdf>
File: tiles/mahjong-Front.pdf Graphic file (type pdf)
<use tiles/mahjong-Front.pdf>
File: tiles/mahjong-8p.pdf Graphic file (type pdf)
<use tiles/mahjong-8p.pdf>
File: tiles/mahjong-Front.pdf Graphic file (type pdf)
<use tiles/mahjong-Front.pdf>
File: tiles/mahjong-9s.pdf Graphic file (type pdf)
<use tiles/mahjong-9s.pdf>
File: tiles/mahjong-Front.pdf Graphic file (type pdf)
<use tiles/mahjong-Front.pdf>
File: tiles/mahjong-4m.pdf Graphic file (type pdf)
<use tiles/mahjong-4m.pdf>
File: tiles/mahjong-Front.pdf Graphic file (type pdf)
<use tiles/mahjong-Front.pdf>
File: tiles/mahjong-6m.pdf Graphic file (type pdf)
<use tiles/mahjong-6m.pdf>
File: tiles/mahjong-Front.pdf Graphic file (type pdf)
<use tiles/mahjong-Front.pdf>
File: tiles/mahjong-7m.pdf Graphic file (type pdf)
<use tiles/mahjong-7m.pdf>
File: tiles/mahjong-Front.pdf Graphic file (type pdf)
<use tiles/mahjong-Front.pdf>
File: tiles/mahjong-3p.pdf Graphic file (type pdf)
<use tiles/mahjong-3p.pdf>
File: tiles/mahjong-Front.pdf Graphic file (type pdf)
<use tiles/mahjong-Front.pdf>
File: tiles/mahjong-9s.pdf Graphic file (type pdf)
<use tiles/mahjong-9s.pdf>
File: tiles/mahjong-Front.pdf Graphic file (type pdf)
<use tiles/mahjong-Front.pdf>
File: tiles/mahjong-3p.pdf Graphic file (type pdf)
<use tiles/mahjong-3p.pdf>
File: tiles/mahjong-Front.pdf Graphic file (type pdf)
<use tiles/mahjong-Front.pdf>
File: tiles/mahjong-8p.pdf Graphic file (type pdf)
<use tiles/mahjong-8p.pdf>
File: tiles/mahjong-Front.pdf Graphic file (type pdf)
<use tiles/mahjong-Front.pdf>
File: tiles/mahjong-8p.pdf Graphic file (type pdf)
<use tiles/mahjong-8p.pdf>
File: tiles/mahjong-Front.pdf Graphic file (type pdf)
<use tiles/mahjong-Front.pdf>
File: tiles/mahjong-3p.pdf Graphic file (type pdf)
<use tiles/mahjong-3p.pdf>
File: tiles/mahjong-Front.pdf Graphic file (type pdf)
<use tiles/mahjong-Front.pdf>
File: tiles/mahjong-4m.pdf Graphic file (type pdf)
<use tiles/mahjong-4m.pdf>
File: tiles/mahjong-Front.pdf Graphic file (type pdf)
<use tiles/mahjong-Front.pdf>
File: tiles/mahjong-8p.pdf Graphic file (type pdf)
<use tiles/mahjong-8p.pdf>
File: tiles/mahjong-Front.pdf Graphic file (type pdf)
<use tiles/mahjong-Front.pdf>
File: tiles/mahjong-4m.pdf Graphic file (type pdf)
<use tiles/mahjong-4m.pdf>
File: tiles/mahjong-Front.pdf Graphic file (type pdf)
<use tiles/mahjong-Front.pdf>
File: tiles/mahjong-8p.pdf Graphic file (type pdf)
<use tiles/mahjong-8p.pdf>
File: tiles/mahjong-Front.pdf Graphic file (type pdf)
<use tiles/mahjong-Front.pdf>
File: tiles/mahjong-8p.pdf Graphic file (type pdf)
<use tiles/mahjong-8p.pdf>
File: tiles/mahjong-Front.pdf Graphic file (type pdf)
<use tiles/mahjong-Front.pdf>
File: tiles/mahjong-4m.pdf Graphic file (type pdf)
<use tiles/mahjong-4m.pdf>
File: tiles/mahjong-Front.pdf Graphic file (type pdf)
<use tiles/mahjong-Front.pdf>
File: tiles/mahjong-7m.pdf Graphic file (type pdf)
<use tiles/mahjong-7m.pdf>
File: tiles/mahjong-Front.pdf Graphic file (type pdf)
<use tiles/mahjong-Front.pdf>
File: tiles/mahjong-5p.pdf Graphic file (type pdf)
<use tiles/mahjong-5p.pdf>

Package natbib Warning: Citation `hiii' on page 4 undefined on input line 333.

File: tiles/mahjong-Front.pdf Graphic file (type pdf)
<use tiles/mahjong-Front.pdf>
File: tiles/mahjong-3p.pdf Graphic file (type pdf)
<use tiles/mahjong-3p.pdf>
File: tiles/mahjong-Front.pdf Graphic file (type pdf)
<use tiles/mahjong-Front.pdf>
File: tiles/mahjong-5p.pdf Graphic file (type pdf)
<use tiles/mahjong-5p.pdf>
File: tiles/mahjong-Front.pdf Graphic file (type pdf)
<use tiles/mahjong-Front.pdf>
File: tiles/mahjong-3p.pdf Graphic file (type pdf)
<use tiles/mahjong-3p.pdf>
File: tiles/mahjong-Front.pdf Graphic file (type pdf)
<use tiles/mahjong-Front.pdf>
File: tiles/mahjong-5p.pdf Graphic file (type pdf)
<use tiles/mahjong-5p.pdf>
File: tiles/mahjong-Front.pdf Graphic file (type pdf)
<use tiles/mahjong-Front.pdf>
File: tiles/mahjong-7p.pdf Graphic file (type pdf)
<use tiles/mahjong-7p.pdf>
File: tiles/mahjong-Front.pdf Graphic file (type pdf)
<use tiles/mahjong-Front.pdf>
File: tiles/mahjong-2p.pdf Graphic file (type pdf)
<use tiles/mahjong-2p.pdf>
File: tiles/mahjong-Front.pdf Graphic file (type pdf)
<use tiles/mahjong-Front.pdf>
File: tiles/mahjong-8p.pdf Graphic file (type pdf)
<use tiles/mahjong-8p.pdf>
File: tiles/mahjong-Front.pdf Graphic file (type pdf)
<use tiles/mahjong-Front.pdf>
File: tiles/mahjong-2s.pdf Graphic file (type pdf)
<use tiles/mahjong-2s.pdf>
File: tiles/mahjong-Front.pdf Graphic file (type pdf)
<use tiles/mahjong-Front.pdf>
File: tiles/mahjong-4s.pdf Graphic file (type pdf)
<use tiles/mahjong-4s.pdf>
File: tiles/mahjong-Front.pdf Graphic file (type pdf)
<use tiles/mahjong-Front.pdf>
File: tiles/mahjong-1m.pdf Graphic file (type pdf)
<use tiles/mahjong-1m.pdf>
File: tiles/mahjong-Front.pdf Graphic file (type pdf)
<use tiles/mahjong-Front.pdf>
File: tiles/mahjong-2m.pdf Graphic file (type pdf)
<use tiles/mahjong-2m.pdf>
File: tiles/mahjong-Front.pdf Graphic file (type pdf)
<use tiles/mahjong-Front.pdf>
File: tiles/mahjong-3m.pdf Graphic file (type pdf)
<use tiles/mahjong-3m.pdf>
File: tiles/mahjong-Front.pdf Graphic file (type pdf)
<use tiles/mahjong-Front.pdf>
File: tiles/mahjong-7m.pdf Graphic file (type pdf)
<use tiles/mahjong-7m.pdf>
File: tiles/mahjong-Front.pdf Graphic file (type pdf)
<use tiles/mahjong-Front.pdf>
File: tiles/mahjong-8m.pdf Graphic file (type pdf)
<use tiles/mahjong-8m.pdf>
File: tiles/mahjong-Front.pdf Graphic file (type pdf)
<use tiles/mahjong-Front.pdf>
File: tiles/mahjong-9m.pdf Graphic file (type pdf)
<use tiles/mahjong-9m.pdf>
File: tiles/mahjong-Front.pdf Graphic file (type pdf)
<use tiles/mahjong-Front.pdf>
File: tiles/mahjong-3p.pdf Graphic file (type pdf)
<use tiles/mahjong-3p.pdf>
File: tiles/mahjong-Front.pdf Graphic file (type pdf)
<use tiles/mahjong-Front.pdf>
File: tiles/mahjong-5p.pdf Graphic file (type pdf)
<use tiles/mahjong-5p.pdf>
File: tiles/mahjong-Front.pdf Graphic file (type pdf)
<use tiles/mahjong-Front.pdf>
File: tiles/mahjong-5p.pdf Graphic file (type pdf)
<use tiles/mahjong-5p.pdf>
File: tiles/mahjong-Front.pdf Graphic file (type pdf)
<use tiles/mahjong-Front.pdf>
File: tiles/mahjong-7p.pdf Graphic file (type pdf)
<use tiles/mahjong-7p.pdf>
File: tiles/mahjong-Front.pdf Graphic file (type pdf)
<use tiles/mahjong-Front.pdf>
File: tiles/mahjong-2s.pdf Graphic file (type pdf)
<use tiles/mahjong-2s.pdf>
File: tiles/mahjong-Front.pdf Graphic file (type pdf)
<use tiles/mahjong-Front.pdf>
File: tiles/mahjong-4s.pdf Graphic file (type pdf)
<use tiles/mahjong-4s.pdf>
File: tiles/mahjong-Front.pdf Graphic file (type pdf)
<use tiles/mahjong-Front.pdf>
File: tiles/mahjong-6s.pdf Graphic file (type pdf)
<use tiles/mahjong-6s.pdf>
File: tiles/mahjong-Front.pdf Graphic file (type pdf)
<use tiles/mahjong-Front.pdf>
File: tiles/mahjong-6s.pdf Graphic file (type pdf)
<use tiles/mahjong-6s.pdf>
File: tiles/mahjong-Front.pdf Graphic file (type pdf)
<use tiles/mahjong-Front.pdf>
File: tiles/mahjong-3p.pdf Graphic file (type pdf)
<use tiles/mahjong-3p.pdf>
File: tiles/mahjong-Front.pdf Graphic file (type pdf)
<use tiles/mahjong-Front.pdf>
File: tiles/mahjong-5p.pdf Graphic file (type pdf)
<use tiles/mahjong-5p.pdf>
File: tiles/mahjong-Front.pdf Graphic file (type pdf)
<use tiles/mahjong-Front.pdf>
File: tiles/mahjong-2s.pdf Graphic file (type pdf)
<use tiles/mahjong-2s.pdf>
File: tiles/mahjong-Front.pdf Graphic file (type pdf)
<use tiles/mahjong-Front.pdf>
File: tiles/mahjong-5p.pdf Graphic file (type pdf)
<use tiles/mahjong-5p.pdf>
File: tiles/mahjong-Front.pdf Graphic file (type pdf)
<use tiles/mahjong-Front.pdf>
File: tiles/mahjong-6p.pdf Graphic file (type pdf)
<use tiles/mahjong-6p.pdf>
File: tiles/mahjong-Front.pdf Graphic file (type pdf)
<use tiles/mahjong-Front.pdf>
File: tiles/mahjong-3s.pdf Graphic file (type pdf)
<use tiles/mahjong-3s.pdf>
File: tiles/mahjong-Front.pdf Graphic file (type pdf)
<use tiles/mahjong-Front.pdf>
File: tiles/mahjong-6s.pdf Graphic file (type pdf)
<use tiles/mahjong-6s.pdf>
File: tiles/mahjong-Front.pdf Graphic file (type pdf)
<use tiles/mahjong-Front.pdf>
File: tiles/mahjong-4p.pdf Graphic file (type pdf)
<use tiles/mahjong-4p.pdf>
File: tiles/mahjong-Front.pdf Graphic file (type pdf)
<use tiles/mahjong-Front.pdf>
File: tiles/mahjong-6p.pdf Graphic file (type pdf)
<use tiles/mahjong-6p.pdf>
File: tiles/mahjong-Front.pdf Graphic file (type pdf)
<use tiles/mahjong-Front.pdf>
File: tiles/mahjong-3s.pdf Graphic file (type pdf)
<use tiles/mahjong-3s.pdf>
File: tiles/mahjong-Front.pdf Graphic file (type pdf)
<use tiles/mahjong-Front.pdf>
File: tiles/mahjong-4p.pdf Graphic file (type pdf)
<use tiles/mahjong-4p.pdf>
File: tiles/mahjong-Front.pdf Graphic file (type pdf)
<use tiles/mahjong-Front.pdf>
File: tiles/mahjong-6p.pdf Graphic file (type pdf)
<use tiles/mahjong-6p.pdf>

Package natbib Warning: Citation `feng-intermediate' on page 4 undefined on inp
ut line 349.

File: tiles/mahjong-Front.pdf Graphic file (type pdf)
<use tiles/mahjong-Front.pdf>
File: tiles/mahjong-5p.pdf Graphic file (type pdf)
<use tiles/mahjong-5p.pdf>
File: tiles/mahjong-Front.pdf Graphic file (type pdf)
<use tiles/mahjong-Front.pdf>
File: tiles/mahjong-2m.pdf Graphic file (type pdf)
<use tiles/mahjong-2m.pdf>
File: tiles/mahjong-Front.pdf Graphic file (type pdf)
<use tiles/mahjong-Front.pdf>
File: tiles/mahjong-4m.pdf Graphic file (type pdf)
<use tiles/mahjong-4m.pdf>
File: tiles/mahjong-Front.pdf Graphic file (type pdf)
<use tiles/mahjong-Front.pdf>
File: tiles/mahjong-6m.pdf Graphic file (type pdf)
<use tiles/mahjong-6m.pdf>
File: tiles/mahjong-Front.pdf Graphic file (type pdf)
<use tiles/mahjong-Front.pdf>
File: tiles/mahjong-9m.pdf Graphic file (type pdf)
<use tiles/mahjong-9m.pdf>
File: tiles/mahjong-Front.pdf Graphic file (type pdf)
<use tiles/mahjong-Front.pdf>
File: tiles/mahjong-9m.pdf Graphic file (type pdf)
<use tiles/mahjong-9m.pdf>
File: tiles/mahjong-Front.pdf Graphic file (type pdf)
<use tiles/mahjong-Front.pdf>
File: tiles/mahjong-9m.pdf Graphic file (type pdf)
<use tiles/mahjong-9m.pdf>
File: tiles/mahjong-Front.pdf Graphic file (type pdf)
<use tiles/mahjong-Front.pdf>
File: tiles/mahjong-3s.pdf Graphic file (type pdf)
<use tiles/mahjong-3s.pdf>
File: tiles/mahjong-Front.pdf Graphic file (type pdf)
<use tiles/mahjong-Front.pdf>
File: tiles/mahjong-3s.pdf Graphic file (type pdf)
<use tiles/mahjong-3s.pdf>
File: tiles/mahjong-Front.pdf Graphic file (type pdf)
<use tiles/mahjong-Front.pdf>
File: tiles/mahjong-5s.pdf Graphic file (type pdf)
<use tiles/mahjong-5s.pdf>
File: tiles/mahjong-Front.pdf Graphic file (type pdf)
<use tiles/mahjong-Front.pdf>
File: tiles/mahjong-6s.pdf Graphic file (type pdf)
<use tiles/mahjong-6s.pdf>
File: tiles/mahjong-Front.pdf Graphic file (type pdf)
<use tiles/mahjong-Front.pdf>
File: tiles/mahjong-7s.pdf Graphic file (type pdf)
<use tiles/mahjong-7s.pdf>
File: tiles/mahjong-Front.pdf Graphic file (type pdf)
<use tiles/mahjong-Front.pdf>
File: tiles/mahjong-5p.pdf Graphic file (type pdf)
<use tiles/mahjong-5p.pdf>
File: tiles/mahjong-Front.pdf Graphic file (type pdf)
<use tiles/mahjong-Front.pdf>
File: tiles/mahjong-7p.pdf Graphic file (type pdf)
<use tiles/mahjong-7p.pdf>
File: tiles/mahjong-Front.pdf Graphic file (type pdf)
<use tiles/mahjong-Front.pdf>
File: tiles/mahjong-9p.pdf Graphic file (type pdf)
<use tiles/mahjong-9p.pdf>
File: tiles/mahjong-Front.pdf Graphic file (type pdf)
<use tiles/mahjong-Front.pdf>
File: tiles/mahjong-4p.pdf Graphic file (type pdf)
<use tiles/mahjong-4p.pdf>
File: tiles/mahjong-Front.pdf Graphic file (type pdf)
<use tiles/mahjong-Front.pdf>
File: tiles/mahjong-5p.pdf Graphic file (type pdf)
<use tiles/mahjong-5p.pdf>
File: tiles/mahjong-Front.pdf Graphic file (type pdf)
<use tiles/mahjong-Front.pdf>
File: tiles/mahjong-5p.pdf Graphic file (type pdf)
<use tiles/mahjong-5p.pdf>
File: tiles/mahjong-Front.pdf Graphic file (type pdf)
<use tiles/mahjong-Front.pdf>
File: tiles/mahjong-6p.pdf Graphic file (type pdf)
<use tiles/mahjong-6p.pdf>
File: tiles/mahjong-Front.pdf Graphic file (type pdf)
<use tiles/mahjong-Front.pdf>
File: tiles/mahjong-7p.pdf Graphic file (type pdf)
<use tiles/mahjong-7p.pdf>
File: tiles/mahjong-Front.pdf Graphic file (type pdf)
<use tiles/mahjong-Front.pdf>
File: tiles/mahjong-9p.pdf Graphic file (type pdf)
<use tiles/mahjong-9p.pdf>
File: tiles/mahjong-Front.pdf Graphic file (type pdf)
<use tiles/mahjong-Front.pdf>
File: tiles/mahjong-4p.pdf Graphic file (type pdf)
<use tiles/mahjong-4p.pdf>
File: tiles/mahjong-Front.pdf Graphic file (type pdf)
<use tiles/mahjong-Front.pdf>
File: tiles/mahjong-5p.pdf Graphic file (type pdf)
<use tiles/mahjong-5p.pdf>
File: tiles/mahjong-Front.pdf Graphic file (type pdf)
<use tiles/mahjong-Front.pdf>
File: tiles/mahjong-6p.pdf Graphic file (type pdf)
<use tiles/mahjong-6p.pdf>
File: tiles/mahjong-Front.pdf Graphic file (type pdf)
<use tiles/mahjong-Front.pdf>
File: tiles/mahjong-5p.pdf Graphic file (type pdf)
<use tiles/mahjong-5p.pdf>
File: tiles/mahjong-Front.pdf Graphic file (type pdf)
<use tiles/mahjong-Front.pdf>
File: tiles/mahjong-7p.pdf Graphic file (type pdf)
<use tiles/mahjong-7p.pdf>
File: tiles/mahjong-Front.pdf Graphic file (type pdf)
<use tiles/mahjong-Front.pdf>
File: tiles/mahjong-9p.pdf Graphic file (type pdf)
<use tiles/mahjong-9p.pdf>
File: tiles/mahjong-Front.pdf Graphic file (type pdf)
<use tiles/mahjong-Front.pdf>
File: tiles/mahjong-4p.pdf Graphic file (type pdf)
<use tiles/mahjong-4p.pdf>
File: tiles/mahjong-Front.pdf Graphic file (type pdf)
<use tiles/mahjong-Front.pdf>
File: tiles/mahjong-5p.pdf Graphic file (type pdf)
<use tiles/mahjong-5p.pdf>
File: tiles/mahjong-Front.pdf Graphic file (type pdf)
<use tiles/mahjong-Front.pdf>
File: tiles/mahjong-5p.pdf Graphic file (type pdf)
<use tiles/mahjong-5p.pdf>
File: tiles/mahjong-Front.pdf Graphic file (type pdf)
<use tiles/mahjong-Front.pdf>
File: tiles/mahjong-6p.pdf Graphic file (type pdf)
<use tiles/mahjong-6p.pdf>
File: tiles/mahjong-Front.pdf Graphic file (type pdf)
<use tiles/mahjong-Front.pdf>
File: tiles/mahjong-7p.pdf Graphic file (type pdf)
<use tiles/mahjong-7p.pdf>
File: tiles/mahjong-Front.pdf Graphic file (type pdf)
<use tiles/mahjong-Front.pdf>
File: tiles/mahjong-9p.pdf Graphic file (type pdf)
<use tiles/mahjong-9p.pdf>
File: tiles/mahjong-Front.pdf Graphic file (type pdf)
<use tiles/mahjong-Front.pdf>
File: tiles/mahjong-3p.pdf Graphic file (type pdf)
<use tiles/mahjong-3p.pdf>
File: tiles/mahjong-Front.pdf Graphic file (type pdf)
<use tiles/mahjong-Front.pdf>
File: tiles/mahjong-6p.pdf Graphic file (type pdf)
<use tiles/mahjong-6p.pdf>
File: tiles/mahjong-Front.pdf Graphic file (type pdf)
<use tiles/mahjong-Front.pdf>
File: tiles/mahjong-8p.pdf Graphic file (type pdf)
<use tiles/mahjong-8p.pdf>
File: tiles/mahjong-Front.pdf Graphic file (type pdf)
<use tiles/mahjong-Front.pdf>
File: tiles/mahjong-9p.pdf Graphic file (type pdf)
<use tiles/mahjong-9p.pdf>
File: tiles/mahjong-Front.pdf Graphic file (type pdf)
<use tiles/mahjong-Front.pdf>
File: tiles/mahjong-1m.pdf Graphic file (type pdf)
<use tiles/mahjong-1m.pdf>
File: tiles/mahjong-Front.pdf Graphic file (type pdf)
<use tiles/mahjong-Front.pdf>
File: tiles/mahjong-3m.pdf Graphic file (type pdf)
<use tiles/mahjong-3m.pdf>
File: tiles/mahjong-Front.pdf Graphic file (type pdf)
<use tiles/mahjong-Front.pdf>
File: tiles/mahjong-4m.pdf Graphic file (type pdf)
<use tiles/mahjong-4m.pdf>
File: tiles/mahjong-Front.pdf Graphic file (type pdf)
<use tiles/mahjong-Front.pdf>
File: tiles/mahjong-5m.pdf Graphic file (type pdf)
<use tiles/mahjong-5m.pdf>
File: tiles/mahjong-Front.pdf Graphic file (type pdf)
<use tiles/mahjong-Front.pdf>
File: tiles/mahjong-5m.pdf Graphic file (type pdf)
<use tiles/mahjong-5m.pdf>
File: tiles/mahjong-Front.pdf Graphic file (type pdf)
<use tiles/mahjong-Front.pdf>
File: tiles/mahjong-6m.pdf Graphic file (type pdf)
<use tiles/mahjong-6m.pdf>

Package natbib Warning: Citation `uzaku-haikouritsu' on page 4 undefined on inp
ut line 356.

File: tiles/mahjong-Front.pdf Graphic file (type pdf)
<use tiles/mahjong-Front.pdf>
File: tiles/mahjong-6m.pdf Graphic file (type pdf)
<use tiles/mahjong-6m.pdf>
File: tiles/mahjong-Front.pdf Graphic file (type pdf)
<use tiles/mahjong-Front.pdf>
File: tiles/mahjong-7m.pdf Graphic file (type pdf)
<use tiles/mahjong-7m.pdf>
File: tiles/mahjong-Front.pdf Graphic file (type pdf)
<use tiles/mahjong-Front.pdf>
File: tiles/mahjong-1p.pdf Graphic file (type pdf)
<use tiles/mahjong-1p.pdf>
File: tiles/mahjong-Front.pdf Graphic file (type pdf)
<use tiles/mahjong-Front.pdf>
File: tiles/mahjong-1p.pdf Graphic file (type pdf)
<use tiles/mahjong-1p.pdf>
File: tiles/mahjong-Front.pdf Graphic file (type pdf)
<use tiles/mahjong-Front.pdf>
File: tiles/mahjong-4p.pdf Graphic file (type pdf)
<use tiles/mahjong-4p.pdf>
File: tiles/mahjong-Front.pdf Graphic file (type pdf)
<use tiles/mahjong-Front.pdf>
File: tiles/mahjong-5p.pdf Graphic file (type pdf)
<use tiles/mahjong-5p.pdf>
File: tiles/mahjong-Front.pdf Graphic file (type pdf)
<use tiles/mahjong-Front.pdf>
File: tiles/mahjong-6p.pdf Graphic file (type pdf)
<use tiles/mahjong-6p.pdf>
File: tiles/mahjong-Front.pdf Graphic file (type pdf)
<use tiles/mahjong-Front.pdf>
File: tiles/mahjong-2s.pdf Graphic file (type pdf)
<use tiles/mahjong-2s.pdf>
File: tiles/mahjong-Front.pdf Graphic file (type pdf)
<use tiles/mahjong-Front.pdf>
File: tiles/mahjong-3s.pdf Graphic file (type pdf)
<use tiles/mahjong-3s.pdf>
File: tiles/mahjong-Front.pdf Graphic file (type pdf)
<use tiles/mahjong-Front.pdf>
File: tiles/mahjong-5s.pdf Graphic file (type pdf)
<use tiles/mahjong-5s.pdf>
File: tiles/mahjong-Front.pdf Graphic file (type pdf)
<use tiles/mahjong-Front.pdf>
File: tiles/mahjong-6s.pdf Graphic file (type pdf)
<use tiles/mahjong-6s.pdf>
File: tiles/mahjong-Front.pdf Graphic file (type pdf)
<use tiles/mahjong-Front.pdf>
File: tiles/mahjong-7s.pdf Graphic file (type pdf)
<use tiles/mahjong-7s.pdf>
File: tiles/mahjong-Front.pdf Graphic file (type pdf)
<use tiles/mahjong-Front.pdf>
File: tiles/mahjong-7s.pdf Graphic file (type pdf)
<use tiles/mahjong-7s.pdf>
File: tiles/mahjong-Space.pdf Graphic file (type pdf)
<use tiles/mahjong-Space.pdf>
File: tiles/mahjong-Front.pdf Graphic file (type pdf)
<use tiles/mahjong-Front.pdf>
File: tiles/mahjong-8s.pdf Graphic file (type pdf)
<use tiles/mahjong-8s.pdf>
File: tiles/mahjong-Front.pdf Graphic file (type pdf)
<use tiles/mahjong-Front.pdf>
File: tiles/mahjong-2s.pdf Graphic file (type pdf)
<use tiles/mahjong-2s.pdf>
File: tiles/mahjong-Front.pdf Graphic file (type pdf)
<use tiles/mahjong-Front.pdf>
File: tiles/mahjong-5m.pdf Graphic file (type pdf)
<use tiles/mahjong-5m.pdf>
File: tiles/mahjong-Front.pdf Graphic file (type pdf)
<use tiles/mahjong-Front.pdf>
File: tiles/mahjong-8m.pdf Graphic file (type pdf)
<use tiles/mahjong-8m.pdf>
File: tiles/mahjong-Front.pdf Graphic file (type pdf)
<use tiles/mahjong-Front.pdf>
File: tiles/mahjong-4s.pdf Graphic file (type pdf)
<use tiles/mahjong-4s.pdf>
File: tiles/mahjong-Front.pdf Graphic file (type pdf)
<use tiles/mahjong-Front.pdf>
File: tiles/mahjong-6s.pdf Graphic file (type pdf)
<use tiles/mahjong-6s.pdf>
File: tiles/mahjong-Front.pdf Graphic file (type pdf)
<use tiles/mahjong-Front.pdf>
File: tiles/mahjong-9s.pdf Graphic file (type pdf)
<use tiles/mahjong-9s.pdf>
File: tiles/mahjong-Front.pdf Graphic file (type pdf)
<use tiles/mahjong-Front.pdf>
File: tiles/mahjong-5s.pdf Graphic file (type pdf)
<use tiles/mahjong-5s.pdf>
File: tiles/mahjong-Front.pdf Graphic file (type pdf)
<use tiles/mahjong-Front.pdf>
File: tiles/mahjong-7s.pdf Graphic file (type pdf)
<use tiles/mahjong-7s.pdf>
File: tiles/mahjong-Front.pdf Graphic file (type pdf)
<use tiles/mahjong-Front.pdf>
File: tiles/mahjong-8s.pdf Graphic file (type pdf)
<use tiles/mahjong-8s.pdf>
File: tiles/mahjong-Front.pdf Graphic file (type pdf)
<use tiles/mahjong-Front.pdf>
File: tiles/mahjong-5m.pdf Graphic file (type pdf)
<use tiles/mahjong-5m.pdf>
File: tiles/mahjong-Front.pdf Graphic file (type pdf)
<use tiles/mahjong-Front.pdf>
File: tiles/mahjong-8m.pdf Graphic file (type pdf)
<use tiles/mahjong-8m.pdf>
File: tiles/mahjong-Front.pdf Graphic file (type pdf)
<use tiles/mahjong-Front.pdf>
File: tiles/mahjong-1s.pdf Graphic file (type pdf)
<use tiles/mahjong-1s.pdf>
File: tiles/mahjong-Front.pdf Graphic file (type pdf)
<use tiles/mahjong-Front.pdf>
File: tiles/mahjong-4s.pdf Graphic file (type pdf)
<use tiles/mahjong-4s.pdf>
File: tiles/mahjong-Front.pdf Graphic file (type pdf)
<use tiles/mahjong-Front.pdf>
File: tiles/mahjong-6m.pdf Graphic file (type pdf)
<use tiles/mahjong-6m.pdf>
File: tiles/mahjong-Front.pdf Graphic file (type pdf)
<use tiles/mahjong-Front.pdf>
File: tiles/mahjong-7m.pdf Graphic file (type pdf)
<use tiles/mahjong-7m.pdf>
File: tiles/mahjong-Front.pdf Graphic file (type pdf)
<use tiles/mahjong-Front.pdf>
File: tiles/mahjong-2s.pdf Graphic file (type pdf)
<use tiles/mahjong-2s.pdf>
File: tiles/mahjong-Front.pdf Graphic file (type pdf)
<use tiles/mahjong-Front.pdf>
File: tiles/mahjong-3s.pdf Graphic file (type pdf)
<use tiles/mahjong-3s.pdf>
File: tiles/mahjong-Front.pdf Graphic file (type pdf)
<use tiles/mahjong-Front.pdf>
File: tiles/mahjong-7s.pdf Graphic file (type pdf)
<use tiles/mahjong-7s.pdf>
File: tiles/mahjong-Front.pdf Graphic file (type pdf)
<use tiles/mahjong-Front.pdf>
File: tiles/mahjong-8s.pdf Graphic file (type pdf)
<use tiles/mahjong-8s.pdf>
File: tiles/mahjong-Front.pdf Graphic file (type pdf)
<use tiles/mahjong-Front.pdf>
File: tiles/mahjong-5s.pdf Graphic file (type pdf)
<use tiles/mahjong-5s.pdf>
File: tiles/mahjong-Front.pdf Graphic file (type pdf)
<use tiles/mahjong-Front.pdf>
File: tiles/mahjong-6s.pdf Graphic file (type pdf)
<use tiles/mahjong-6s.pdf>
File: tiles/mahjong-Front.pdf Graphic file (type pdf)
<use tiles/mahjong-Front.pdf>
File: tiles/mahjong-7s.pdf Graphic file (type pdf)
<use tiles/mahjong-7s.pdf>
File: tiles/mahjong-Front.pdf Graphic file (type pdf)
<use tiles/mahjong-Front.pdf>
File: tiles/mahjong-7s.pdf Graphic file (type pdf)
<use tiles/mahjong-7s.pdf>
File: tiles/mahjong-Front.pdf Graphic file (type pdf)
<use tiles/mahjong-Front.pdf>
File: tiles/mahjong-8s.pdf Graphic file (type pdf)
<use tiles/mahjong-8s.pdf>
File: tiles/mahjong-Front.pdf Graphic file (type pdf)
<use tiles/mahjong-Front.pdf>
File: tiles/mahjong-2s.pdf Graphic file (type pdf)
<use tiles/mahjong-2s.pdf>
File: tiles/mahjong-Front.pdf Graphic file (type pdf)
<use tiles/mahjong-Front.pdf>
File: tiles/mahjong-6m.pdf Graphic file (type pdf)
<use tiles/mahjong-6m.pdf>
File: tiles/mahjong-Front.pdf Graphic file (type pdf)
<use tiles/mahjong-Front.pdf>
File: tiles/mahjong-7m.pdf Graphic file (type pdf)
<use tiles/mahjong-7m.pdf>
File: tiles/mahjong-Front.pdf Graphic file (type pdf)
<use tiles/mahjong-Front.pdf>
File: tiles/mahjong-2p.pdf Graphic file (type pdf)
<use tiles/mahjong-2p.pdf>
File: tiles/mahjong-Front.pdf Graphic file (type pdf)
<use tiles/mahjong-Front.pdf>
File: tiles/mahjong-3p.pdf Graphic file (type pdf)
<use tiles/mahjong-3p.pdf>
File: tiles/mahjong-Front.pdf Graphic file (type pdf)
<use tiles/mahjong-Front.pdf>
File: tiles/mahjong-4p.pdf Graphic file (type pdf)
<use tiles/mahjong-4p.pdf>
File: tiles/mahjong-Front.pdf Graphic file (type pdf)
<use tiles/mahjong-Front.pdf>
File: tiles/mahjong-5p.pdf Graphic file (type pdf)
<use tiles/mahjong-5p.pdf>
File: tiles/mahjong-Front.pdf Graphic file (type pdf)
<use tiles/mahjong-Front.pdf>
File: tiles/mahjong-6p.pdf Graphic file (type pdf)
<use tiles/mahjong-6p.pdf>
File: tiles/mahjong-Front.pdf Graphic file (type pdf)
<use tiles/mahjong-Front.pdf>
File: tiles/mahjong-2s.pdf Graphic file (type pdf)
<use tiles/mahjong-2s.pdf>
File: tiles/mahjong-Front.pdf Graphic file (type pdf)
<use tiles/mahjong-Front.pdf>
File: tiles/mahjong-3s.pdf Graphic file (type pdf)
<use tiles/mahjong-3s.pdf>
File: tiles/mahjong-Front.pdf Graphic file (type pdf)
<use tiles/mahjong-Front.pdf>
File: tiles/mahjong-5s.pdf Graphic file (type pdf)
<use tiles/mahjong-5s.pdf>
File: tiles/mahjong-Front.pdf Graphic file (type pdf)
<use tiles/mahjong-Front.pdf>
File: tiles/mahjong-6s.pdf Graphic file (type pdf)
<use tiles/mahjong-6s.pdf>
File: tiles/mahjong-Front.pdf Graphic file (type pdf)
<use tiles/mahjong-Front.pdf>
File: tiles/mahjong-7s.pdf Graphic file (type pdf)
<use tiles/mahjong-7s.pdf>
File: tiles/mahjong-Front.pdf Graphic file (type pdf)
<use tiles/mahjong-Front.pdf>
File: tiles/mahjong-7s.pdf Graphic file (type pdf)
<use tiles/mahjong-7s.pdf>
File: tiles/mahjong-Space.pdf Graphic file (type pdf)
<use tiles/mahjong-Space.pdf>
File: tiles/mahjong-Front.pdf Graphic file (type pdf)
<use tiles/mahjong-Front.pdf>
File: tiles/mahjong-8s.pdf Graphic file (type pdf)
<use tiles/mahjong-8s.pdf>
File: tiles/mahjong-Front.pdf Graphic file (type pdf)
<use tiles/mahjong-Front.pdf>
File: tiles/mahjong-2s.pdf Graphic file (type pdf)
<use tiles/mahjong-2s.pdf>
File: tiles/mahjong-Front.pdf Graphic file (type pdf)
<use tiles/mahjong-Front.pdf>
File: tiles/mahjong-5m.pdf Graphic file (type pdf)
<use tiles/mahjong-5m.pdf>
File: tiles/mahjong-Front.pdf Graphic file (type pdf)
<use tiles/mahjong-Front.pdf>
File: tiles/mahjong-8m.pdf Graphic file (type pdf)
<use tiles/mahjong-8m.pdf>
File: tiles/mahjong-Front.pdf Graphic file (type pdf)
<use tiles/mahjong-Front.pdf>
File: tiles/mahjong-1p.pdf Graphic file (type pdf)
<use tiles/mahjong-1p.pdf>
File: tiles/mahjong-Front.pdf Graphic file (type pdf)
<use tiles/mahjong-Front.pdf>
File: tiles/mahjong-7p.pdf Graphic file (type pdf)
<use tiles/mahjong-7p.pdf>
File: tiles/mahjong-Front.pdf Graphic file (type pdf)
<use tiles/mahjong-Front.pdf>
File: tiles/mahjong-3s.pdf Graphic file (type pdf)
<use tiles/mahjong-3s.pdf>
File: tiles/mahjong-Front.pdf Graphic file (type pdf)
<use tiles/mahjong-Front.pdf>
File: tiles/mahjong-9s.pdf Graphic file (type pdf)
<use tiles/mahjong-9s.pdf>
File: tiles/mahjong-Front.pdf Graphic file (type pdf)
<use tiles/mahjong-Front.pdf>
File: tiles/mahjong-3s.pdf Graphic file (type pdf)
<use tiles/mahjong-3s.pdf>
File: tiles/mahjong-Front.pdf Graphic file (type pdf)
<use tiles/mahjong-Front.pdf>
File: tiles/mahjong-5m.pdf Graphic file (type pdf)
<use tiles/mahjong-5m.pdf>
File: tiles/mahjong-Front.pdf Graphic file (type pdf)
<use tiles/mahjong-Front.pdf>
File: tiles/mahjong-8m.pdf Graphic file (type pdf)
<use tiles/mahjong-8m.pdf>
File: tiles/mahjong-Front.pdf Graphic file (type pdf)
<use tiles/mahjong-Front.pdf>
File: tiles/mahjong-1p.pdf Graphic file (type pdf)
<use tiles/mahjong-1p.pdf>
File: tiles/mahjong-Front.pdf Graphic file (type pdf)
<use tiles/mahjong-Front.pdf>
File: tiles/mahjong-7p.pdf Graphic file (type pdf)
<use tiles/mahjong-7p.pdf>
File: tiles/mahjong-Front.pdf Graphic file (type pdf)
<use tiles/mahjong-Front.pdf>
File: tiles/mahjong-2s.pdf Graphic file (type pdf)
<use tiles/mahjong-2s.pdf>
File: tiles/mahjong-Front.pdf Graphic file (type pdf)
<use tiles/mahjong-Front.pdf>
File: tiles/mahjong-4s.pdf Graphic file (type pdf)
<use tiles/mahjong-4s.pdf>
File: tiles/mahjong-Front.pdf Graphic file (type pdf)
<use tiles/mahjong-Front.pdf>
File: tiles/mahjong-9s.pdf Graphic file (type pdf)
<use tiles/mahjong-9s.pdf>
File: tiles/mahjong-Front.pdf Graphic file (type pdf)
<use tiles/mahjong-Front.pdf>
File: tiles/mahjong-7s.pdf Graphic file (type pdf)
<use tiles/mahjong-7s.pdf>
File: tiles/mahjong-Front.pdf Graphic file (type pdf)
<use tiles/mahjong-Front.pdf>
File: tiles/mahjong-5m.pdf Graphic file (type pdf)
<use tiles/mahjong-5m.pdf>
File: tiles/mahjong-Front.pdf Graphic file (type pdf)
<use tiles/mahjong-Front.pdf>
File: tiles/mahjong-8m.pdf Graphic file (type pdf)
<use tiles/mahjong-8m.pdf>
File: tiles/mahjong-Front.pdf Graphic file (type pdf)
<use tiles/mahjong-Front.pdf>
File: tiles/mahjong-1p.pdf Graphic file (type pdf)
<use tiles/mahjong-1p.pdf>
File: tiles/mahjong-Front.pdf Graphic file (type pdf)
<use tiles/mahjong-Front.pdf>
File: tiles/mahjong-7p.pdf Graphic file (type pdf)
<use tiles/mahjong-7p.pdf>
File: tiles/mahjong-Front.pdf Graphic file (type pdf)
<use tiles/mahjong-Front.pdf>
File: tiles/mahjong-1s.pdf Graphic file (type pdf)
<use tiles/mahjong-1s.pdf>
File: tiles/mahjong-Front.pdf Graphic file (type pdf)
<use tiles/mahjong-Front.pdf>
File: tiles/mahjong-5s.pdf Graphic file (type pdf)
<use tiles/mahjong-5s.pdf>
File: tiles/mahjong-Front.pdf Graphic file (type pdf)
<use tiles/mahjong-Front.pdf>
File: tiles/mahjong-8s.pdf Graphic file (type pdf)
<use tiles/mahjong-8s.pdf>
File: tiles/mahjong-Front.pdf Graphic file (type pdf)
<use tiles/mahjong-Front.pdf>
File: tiles/mahjong-6m.pdf Graphic file (type pdf)
<use tiles/mahjong-6m.pdf>
File: tiles/mahjong-Front.pdf Graphic file (type pdf)
<use tiles/mahjong-Front.pdf>
File: tiles/mahjong-7m.pdf Graphic file (type pdf)
<use tiles/mahjong-7m.pdf>
File: tiles/mahjong-Front.pdf Graphic file (type pdf)
<use tiles/mahjong-Front.pdf>
File: tiles/mahjong-1p.pdf Graphic file (type pdf)
<use tiles/mahjong-1p.pdf>
File: tiles/mahjong-Front.pdf Graphic file (type pdf)
<use tiles/mahjong-Front.pdf>
File: tiles/mahjong-7p.pdf Graphic file (type pdf)
<use tiles/mahjong-7p.pdf>
File: tiles/mahjong-Front.pdf Graphic file (type pdf)
<use tiles/mahjong-Front.pdf>
File: tiles/mahjong-1s.pdf Graphic file (type pdf)
<use tiles/mahjong-1s.pdf>
File: tiles/mahjong-Front.pdf Graphic file (type pdf)
<use tiles/mahjong-Front.pdf>
File: tiles/mahjong-9s.pdf Graphic file (type pdf)
<use tiles/mahjong-9s.pdf>
File: tiles/mahjong-Front.pdf Graphic file (type pdf)
<use tiles/mahjong-Front.pdf>
File: tiles/mahjong-7s.pdf Graphic file (type pdf)
<use tiles/mahjong-7s.pdf>
File: tiles/mahjong-Front.pdf Graphic file (type pdf)
<use tiles/mahjong-Front.pdf>
File: tiles/mahjong-6m.pdf Graphic file (type pdf)
<use tiles/mahjong-6m.pdf>
File: tiles/mahjong-Front.pdf Graphic file (type pdf)
<use tiles/mahjong-Front.pdf>
File: tiles/mahjong-7m.pdf Graphic file (type pdf)
<use tiles/mahjong-7m.pdf>
File: tiles/mahjong-Front.pdf Graphic file (type pdf)
<use tiles/mahjong-Front.pdf>
File: tiles/mahjong-2p.pdf Graphic file (type pdf)
<use tiles/mahjong-2p.pdf>
File: tiles/mahjong-Front.pdf Graphic file (type pdf)
<use tiles/mahjong-Front.pdf>
File: tiles/mahjong-3p.pdf Graphic file (type pdf)
<use tiles/mahjong-3p.pdf>
File: tiles/mahjong-Front.pdf Graphic file (type pdf)
<use tiles/mahjong-Front.pdf>
File: tiles/mahjong-5p.pdf Graphic file (type pdf)
<use tiles/mahjong-5p.pdf>
File: tiles/mahjong-Front.pdf Graphic file (type pdf)
<use tiles/mahjong-Front.pdf>
File: tiles/mahjong-6p.pdf Graphic file (type pdf)
<use tiles/mahjong-6p.pdf>
File: tiles/mahjong-Front.pdf Graphic file (type pdf)
<use tiles/mahjong-Front.pdf>
File: tiles/mahjong-2s.pdf Graphic file (type pdf)
<use tiles/mahjong-2s.pdf>
File: tiles/mahjong-Front.pdf Graphic file (type pdf)
<use tiles/mahjong-Front.pdf>
File: tiles/mahjong-3s.pdf Graphic file (type pdf)
<use tiles/mahjong-3s.pdf>
File: tiles/mahjong-Front.pdf Graphic file (type pdf)
<use tiles/mahjong-Front.pdf>
File: tiles/mahjong-5s.pdf Graphic file (type pdf)
<use tiles/mahjong-5s.pdf>
File: tiles/mahjong-Front.pdf Graphic file (type pdf)
<use tiles/mahjong-Front.pdf>
File: tiles/mahjong-8s.pdf Graphic file (type pdf)
<use tiles/mahjong-8s.pdf>
File: tiles/mahjong-Front.pdf Graphic file (type pdf)
<use tiles/mahjong-Front.pdf>
File: tiles/mahjong-2s.pdf Graphic file (type pdf)
<use tiles/mahjong-2s.pdf>
File: tiles/mahjong-Front.pdf Graphic file (type pdf)
<use tiles/mahjong-Front.pdf>
File: tiles/mahjong-6m.pdf Graphic file (type pdf)
<use tiles/mahjong-6m.pdf>
File: tiles/mahjong-Front.pdf Graphic file (type pdf)
<use tiles/mahjong-Front.pdf>
File: tiles/mahjong-7m.pdf Graphic file (type pdf)
<use tiles/mahjong-7m.pdf>
File: tiles/mahjong-Front.pdf Graphic file (type pdf)
<use tiles/mahjong-Front.pdf>
File: tiles/mahjong-2p.pdf Graphic file (type pdf)
<use tiles/mahjong-2p.pdf>
File: tiles/mahjong-Front.pdf Graphic file (type pdf)
<use tiles/mahjong-Front.pdf>
File: tiles/mahjong-3p.pdf Graphic file (type pdf)
<use tiles/mahjong-3p.pdf>
File: tiles/mahjong-Front.pdf Graphic file (type pdf)
<use tiles/mahjong-Front.pdf>
File: tiles/mahjong-5p.pdf Graphic file (type pdf)
<use tiles/mahjong-5p.pdf>
File: tiles/mahjong-Front.pdf Graphic file (type pdf)
<use tiles/mahjong-Front.pdf>
File: tiles/mahjong-6p.pdf Graphic file (type pdf)
<use tiles/mahjong-6p.pdf>
File: tiles/mahjong-Front.pdf Graphic file (type pdf)
<use tiles/mahjong-Front.pdf>
File: tiles/mahjong-3s.pdf Graphic file (type pdf)
<use tiles/mahjong-3s.pdf>
File: tiles/mahjong-Front.pdf Graphic file (type pdf)
<use tiles/mahjong-Front.pdf>
File: tiles/mahjong-7s.pdf Graphic file (type pdf)
<use tiles/mahjong-7s.pdf>
File: tiles/mahjong-Front.pdf Graphic file (type pdf)
<use tiles/mahjong-Front.pdf>
File: tiles/mahjong-8s.pdf Graphic file (type pdf)
<use tiles/mahjong-8s.pdf>
File: tiles/mahjong-Front.pdf Graphic file (type pdf)
<use tiles/mahjong-Front.pdf>
File: tiles/mahjong-3s.pdf Graphic file (type pdf)
<use tiles/mahjong-3s.pdf>
File: tiles/mahjong-Front.pdf Graphic file (type pdf)
<use tiles/mahjong-Front.pdf>
File: tiles/mahjong-6m.pdf Graphic file (type pdf)
<use tiles/mahjong-6m.pdf>
File: tiles/mahjong-Front.pdf Graphic file (type pdf)
<use tiles/mahjong-Front.pdf>
File: tiles/mahjong-7m.pdf Graphic file (type pdf)
<use tiles/mahjong-7m.pdf>
File: tiles/mahjong-Front.pdf Graphic file (type pdf)
<use tiles/mahjong-Front.pdf>
File: tiles/mahjong-2p.pdf Graphic file (type pdf)
<use tiles/mahjong-2p.pdf>
File: tiles/mahjong-Front.pdf Graphic file (type pdf)
<use tiles/mahjong-Front.pdf>
File: tiles/mahjong-3p.pdf Graphic file (type pdf)
<use tiles/mahjong-3p.pdf>
File: tiles/mahjong-Front.pdf Graphic file (type pdf)
<use tiles/mahjong-Front.pdf>
File: tiles/mahjong-5p.pdf Graphic file (type pdf)
<use tiles/mahjong-5p.pdf>
File: tiles/mahjong-Front.pdf Graphic file (type pdf)
<use tiles/mahjong-Front.pdf>
File: tiles/mahjong-6p.pdf Graphic file (type pdf)
<use tiles/mahjong-6p.pdf>
File: tiles/mahjong-Front.pdf Graphic file (type pdf)
<use tiles/mahjong-Front.pdf>
File: tiles/mahjong-2s.pdf Graphic file (type pdf)
<use tiles/mahjong-2s.pdf>
File: tiles/mahjong-Front.pdf Graphic file (type pdf)
<use tiles/mahjong-Front.pdf>
File: tiles/mahjong-7s.pdf Graphic file (type pdf)
<use tiles/mahjong-7s.pdf>
File: tiles/mahjong-Front.pdf Graphic file (type pdf)
<use tiles/mahjong-Front.pdf>
File: tiles/mahjong-8s.pdf Graphic file (type pdf)
<use tiles/mahjong-8s.pdf>
File: tiles/mahjong-Front.pdf Graphic file (type pdf)
<use tiles/mahjong-Front.pdf>
File: tiles/mahjong-6m.pdf Graphic file (type pdf)
<use tiles/mahjong-6m.pdf>
File: tiles/mahjong-Front.pdf Graphic file (type pdf)
<use tiles/mahjong-Front.pdf>
File: tiles/mahjong-7m.pdf Graphic file (type pdf)
<use tiles/mahjong-7m.pdf>
File: tiles/mahjong-Front.pdf Graphic file (type pdf)
<use tiles/mahjong-Front.pdf>
File: tiles/mahjong-2s.pdf Graphic file (type pdf)
<use tiles/mahjong-2s.pdf>
File: tiles/mahjong-Front.pdf Graphic file (type pdf)
<use tiles/mahjong-Front.pdf>
File: tiles/mahjong-3s.pdf Graphic file (type pdf)
<use tiles/mahjong-3s.pdf>
File: tiles/mahjong-Front.pdf Graphic file (type pdf)
<use tiles/mahjong-Front.pdf>
File: tiles/mahjong-5s.pdf Graphic file (type pdf)
<use tiles/mahjong-5s.pdf>
File: tiles/mahjong-Front.pdf Graphic file (type pdf)
<use tiles/mahjong-Front.pdf>
File: tiles/mahjong-6s.pdf Graphic file (type pdf)
<use tiles/mahjong-6s.pdf>
File: tiles/mahjong-Front.pdf Graphic file (type pdf)
<use tiles/mahjong-Front.pdf>
File: tiles/mahjong-2s.pdf Graphic file (type pdf)
<use tiles/mahjong-2s.pdf>
File: tiles/mahjong-Front.pdf Graphic file (type pdf)
<use tiles/mahjong-Front.pdf>
File: tiles/mahjong-3s.pdf Graphic file (type pdf)
<use tiles/mahjong-3s.pdf>
File: tiles/mahjong-Front.pdf Graphic file (type pdf)
<use tiles/mahjong-Front.pdf>
File: tiles/mahjong-7s.pdf Graphic file (type pdf)
<use tiles/mahjong-7s.pdf>
File: tiles/mahjong-Front.pdf Graphic file (type pdf)
<use tiles/mahjong-Front.pdf>
File: tiles/mahjong-8s.pdf Graphic file (type pdf)
<use tiles/mahjong-8s.pdf>
[4]
File: tiles/mahjong-Front.pdf Graphic file (type pdf)
<use tiles/mahjong-Front.pdf>
File: tiles/mahjong-1p.pdf Graphic file (type pdf)
<use tiles/mahjong-1p.pdf>
File: tiles/mahjong-Front.pdf Graphic file (type pdf)
<use tiles/mahjong-Front.pdf>
File: tiles/mahjong-1p.pdf Graphic file (type pdf)
<use tiles/mahjong-1p.pdf>
File: tiles/mahjong-Front.pdf Graphic file (type pdf)
<use tiles/mahjong-Front.pdf>
File: tiles/mahjong-2p.pdf Graphic file (type pdf)
<use tiles/mahjong-2p.pdf>
File: tiles/mahjong-Front.pdf Graphic file (type pdf)
<use tiles/mahjong-Front.pdf>
File: tiles/mahjong-3p.pdf Graphic file (type pdf)
<use tiles/mahjong-3p.pdf>
File: tiles/mahjong-Front.pdf Graphic file (type pdf)
<use tiles/mahjong-Front.pdf>
File: tiles/mahjong-7s.pdf Graphic file (type pdf)
<use tiles/mahjong-7s.pdf>
File: tiles/mahjong-Front.pdf Graphic file (type pdf)
<use tiles/mahjong-Front.pdf>
File: tiles/mahjong-5s.pdf Graphic file (type pdf)
<use tiles/mahjong-5s.pdf>
File: tiles/mahjong-Front.pdf Graphic file (type pdf)
<use tiles/mahjong-Front.pdf>
File: tiles/mahjong-6s.pdf Graphic file (type pdf)
<use tiles/mahjong-6s.pdf>
File: tiles/mahjong-Front.pdf Graphic file (type pdf)
<use tiles/mahjong-Front.pdf>
File: tiles/mahjong-7s.pdf Graphic file (type pdf)
<use tiles/mahjong-7s.pdf>
File: tiles/mahjong-Front.pdf Graphic file (type pdf)
<use tiles/mahjong-Front.pdf>
File: tiles/mahjong-8s.pdf Graphic file (type pdf)
<use tiles/mahjong-8s.pdf>
File: tiles/mahjong-Front.pdf Graphic file (type pdf)
<use tiles/mahjong-Front.pdf>
File: tiles/mahjong-3m.pdf Graphic file (type pdf)
<use tiles/mahjong-3m.pdf>
File: tiles/mahjong-Front.pdf Graphic file (type pdf)
<use tiles/mahjong-Front.pdf>
File: tiles/mahjong-4m.pdf Graphic file (type pdf)
<use tiles/mahjong-4m.pdf>
File: tiles/mahjong-Front.pdf Graphic file (type pdf)
<use tiles/mahjong-Front.pdf>
File: tiles/mahjong-5m.pdf Graphic file (type pdf)
<use tiles/mahjong-5m.pdf>
File: tiles/mahjong-Front.pdf Graphic file (type pdf)
<use tiles/mahjong-Front.pdf>
File: tiles/mahjong-3p.pdf Graphic file (type pdf)
<use tiles/mahjong-3p.pdf>
File: tiles/mahjong-Front.pdf Graphic file (type pdf)
<use tiles/mahjong-Front.pdf>
File: tiles/mahjong-4p.pdf Graphic file (type pdf)
<use tiles/mahjong-4p.pdf>
File: tiles/mahjong-Front.pdf Graphic file (type pdf)
<use tiles/mahjong-Front.pdf>
File: tiles/mahjong-4p.pdf Graphic file (type pdf)
<use tiles/mahjong-4p.pdf>
File: tiles/mahjong-Front.pdf Graphic file (type pdf)
<use tiles/mahjong-Front.pdf>
File: tiles/mahjong-5p.pdf Graphic file (type pdf)
<use tiles/mahjong-5p.pdf>
File: tiles/mahjong-Front.pdf Graphic file (type pdf)
<use tiles/mahjong-Front.pdf>
File: tiles/mahjong-5p.pdf Graphic file (type pdf)
<use tiles/mahjong-5p.pdf>
File: tiles/mahjong-Front.pdf Graphic file (type pdf)
<use tiles/mahjong-Front.pdf>
File: tiles/mahjong-6p.pdf Graphic file (type pdf)
<use tiles/mahjong-6p.pdf>
File: tiles/mahjong-Front.pdf Graphic file (type pdf)
<use tiles/mahjong-Front.pdf>
File: tiles/mahjong-8p.pdf Graphic file (type pdf)
<use tiles/mahjong-8p.pdf>
File: tiles/mahjong-Front.pdf Graphic file (type pdf)
<use tiles/mahjong-Front.pdf>
File: tiles/mahjong-8p.pdf Graphic file (type pdf)
<use tiles/mahjong-8p.pdf>
File: tiles/mahjong-Front.pdf Graphic file (type pdf)
<use tiles/mahjong-Front.pdf>
File: tiles/mahjong-3s.pdf Graphic file (type pdf)
<use tiles/mahjong-3s.pdf>
File: tiles/mahjong-Front.pdf Graphic file (type pdf)
<use tiles/mahjong-Front.pdf>
File: tiles/mahjong-4s.pdf Graphic file (type pdf)
<use tiles/mahjong-4s.pdf>
File: tiles/mahjong-Front.pdf Graphic file (type pdf)
<use tiles/mahjong-Front.pdf>
File: tiles/mahjong-8s.pdf Graphic file (type pdf)
<use tiles/mahjong-8s.pdf>
File: tiles/mahjong-Space.pdf Graphic file (type pdf)
<use tiles/mahjong-Space.pdf>
File: tiles/mahjong-Front.pdf Graphic file (type pdf)
<use tiles/mahjong-Front.pdf>
File: tiles/mahjong-8s.pdf Graphic file (type pdf)
<use tiles/mahjong-8s.pdf>
File: tiles/mahjong-Front.pdf Graphic file (type pdf)
<use tiles/mahjong-Front.pdf>
File: tiles/mahjong-3p.pdf Graphic file (type pdf)
<use tiles/mahjong-3p.pdf>
File: tiles/mahjong-Front.pdf Graphic file (type pdf)
<use tiles/mahjong-Front.pdf>
File: tiles/mahjong-4p.pdf Graphic file (type pdf)
<use tiles/mahjong-4p.pdf>
File: tiles/mahjong-Front.pdf Graphic file (type pdf)
<use tiles/mahjong-Front.pdf>
File: tiles/mahjong-5p.pdf Graphic file (type pdf)
<use tiles/mahjong-5p.pdf>
File: tiles/mahjong-Front.pdf Graphic file (type pdf)
<use tiles/mahjong-Front.pdf>
File: tiles/mahjong-4p.pdf Graphic file (type pdf)
<use tiles/mahjong-4p.pdf>
File: tiles/mahjong-Front.pdf Graphic file (type pdf)
<use tiles/mahjong-Front.pdf>
File: tiles/mahjong-5p.pdf Graphic file (type pdf)
<use tiles/mahjong-5p.pdf>
File: tiles/mahjong-Front.pdf Graphic file (type pdf)
<use tiles/mahjong-Front.pdf>
File: tiles/mahjong-6p.pdf Graphic file (type pdf)
<use tiles/mahjong-6p.pdf>
File: tiles/mahjong-Front.pdf Graphic file (type pdf)
<use tiles/mahjong-Front.pdf>
File: tiles/mahjong-8p.pdf Graphic file (type pdf)
<use tiles/mahjong-8p.pdf>
File: tiles/mahjong-Front.pdf Graphic file (type pdf)
<use tiles/mahjong-Front.pdf>
File: tiles/mahjong-8p.pdf Graphic file (type pdf)
<use tiles/mahjong-8p.pdf>
File: tiles/mahjong-Front.pdf Graphic file (type pdf)
<use tiles/mahjong-Front.pdf>
File: tiles/mahjong-3p.pdf Graphic file (type pdf)
<use tiles/mahjong-3p.pdf>
File: tiles/mahjong-Front.pdf Graphic file (type pdf)
<use tiles/mahjong-Front.pdf>
File: tiles/mahjong-4p.pdf Graphic file (type pdf)
<use tiles/mahjong-4p.pdf>
File: tiles/mahjong-Front.pdf Graphic file (type pdf)
<use tiles/mahjong-Front.pdf>
File: tiles/mahjong-4p.pdf Graphic file (type pdf)
<use tiles/mahjong-4p.pdf>
File: tiles/mahjong-Front.pdf Graphic file (type pdf)
<use tiles/mahjong-Front.pdf>
File: tiles/mahjong-5p.pdf Graphic file (type pdf)
<use tiles/mahjong-5p.pdf>
File: tiles/mahjong-Front.pdf Graphic file (type pdf)
<use tiles/mahjong-Front.pdf>
File: tiles/mahjong-6p.pdf Graphic file (type pdf)
<use tiles/mahjong-6p.pdf>
File: tiles/mahjong-Front.pdf Graphic file (type pdf)
<use tiles/mahjong-Front.pdf>
File: tiles/mahjong-8p.pdf Graphic file (type pdf)
<use tiles/mahjong-8p.pdf>
File: tiles/mahjong-Front.pdf Graphic file (type pdf)
<use tiles/mahjong-Front.pdf>
File: tiles/mahjong-5p.pdf Graphic file (type pdf)
<use tiles/mahjong-5p.pdf>
File: tiles/mahjong-Front.pdf Graphic file (type pdf)
<use tiles/mahjong-Front.pdf>
File: tiles/mahjong-8p.pdf Graphic file (type pdf)
<use tiles/mahjong-8p.pdf>
File: tiles/mahjong-Front.pdf Graphic file (type pdf)
<use tiles/mahjong-Front.pdf>
File: tiles/mahjong-8p.pdf Graphic file (type pdf)
<use tiles/mahjong-8p.pdf>
File: tiles/mahjong-Front.pdf Graphic file (type pdf)
<use tiles/mahjong-Front.pdf>
File: tiles/mahjong-5p.pdf Graphic file (type pdf)
<use tiles/mahjong-5p.pdf>
File: tiles/mahjong-Front.pdf Graphic file (type pdf)
<use tiles/mahjong-Front.pdf>
File: tiles/mahjong-8s.pdf Graphic file (type pdf)
<use tiles/mahjong-8s.pdf>
File: tiles/mahjong-Front.pdf Graphic file (type pdf)
<use tiles/mahjong-Front.pdf>
File: tiles/mahjong-3m.pdf Graphic file (type pdf)
<use tiles/mahjong-3m.pdf>
File: tiles/mahjong-Front.pdf Graphic file (type pdf)
<use tiles/mahjong-Front.pdf>
File: tiles/mahjong-5m.pdf Graphic file (type pdf)
<use tiles/mahjong-5m.pdf>
File: tiles/mahjong-Front.pdf Graphic file (type pdf)
<use tiles/mahjong-Front.pdf>
File: tiles/mahjong-5m.pdf Graphic file (type pdf)
<use tiles/mahjong-5m.pdf>
File: tiles/mahjong-Front.pdf Graphic file (type pdf)
<use tiles/mahjong-Front.pdf>
File: tiles/mahjong-6m.pdf Graphic file (type pdf)
<use tiles/mahjong-6m.pdf>
File: tiles/mahjong-Front.pdf Graphic file (type pdf)
<use tiles/mahjong-Front.pdf>
File: tiles/mahjong-7m.pdf Graphic file (type pdf)
<use tiles/mahjong-7m.pdf>
File: tiles/mahjong-Front.pdf Graphic file (type pdf)
<use tiles/mahjong-Front.pdf>
File: tiles/mahjong-7m.pdf Graphic file (type pdf)
<use tiles/mahjong-7m.pdf>
File: tiles/mahjong-Front.pdf Graphic file (type pdf)
<use tiles/mahjong-Front.pdf>
File: tiles/mahjong-8m.pdf Graphic file (type pdf)
<use tiles/mahjong-8m.pdf>
File: tiles/mahjong-Front.pdf Graphic file (type pdf)
<use tiles/mahjong-Front.pdf>
File: tiles/mahjong-4p.pdf Graphic file (type pdf)
<use tiles/mahjong-4p.pdf>
File: tiles/mahjong-Front.pdf Graphic file (type pdf)
<use tiles/mahjong-Front.pdf>
File: tiles/mahjong-5p.pdf Graphic file (type pdf)
<use tiles/mahjong-5p.pdf>
File: tiles/mahjong-Front.pdf Graphic file (type pdf)
<use tiles/mahjong-Front.pdf>
File: tiles/mahjong-1s.pdf Graphic file (type pdf)
<use tiles/mahjong-1s.pdf>
File: tiles/mahjong-Front.pdf Graphic file (type pdf)
<use tiles/mahjong-Front.pdf>
File: tiles/mahjong-2s.pdf Graphic file (type pdf)
<use tiles/mahjong-2s.pdf>
File: tiles/mahjong-Front.pdf Graphic file (type pdf)
<use tiles/mahjong-Front.pdf>
File: tiles/mahjong-3s.pdf Graphic file (type pdf)
<use tiles/mahjong-3s.pdf>
File: tiles/mahjong-Front.pdf Graphic file (type pdf)
<use tiles/mahjong-Front.pdf>
File: tiles/mahjong-8s.pdf Graphic file (type pdf)
<use tiles/mahjong-8s.pdf>
File: tiles/mahjong-Space.pdf Graphic file (type pdf)
<use tiles/mahjong-Space.pdf>
File: tiles/mahjong-Front.pdf Graphic file (type pdf)
<use tiles/mahjong-Front.pdf>
File: tiles/mahjong-8s.pdf Graphic file (type pdf)
<use tiles/mahjong-8s.pdf>
File: tiles/mahjong-Front.pdf Graphic file (type pdf)
<use tiles/mahjong-Front.pdf>
File: tiles/mahjong-3m.pdf Graphic file (type pdf)
<use tiles/mahjong-3m.pdf>
File: tiles/mahjong-Front.pdf Graphic file (type pdf)
<use tiles/mahjong-Front.pdf>
File: tiles/mahjong-5m.pdf Graphic file (type pdf)
<use tiles/mahjong-5m.pdf>
File: tiles/mahjong-Front.pdf Graphic file (type pdf)
<use tiles/mahjong-Front.pdf>
File: tiles/mahjong-5m.pdf Graphic file (type pdf)
<use tiles/mahjong-5m.pdf>
File: tiles/mahjong-Front.pdf Graphic file (type pdf)
<use tiles/mahjong-Front.pdf>
File: tiles/mahjong-6m.pdf Graphic file (type pdf)
<use tiles/mahjong-6m.pdf>
File: tiles/mahjong-Front.pdf Graphic file (type pdf)
<use tiles/mahjong-Front.pdf>
File: tiles/mahjong-9m.pdf Graphic file (type pdf)
<use tiles/mahjong-9m.pdf>
File: tiles/mahjong-Front.pdf Graphic file (type pdf)
<use tiles/mahjong-Front.pdf>
File: tiles/mahjong-3p.pdf Graphic file (type pdf)
<use tiles/mahjong-3p.pdf>
File: tiles/mahjong-Front.pdf Graphic file (type pdf)
<use tiles/mahjong-Front.pdf>
File: tiles/mahjong-6p.pdf Graphic file (type pdf)
<use tiles/mahjong-6p.pdf>
File: tiles/mahjong-Front.pdf Graphic file (type pdf)
<use tiles/mahjong-Front.pdf>
File: tiles/mahjong-8s.pdf Graphic file (type pdf)
<use tiles/mahjong-8s.pdf>
File: tiles/mahjong-Front.pdf Graphic file (type pdf)
<use tiles/mahjong-Front.pdf>
File: tiles/mahjong-4m.pdf Graphic file (type pdf)
<use tiles/mahjong-4m.pdf>
File: tiles/mahjong-Front.pdf Graphic file (type pdf)
<use tiles/mahjong-Front.pdf>
File: tiles/mahjong-6m.pdf Graphic file (type pdf)
<use tiles/mahjong-6m.pdf>
File: tiles/mahjong-Front.pdf Graphic file (type pdf)
<use tiles/mahjong-Front.pdf>
File: tiles/mahjong-9m.pdf Graphic file (type pdf)
<use tiles/mahjong-9m.pdf>
File: tiles/mahjong-Front.pdf Graphic file (type pdf)
<use tiles/mahjong-Front.pdf>
File: tiles/mahjong-3p.pdf Graphic file (type pdf)
<use tiles/mahjong-3p.pdf>
File: tiles/mahjong-Front.pdf Graphic file (type pdf)
<use tiles/mahjong-Front.pdf>
File: tiles/mahjong-6p.pdf Graphic file (type pdf)
<use tiles/mahjong-6p.pdf>
File: tiles/mahjong-Front.pdf Graphic file (type pdf)
<use tiles/mahjong-Front.pdf>
File: tiles/mahjong-6m.pdf Graphic file (type pdf)
<use tiles/mahjong-6m.pdf>
File: tiles/mahjong-Front.pdf Graphic file (type pdf)
<use tiles/mahjong-Front.pdf>
File: tiles/mahjong-9m.pdf Graphic file (type pdf)
<use tiles/mahjong-9m.pdf>
File: tiles/mahjong-Front.pdf Graphic file (type pdf)
<use tiles/mahjong-Front.pdf>
File: tiles/mahjong-3p.pdf Graphic file (type pdf)
<use tiles/mahjong-3p.pdf>
File: tiles/mahjong-Front.pdf Graphic file (type pdf)
<use tiles/mahjong-Front.pdf>
File: tiles/mahjong-6p.pdf Graphic file (type pdf)
<use tiles/mahjong-6p.pdf>
File: tiles/mahjong-Front.pdf Graphic file (type pdf)
<use tiles/mahjong-Front.pdf>
File: tiles/mahjong-4m.pdf Graphic file (type pdf)
<use tiles/mahjong-4m.pdf>
File: tiles/mahjong-Front.pdf Graphic file (type pdf)
<use tiles/mahjong-Front.pdf>
File: tiles/mahjong-6m.pdf Graphic file (type pdf)
<use tiles/mahjong-6m.pdf>
File: tiles/mahjong-Front.pdf Graphic file (type pdf)
<use tiles/mahjong-Front.pdf>
File: tiles/mahjong-9m.pdf Graphic file (type pdf)
<use tiles/mahjong-9m.pdf>
File: tiles/mahjong-Front.pdf Graphic file (type pdf)
<use tiles/mahjong-Front.pdf>
File: tiles/mahjong-3p.pdf Graphic file (type pdf)
<use tiles/mahjong-3p.pdf>
File: tiles/mahjong-Front.pdf Graphic file (type pdf)
<use tiles/mahjong-Front.pdf>
File: tiles/mahjong-6p.pdf Graphic file (type pdf)
<use tiles/mahjong-6p.pdf>
File: tiles/mahjong-Front.pdf Graphic file (type pdf)
<use tiles/mahjong-Front.pdf>
File: tiles/mahjong-6m.pdf Graphic file (type pdf)
<use tiles/mahjong-6m.pdf>
File: tiles/mahjong-Front.pdf Graphic file (type pdf)
<use tiles/mahjong-Front.pdf>
File: tiles/mahjong-3m.pdf Graphic file (type pdf)
<use tiles/mahjong-3m.pdf>
File: tiles/mahjong-Front.pdf Graphic file (type pdf)
<use tiles/mahjong-Front.pdf>
File: tiles/mahjong-5m.pdf Graphic file (type pdf)
<use tiles/mahjong-5m.pdf>
File: tiles/mahjong-Front.pdf Graphic file (type pdf)
<use tiles/mahjong-Front.pdf>
File: tiles/mahjong-3m.pdf Graphic file (type pdf)
<use tiles/mahjong-3m.pdf>
File: tiles/mahjong-Front.pdf Graphic file (type pdf)
<use tiles/mahjong-Front.pdf>
File: tiles/mahjong-3m.pdf Graphic file (type pdf)
<use tiles/mahjong-3m.pdf>
File: tiles/mahjong-Front.pdf Graphic file (type pdf)
<use tiles/mahjong-Front.pdf>
File: tiles/mahjong-5m.pdf Graphic file (type pdf)
<use tiles/mahjong-5m.pdf>
File: tiles/mahjong-Front.pdf Graphic file (type pdf)
<use tiles/mahjong-Front.pdf>
File: tiles/mahjong-3m.pdf Graphic file (type pdf)
<use tiles/mahjong-3m.pdf>
File: tiles/mahjong-Front.pdf Graphic file (type pdf)
<use tiles/mahjong-Front.pdf>
File: tiles/mahjong-5m.pdf Graphic file (type pdf)
<use tiles/mahjong-5m.pdf>
File: tiles/mahjong-Front.pdf Graphic file (type pdf)
<use tiles/mahjong-Front.pdf>
File: tiles/mahjong-6m.pdf Graphic file (type pdf)
<use tiles/mahjong-6m.pdf>
File: tiles/mahjong-Front.pdf Graphic file (type pdf)
<use tiles/mahjong-Front.pdf>
File: tiles/mahjong-7m.pdf Graphic file (type pdf)
<use tiles/mahjong-7m.pdf>
File: tiles/mahjong-Front.pdf Graphic file (type pdf)
<use tiles/mahjong-Front.pdf>
File: tiles/mahjong-7m.pdf Graphic file (type pdf)
<use tiles/mahjong-7m.pdf>
File: tiles/mahjong-Front.pdf Graphic file (type pdf)
<use tiles/mahjong-Front.pdf>
File: tiles/mahjong-8m.pdf Graphic file (type pdf)
<use tiles/mahjong-8m.pdf>
File: tiles/mahjong-Front.pdf Graphic file (type pdf)
<use tiles/mahjong-Front.pdf>
File: tiles/mahjong-5m.pdf Graphic file (type pdf)
<use tiles/mahjong-5m.pdf>
File: tiles/mahjong-Front.pdf Graphic file (type pdf)
<use tiles/mahjong-Front.pdf>
File: tiles/mahjong-3m.pdf Graphic file (type pdf)
<use tiles/mahjong-3m.pdf>
File: tiles/mahjong-Front.pdf Graphic file (type pdf)
<use tiles/mahjong-Front.pdf>
File: tiles/mahjong-6m.pdf Graphic file (type pdf)
<use tiles/mahjong-6m.pdf>
File: tiles/mahjong-Front.pdf Graphic file (type pdf)
<use tiles/mahjong-Front.pdf>
File: tiles/mahjong-7m.pdf Graphic file (type pdf)
<use tiles/mahjong-7m.pdf>
File: tiles/mahjong-Front.pdf Graphic file (type pdf)
<use tiles/mahjong-Front.pdf>
File: tiles/mahjong-7m.pdf Graphic file (type pdf)
<use tiles/mahjong-7m.pdf>
File: tiles/mahjong-Front.pdf Graphic file (type pdf)
<use tiles/mahjong-Front.pdf>
File: tiles/mahjong-8m.pdf Graphic file (type pdf)
<use tiles/mahjong-8m.pdf>
File: tiles/mahjong-Front.pdf Graphic file (type pdf)
<use tiles/mahjong-Front.pdf>
File: tiles/mahjong-3m.pdf Graphic file (type pdf)
<use tiles/mahjong-3m.pdf>
File: tiles/mahjong-Front.pdf Graphic file (type pdf)
<use tiles/mahjong-Front.pdf>
File: tiles/mahjong-6m.pdf Graphic file (type pdf)
<use tiles/mahjong-6m.pdf>
File: tiles/mahjong-Front.pdf Graphic file (type pdf)
<use tiles/mahjong-Front.pdf>
File: tiles/mahjong-3m.pdf Graphic file (type pdf)
<use tiles/mahjong-3m.pdf>
File: tiles/mahjong-Front.pdf Graphic file (type pdf)
<use tiles/mahjong-Front.pdf>
File: tiles/mahjong-5m.pdf Graphic file (type pdf)
<use tiles/mahjong-5m.pdf>
File: tiles/mahjong-Front.pdf Graphic file (type pdf)
<use tiles/mahjong-Front.pdf>
File: tiles/mahjong-6m.pdf Graphic file (type pdf)
<use tiles/mahjong-6m.pdf>
File: tiles/mahjong-Front.pdf Graphic file (type pdf)
<use tiles/mahjong-Front.pdf>
File: tiles/mahjong-7m.pdf Graphic file (type pdf)
<use tiles/mahjong-7m.pdf>
File: tiles/mahjong-Front.pdf Graphic file (type pdf)
<use tiles/mahjong-Front.pdf>
File: tiles/mahjong-7m.pdf Graphic file (type pdf)
<use tiles/mahjong-7m.pdf>
File: tiles/mahjong-Front.pdf Graphic file (type pdf)
<use tiles/mahjong-Front.pdf>
File: tiles/mahjong-8m.pdf Graphic file (type pdf)
<use tiles/mahjong-8m.pdf>
File: tiles/mahjong-Front.pdf Graphic file (type pdf)
<use tiles/mahjong-Front.pdf>
File: tiles/mahjong-8m.pdf Graphic file (type pdf)
<use tiles/mahjong-8m.pdf>
File: tiles/mahjong-Front.pdf Graphic file (type pdf)
<use tiles/mahjong-Front.pdf>
File: tiles/mahjong-3m.pdf Graphic file (type pdf)
<use tiles/mahjong-3m.pdf>
File: tiles/mahjong-Front.pdf Graphic file (type pdf)
<use tiles/mahjong-Front.pdf>
File: tiles/mahjong-5m.pdf Graphic file (type pdf)
<use tiles/mahjong-5m.pdf>
File: tiles/mahjong-Front.pdf Graphic file (type pdf)
<use tiles/mahjong-Front.pdf>
File: tiles/mahjong-6m.pdf Graphic file (type pdf)
<use tiles/mahjong-6m.pdf>
File: tiles/mahjong-Front.pdf Graphic file (type pdf)
<use tiles/mahjong-Front.pdf>
File: tiles/mahjong-7m.pdf Graphic file (type pdf)
<use tiles/mahjong-7m.pdf>
File: tiles/mahjong-Front.pdf Graphic file (type pdf)
<use tiles/mahjong-Front.pdf>
File: tiles/mahjong-7m.pdf Graphic file (type pdf)
<use tiles/mahjong-7m.pdf>
File: tiles/mahjong-Front.pdf Graphic file (type pdf)
<use tiles/mahjong-Front.pdf>
File: tiles/mahjong-3m.pdf Graphic file (type pdf)
<use tiles/mahjong-3m.pdf>
File: tiles/mahjong-Front.pdf Graphic file (type pdf)
<use tiles/mahjong-Front.pdf>
File: tiles/mahjong-3m.pdf Graphic file (type pdf)
<use tiles/mahjong-3m.pdf>
File: tiles/mahjong-Front.pdf Graphic file (type pdf)
<use tiles/mahjong-Front.pdf>
File: tiles/mahjong-4m.pdf Graphic file (type pdf)
<use tiles/mahjong-4m.pdf>
File: tiles/mahjong-Front.pdf Graphic file (type pdf)
<use tiles/mahjong-Front.pdf>
File: tiles/mahjong-8m.pdf Graphic file (type pdf)
<use tiles/mahjong-8m.pdf>
File: tiles/mahjong-Front.pdf Graphic file (type pdf)
<use tiles/mahjong-Front.pdf>
File: tiles/mahjong-3p.pdf Graphic file (type pdf)
<use tiles/mahjong-3p.pdf>
File: tiles/mahjong-Front.pdf Graphic file (type pdf)
<use tiles/mahjong-Front.pdf>
File: tiles/mahjong-4p.pdf Graphic file (type pdf)
<use tiles/mahjong-4p.pdf>
File: tiles/mahjong-Front.pdf Graphic file (type pdf)
<use tiles/mahjong-Front.pdf>
File: tiles/mahjong-4p.pdf Graphic file (type pdf)
<use tiles/mahjong-4p.pdf>
File: tiles/mahjong-Front.pdf Graphic file (type pdf)
<use tiles/mahjong-Front.pdf>
File: tiles/mahjong-5p.pdf Graphic file (type pdf)
<use tiles/mahjong-5p.pdf>
File: tiles/mahjong-Front.pdf Graphic file (type pdf)
<use tiles/mahjong-Front.pdf>
File: tiles/mahjong-8p.pdf Graphic file (type pdf)
<use tiles/mahjong-8p.pdf>
File: tiles/mahjong-Front.pdf Graphic file (type pdf)
<use tiles/mahjong-Front.pdf>
File: tiles/mahjong-3s.pdf Graphic file (type pdf)
<use tiles/mahjong-3s.pdf>
File: tiles/mahjong-Front.pdf Graphic file (type pdf)
<use tiles/mahjong-Front.pdf>
File: tiles/mahjong-5s.pdf Graphic file (type pdf)
<use tiles/mahjong-5s.pdf>
File: tiles/mahjong-Front.pdf Graphic file (type pdf)
<use tiles/mahjong-Front.pdf>
File: tiles/mahjong-7s.pdf Graphic file (type pdf)
<use tiles/mahjong-7s.pdf>
File: tiles/mahjong-Front.pdf Graphic file (type pdf)
<use tiles/mahjong-Front.pdf>
File: tiles/mahjong-7s.pdf Graphic file (type pdf)
<use tiles/mahjong-7s.pdf>
File: tiles/mahjong-Front.pdf Graphic file (type pdf)
<use tiles/mahjong-Front.pdf>
File: tiles/mahjong-8s.pdf Graphic file (type pdf)
<use tiles/mahjong-8s.pdf>
File: tiles/mahjong-Front.pdf Graphic file (type pdf)
<use tiles/mahjong-Front.pdf>
File: tiles/mahjong-8s.pdf Graphic file (type pdf)
<use tiles/mahjong-8s.pdf>
File: tiles/mahjong-Front.pdf Graphic file (type pdf)
<use tiles/mahjong-Front.pdf>
File: tiles/mahjong-3m.pdf Graphic file (type pdf)
<use tiles/mahjong-3m.pdf>
File: tiles/mahjong-Front.pdf Graphic file (type pdf)
<use tiles/mahjong-Front.pdf>
File: tiles/mahjong-4m.pdf Graphic file (type pdf)
<use tiles/mahjong-4m.pdf>
File: tiles/mahjong-Front.pdf Graphic file (type pdf)
<use tiles/mahjong-Front.pdf>
File: tiles/mahjong-8m.pdf Graphic file (type pdf)
<use tiles/mahjong-8m.pdf>
File: tiles/mahjong-Front.pdf Graphic file (type pdf)
<use tiles/mahjong-Front.pdf>
File: tiles/mahjong-4p.pdf Graphic file (type pdf)
<use tiles/mahjong-4p.pdf>
File: tiles/mahjong-Front.pdf Graphic file (type pdf)
<use tiles/mahjong-Front.pdf>
File: tiles/mahjong-4p.pdf Graphic file (type pdf)
<use tiles/mahjong-4p.pdf>
File: tiles/mahjong-Front.pdf Graphic file (type pdf)
<use tiles/mahjong-Front.pdf>
File: tiles/mahjong-5p.pdf Graphic file (type pdf)
<use tiles/mahjong-5p.pdf>
File: tiles/mahjong-Front.pdf Graphic file (type pdf)
<use tiles/mahjong-Front.pdf>
File: tiles/mahjong-6p.pdf Graphic file (type pdf)
<use tiles/mahjong-6p.pdf>
File: tiles/mahjong-Front.pdf Graphic file (type pdf)
<use tiles/mahjong-Front.pdf>
File: tiles/mahjong-8p.pdf Graphic file (type pdf)
<use tiles/mahjong-8p.pdf>
File: tiles/mahjong-Front.pdf Graphic file (type pdf)
<use tiles/mahjong-Front.pdf>
File: tiles/mahjong-3s.pdf Graphic file (type pdf)
<use tiles/mahjong-3s.pdf>
File: tiles/mahjong-Front.pdf Graphic file (type pdf)
<use tiles/mahjong-Front.pdf>
File: tiles/mahjong-5s.pdf Graphic file (type pdf)
<use tiles/mahjong-5s.pdf>
File: tiles/mahjong-Front.pdf Graphic file (type pdf)
<use tiles/mahjong-Front.pdf>
File: tiles/mahjong-7s.pdf Graphic file (type pdf)
<use tiles/mahjong-7s.pdf>
File: tiles/mahjong-Front.pdf Graphic file (type pdf)
<use tiles/mahjong-Front.pdf>
File: tiles/mahjong-7s.pdf Graphic file (type pdf)
<use tiles/mahjong-7s.pdf>
File: tiles/mahjong-Front.pdf Graphic file (type pdf)
<use tiles/mahjong-Front.pdf>
File: tiles/mahjong-8s.pdf Graphic file (type pdf)
<use tiles/mahjong-8s.pdf>
File: tiles/mahjong-Front.pdf Graphic file (type pdf)
<use tiles/mahjong-Front.pdf>
File: tiles/mahjong-8s.pdf Graphic file (type pdf)
<use tiles/mahjong-8s.pdf>
File: tiles/mahjong-Front.pdf Graphic file (type pdf)
<use tiles/mahjong-Front.pdf>
File: tiles/mahjong-8m.pdf Graphic file (type pdf)
<use tiles/mahjong-8m.pdf>
File: tiles/mahjong-Front.pdf Graphic file (type pdf)
<use tiles/mahjong-Front.pdf>
File: tiles/mahjong-8p.pdf Graphic file (type pdf)
<use tiles/mahjong-8p.pdf>
File: tiles/mahjong-Front.pdf Graphic file (type pdf)
<use tiles/mahjong-Front.pdf>
File: tiles/mahjong-3p.pdf Graphic file (type pdf)
<use tiles/mahjong-3p.pdf>
File: tiles/mahjong-Front.pdf Graphic file (type pdf)
<use tiles/mahjong-Front.pdf>
File: tiles/mahjong-6p.pdf Graphic file (type pdf)
<use tiles/mahjong-6p.pdf>
File: tiles/mahjong-Front.pdf Graphic file (type pdf)
<use tiles/mahjong-Front.pdf>
File: tiles/mahjong-8m.pdf Graphic file (type pdf)
<use tiles/mahjong-8m.pdf>
File: tiles/mahjong-Front.pdf Graphic file (type pdf)
<use tiles/mahjong-Front.pdf>
File: tiles/mahjong-6m.pdf Graphic file (type pdf)
<use tiles/mahjong-6m.pdf>
File: tiles/mahjong-Front.pdf Graphic file (type pdf)
<use tiles/mahjong-Front.pdf>
File: tiles/mahjong-7m.pdf Graphic file (type pdf)
<use tiles/mahjong-7m.pdf>
File: tiles/mahjong-Front.pdf Graphic file (type pdf)
<use tiles/mahjong-Front.pdf>
File: tiles/mahjong-8m.pdf Graphic file (type pdf)
<use tiles/mahjong-8m.pdf>
File: tiles/mahjong-Front.pdf Graphic file (type pdf)
<use tiles/mahjong-Front.pdf>
File: tiles/mahjong-4p.pdf Graphic file (type pdf)
<use tiles/mahjong-4p.pdf>
File: tiles/mahjong-Front.pdf Graphic file (type pdf)
<use tiles/mahjong-Front.pdf>
File: tiles/mahjong-5p.pdf Graphic file (type pdf)
<use tiles/mahjong-5p.pdf>
File: tiles/mahjong-Front.pdf Graphic file (type pdf)
<use tiles/mahjong-Front.pdf>
File: tiles/mahjong-5p.pdf Graphic file (type pdf)
<use tiles/mahjong-5p.pdf>
File: tiles/mahjong-Front.pdf Graphic file (type pdf)
<use tiles/mahjong-Front.pdf>
File: tiles/mahjong-6p.pdf Graphic file (type pdf)
<use tiles/mahjong-6p.pdf>
File: tiles/mahjong-Front.pdf Graphic file (type pdf)
<use tiles/mahjong-Front.pdf>
File: tiles/mahjong-7p.pdf Graphic file (type pdf)
<use tiles/mahjong-7p.pdf>
File: tiles/mahjong-Front.pdf Graphic file (type pdf)
<use tiles/mahjong-Front.pdf>
File: tiles/mahjong-9p.pdf Graphic file (type pdf)
<use tiles/mahjong-9p.pdf>
File: tiles/mahjong-Front.pdf Graphic file (type pdf)
<use tiles/mahjong-Front.pdf>
File: tiles/mahjong-2s.pdf Graphic file (type pdf)
<use tiles/mahjong-2s.pdf>
File: tiles/mahjong-Front.pdf Graphic file (type pdf)
<use tiles/mahjong-Front.pdf>
File: tiles/mahjong-2s.pdf Graphic file (type pdf)
<use tiles/mahjong-2s.pdf>
File: tiles/mahjong-Front.pdf Graphic file (type pdf)
<use tiles/mahjong-Front.pdf>
File: tiles/mahjong-3s.pdf Graphic file (type pdf)
<use tiles/mahjong-3s.pdf>
File: tiles/mahjong-Front.pdf Graphic file (type pdf)
<use tiles/mahjong-Front.pdf>
File: tiles/mahjong-8s.pdf Graphic file (type pdf)
<use tiles/mahjong-8s.pdf>
File: tiles/mahjong-Space.pdf Graphic file (type pdf)
<use tiles/mahjong-Space.pdf>
File: tiles/mahjong-Front.pdf Graphic file (type pdf)
<use tiles/mahjong-Front.pdf>
File: tiles/mahjong-8s.pdf Graphic file (type pdf)
<use tiles/mahjong-8s.pdf>


Package natbib Warning: Citation `uzaku-haikouritsu' on page 5 undefined on inp
ut line 443.

File: tiles/mahjong-Front.pdf Graphic file (type pdf)
<use tiles/mahjong-Front.pdf>
File: tiles/mahjong-9p.pdf Graphic file (type pdf)
<use tiles/mahjong-9p.pdf>
File: tiles/mahjong-Front.pdf Graphic file (type pdf)
<use tiles/mahjong-Front.pdf>
File: tiles/mahjong-2s.pdf Graphic file (type pdf)
<use tiles/mahjong-2s.pdf>
File: tiles/mahjong-Front.pdf Graphic file (type pdf)
<use tiles/mahjong-Front.pdf>
File: tiles/mahjong-9p.pdf Graphic file (type pdf)
<use tiles/mahjong-9p.pdf>
File: tiles/mahjong-Front.pdf Graphic file (type pdf)
<use tiles/mahjong-Front.pdf>
File: tiles/mahjong-2s.pdf Graphic file (type pdf)
<use tiles/mahjong-2s.pdf>
File: tiles/mahjong-Front.pdf Graphic file (type pdf)
<use tiles/mahjong-Front.pdf>
File: tiles/mahjong-9p.pdf Graphic file (type pdf)
<use tiles/mahjong-9p.pdf>
File: tiles/mahjong-Front.pdf Graphic file (type pdf)
<use tiles/mahjong-Front.pdf>
File: tiles/mahjong-2m.pdf Graphic file (type pdf)
<use tiles/mahjong-2m.pdf>
File: tiles/mahjong-Front.pdf Graphic file (type pdf)
<use tiles/mahjong-Front.pdf>
File: tiles/mahjong-3m.pdf Graphic file (type pdf)
<use tiles/mahjong-3m.pdf>
File: tiles/mahjong-Front.pdf Graphic file (type pdf)
<use tiles/mahjong-Front.pdf>
File: tiles/mahjong-4m.pdf Graphic file (type pdf)
<use tiles/mahjong-4m.pdf>
File: tiles/mahjong-Front.pdf Graphic file (type pdf)
<use tiles/mahjong-Front.pdf>
File: tiles/mahjong-8m.pdf Graphic file (type pdf)
<use tiles/mahjong-8m.pdf>
File: tiles/mahjong-Front.pdf Graphic file (type pdf)
<use tiles/mahjong-Front.pdf>
File: tiles/mahjong-8m.pdf Graphic file (type pdf)
<use tiles/mahjong-8m.pdf>
File: tiles/mahjong-Front.pdf Graphic file (type pdf)
<use tiles/mahjong-Front.pdf>
File: tiles/mahjong-4p.pdf Graphic file (type pdf)
<use tiles/mahjong-4p.pdf>
File: tiles/mahjong-Front.pdf Graphic file (type pdf)
<use tiles/mahjong-Front.pdf>
File: tiles/mahjong-5p.pdf Graphic file (type pdf)
<use tiles/mahjong-5p.pdf>
File: tiles/mahjong-Front.pdf Graphic file (type pdf)
<use tiles/mahjong-Front.pdf>
File: tiles/mahjong-5p.pdf Graphic file (type pdf)
<use tiles/mahjong-5p.pdf>
File: tiles/mahjong-Front.pdf Graphic file (type pdf)
<use tiles/mahjong-Front.pdf>
File: tiles/mahjong-6p.pdf Graphic file (type pdf)
<use tiles/mahjong-6p.pdf>
File: tiles/mahjong-Front.pdf Graphic file (type pdf)
<use tiles/mahjong-Front.pdf>
File: tiles/mahjong-7p.pdf Graphic file (type pdf)
<use tiles/mahjong-7p.pdf>
File: tiles/mahjong-Front.pdf Graphic file (type pdf)
<use tiles/mahjong-Front.pdf>
File: tiles/mahjong-9p.pdf Graphic file (type pdf)
<use tiles/mahjong-9p.pdf>
File: tiles/mahjong-Front.pdf Graphic file (type pdf)
<use tiles/mahjong-Front.pdf>
File: tiles/mahjong-5s.pdf Graphic file (type pdf)
<use tiles/mahjong-5s.pdf>
File: tiles/mahjong-Front.pdf Graphic file (type pdf)
<use tiles/mahjong-Front.pdf>
File: tiles/mahjong-5s.pdf Graphic file (type pdf)
<use tiles/mahjong-5s.pdf>
File: tiles/mahjong-Front.pdf Graphic file (type pdf)
<use tiles/mahjong-Front.pdf>
File: tiles/mahjong-6s.pdf Graphic file (type pdf)
<use tiles/mahjong-6s.pdf>
File: tiles/mahjong-Front.pdf Graphic file (type pdf)
<use tiles/mahjong-Front.pdf>
File: tiles/mahjong-9p.pdf Graphic file (type pdf)
<use tiles/mahjong-9p.pdf>

Package natbib Warning: Citation `uzaku-nankiru' on page 5 undefined on input l
ine 447.


Package natbib Warning: Citation `chirno-kanchan' on page 5 undefined on input 
line 452.

File: tiles/mahjong-Front.pdf Graphic file (type pdf)
<use tiles/mahjong-Front.pdf>
File: tiles/mahjong-1m.pdf Graphic file (type pdf)
<use tiles/mahjong-1m.pdf>
File: tiles/mahjong-Front.pdf Graphic file (type pdf)
<use tiles/mahjong-Front.pdf>
File: tiles/mahjong-3m.pdf Graphic file (type pdf)
<use tiles/mahjong-3m.pdf>
File: tiles/mahjong-Front.pdf Graphic file (type pdf)
<use tiles/mahjong-Front.pdf>
File: tiles/mahjong-5m.pdf Graphic file (type pdf)
<use tiles/mahjong-5m.pdf>
File: tiles/mahjong-Front.pdf Graphic file (type pdf)
<use tiles/mahjong-Front.pdf>
File: tiles/mahjong-7m.pdf Graphic file (type pdf)
<use tiles/mahjong-7m.pdf>
File: tiles/mahjong-Front.pdf Graphic file (type pdf)
<use tiles/mahjong-Front.pdf>
File: tiles/mahjong-3m.pdf Graphic file (type pdf)
<use tiles/mahjong-3m.pdf>
File: tiles/mahjong-Front.pdf Graphic file (type pdf)
<use tiles/mahjong-Front.pdf>
File: tiles/mahjong-5m.pdf Graphic file (type pdf)
<use tiles/mahjong-5m.pdf>
File: tiles/mahjong-Front.pdf Graphic file (type pdf)
<use tiles/mahjong-Front.pdf>
File: tiles/mahjong-7m.pdf Graphic file (type pdf)
<use tiles/mahjong-7m.pdf>
File: tiles/mahjong-Front.pdf Graphic file (type pdf)
<use tiles/mahjong-Front.pdf>
File: tiles/mahjong-9m.pdf Graphic file (type pdf)
<use tiles/mahjong-9m.pdf>
File: tiles/mahjong-Front.pdf Graphic file (type pdf)
<use tiles/mahjong-Front.pdf>
File: tiles/mahjong-8m.pdf Graphic file (type pdf)
<use tiles/mahjong-8m.pdf>
File: tiles/mahjong-Front.pdf Graphic file (type pdf)
<use tiles/mahjong-Front.pdf>
File: tiles/mahjong-2m.pdf Graphic file (type pdf)
<use tiles/mahjong-2m.pdf>
File: tiles/mahjong-Front.pdf Graphic file (type pdf)
<use tiles/mahjong-Front.pdf>
File: tiles/mahjong-1m.pdf Graphic file (type pdf)
<use tiles/mahjong-1m.pdf>
File: tiles/mahjong-Front.pdf Graphic file (type pdf)
<use tiles/mahjong-Front.pdf>
File: tiles/mahjong-9m.pdf Graphic file (type pdf)
<use tiles/mahjong-9m.pdf>
File: tiles/mahjong-Front.pdf Graphic file (type pdf)
<use tiles/mahjong-Front.pdf>
File: tiles/mahjong-1m.pdf Graphic file (type pdf)
<use tiles/mahjong-1m.pdf>
File: tiles/mahjong-Front.pdf Graphic file (type pdf)
<use tiles/mahjong-Front.pdf>
File: tiles/mahjong-3m.pdf Graphic file (type pdf)
<use tiles/mahjong-3m.pdf>
File: tiles/mahjong-Front.pdf Graphic file (type pdf)
<use tiles/mahjong-Front.pdf>
File: tiles/mahjong-5m.pdf Graphic file (type pdf)
<use tiles/mahjong-5m.pdf>
File: tiles/mahjong-Front.pdf Graphic file (type pdf)
<use tiles/mahjong-Front.pdf>
File: tiles/mahjong-7m.pdf Graphic file (type pdf)
<use tiles/mahjong-7m.pdf>
File: tiles/mahjong-Front.pdf Graphic file (type pdf)
<use tiles/mahjong-Front.pdf>
File: tiles/mahjong-9m.pdf Graphic file (type pdf)
<use tiles/mahjong-9m.pdf>
File: tiles/mahjong-Front.pdf Graphic file (type pdf)
<use tiles/mahjong-Front.pdf>
File: tiles/mahjong-2m.pdf Graphic file (type pdf)
<use tiles/mahjong-2m.pdf>
File: tiles/mahjong-Front.pdf Graphic file (type pdf)
<use tiles/mahjong-Front.pdf>
File: tiles/mahjong-4m.pdf Graphic file (type pdf)
<use tiles/mahjong-4m.pdf>
File: tiles/mahjong-Front.pdf Graphic file (type pdf)
<use tiles/mahjong-Front.pdf>
File: tiles/mahjong-6m.pdf Graphic file (type pdf)
<use tiles/mahjong-6m.pdf>
File: tiles/mahjong-Front.pdf Graphic file (type pdf)
<use tiles/mahjong-Front.pdf>
File: tiles/mahjong-8m.pdf Graphic file (type pdf)
<use tiles/mahjong-8m.pdf>
File: tiles/mahjong-Front.pdf Graphic file (type pdf)
<use tiles/mahjong-Front.pdf>
File: tiles/mahjong-2m.pdf Graphic file (type pdf)
<use tiles/mahjong-2m.pdf>
File: tiles/mahjong-Front.pdf Graphic file (type pdf)
<use tiles/mahjong-Front.pdf>
File: tiles/mahjong-4m.pdf Graphic file (type pdf)
<use tiles/mahjong-4m.pdf>
File: tiles/mahjong-Front.pdf Graphic file (type pdf)
<use tiles/mahjong-Front.pdf>
File: tiles/mahjong-6m.pdf Graphic file (type pdf)
<use tiles/mahjong-6m.pdf>
File: tiles/mahjong-Front.pdf Graphic file (type pdf)
<use tiles/mahjong-Front.pdf>
File: tiles/mahjong-8m.pdf Graphic file (type pdf)
<use tiles/mahjong-8m.pdf>
File: tiles/mahjong-Front.pdf Graphic file (type pdf)
<use tiles/mahjong-Front.pdf>
File: tiles/mahjong-8s.pdf Graphic file (type pdf)
<use tiles/mahjong-8s.pdf>
File: tiles/mahjong-Front.pdf Graphic file (type pdf)
<use tiles/mahjong-Front.pdf>
File: tiles/mahjong-1m.pdf Graphic file (type pdf)
<use tiles/mahjong-1m.pdf>
File: tiles/mahjong-Front.pdf Graphic file (type pdf)
<use tiles/mahjong-Front.pdf>
File: tiles/mahjong-1m.pdf Graphic file (type pdf)
<use tiles/mahjong-1m.pdf>

Package natbib Warning: Citation `yuusee-2468' on page 5 undefined on input lin
e 458.

File: tiles/mahjong-Front.pdf Graphic file (type pdf)
<use tiles/mahjong-Front.pdf>
File: tiles/mahjong-2m.pdf Graphic file (type pdf)
<use tiles/mahjong-2m.pdf>
File: tiles/mahjong-Front.pdf Graphic file (type pdf)
<use tiles/mahjong-Front.pdf>
File: tiles/mahjong-4m.pdf Graphic file (type pdf)
<use tiles/mahjong-4m.pdf>
File: tiles/mahjong-Front.pdf Graphic file (type pdf)
<use tiles/mahjong-Front.pdf>
File: tiles/mahjong-4p.pdf Graphic file (type pdf)
<use tiles/mahjong-4p.pdf>
File: tiles/mahjong-Front.pdf Graphic file (type pdf)
<use tiles/mahjong-Front.pdf>
File: tiles/mahjong-4p.pdf Graphic file (type pdf)
<use tiles/mahjong-4p.pdf>
File: tiles/mahjong-Front.pdf Graphic file (type pdf)
<use tiles/mahjong-Front.pdf>
File: tiles/mahjong-6p.pdf Graphic file (type pdf)
<use tiles/mahjong-6p.pdf>
File: tiles/mahjong-Front.pdf Graphic file (type pdf)
<use tiles/mahjong-Front.pdf>
File: tiles/mahjong-9p.pdf Graphic file (type pdf)
<use tiles/mahjong-9p.pdf>
File: tiles/mahjong-Front.pdf Graphic file (type pdf)
<use tiles/mahjong-Front.pdf>
File: tiles/mahjong-9p.pdf Graphic file (type pdf)
<use tiles/mahjong-9p.pdf>
File: tiles/mahjong-Front.pdf Graphic file (type pdf)
<use tiles/mahjong-Front.pdf>
File: tiles/mahjong-2s.pdf Graphic file (type pdf)
<use tiles/mahjong-2s.pdf>
File: tiles/mahjong-Front.pdf Graphic file (type pdf)
<use tiles/mahjong-Front.pdf>
File: tiles/mahjong-4s.pdf Graphic file (type pdf)
<use tiles/mahjong-4s.pdf>
File: tiles/mahjong-Front.pdf Graphic file (type pdf)
<use tiles/mahjong-Front.pdf>
File: tiles/mahjong-6s.pdf Graphic file (type pdf)
<use tiles/mahjong-6s.pdf>
File: tiles/mahjong-Front.pdf Graphic file (type pdf)
<use tiles/mahjong-Front.pdf>
File: tiles/mahjong-8s.pdf Graphic file (type pdf)
<use tiles/mahjong-8s.pdf>
File: tiles/mahjong-Front.pdf Graphic file (type pdf)
<use tiles/mahjong-Front.pdf>
File: tiles/mahjong-7z.pdf Graphic file (type pdf)
<use tiles/mahjong-7z.pdf>
File: tiles/mahjong-Front.pdf Graphic file (type pdf)
<use tiles/mahjong-Front.pdf>
File: tiles/mahjong-7z.pdf Graphic file (type pdf)
<use tiles/mahjong-7z.pdf>
File: tiles/mahjong-Space.pdf Graphic file (type pdf)
<use tiles/mahjong-Space.pdf>
File: tiles/mahjong-Front.pdf Graphic file (type pdf)
<use tiles/mahjong-Front.pdf>
File: tiles/mahjong-7z.pdf Graphic file (type pdf)
<use tiles/mahjong-7z.pdf>
[5]
File: tiles/mahjong-Front.pdf Graphic file (type pdf)
<use tiles/mahjong-Front.pdf>
File: tiles/mahjong-1m.pdf Graphic file (type pdf)
<use tiles/mahjong-1m.pdf>
File: tiles/mahjong-Front.pdf Graphic file (type pdf)
<use tiles/mahjong-Front.pdf>
File: tiles/mahjong-1m.pdf Graphic file (type pdf)
<use tiles/mahjong-1m.pdf>
File: tiles/mahjong-Front.pdf Graphic file (type pdf)
<use tiles/mahjong-Front.pdf>
File: tiles/mahjong-3m.pdf Graphic file (type pdf)
<use tiles/mahjong-3m.pdf>
File: tiles/mahjong-Front.pdf Graphic file (type pdf)
<use tiles/mahjong-Front.pdf>
File: tiles/mahjong-5m.pdf Graphic file (type pdf)
<use tiles/mahjong-5m.pdf>
File: tiles/mahjong-Front.pdf Graphic file (type pdf)
<use tiles/mahjong-Front.pdf>
File: tiles/mahjong-7m.pdf Graphic file (type pdf)
<use tiles/mahjong-7m.pdf>
File: tiles/mahjong-Front.pdf Graphic file (type pdf)
<use tiles/mahjong-Front.pdf>
File: tiles/mahjong-4p.pdf Graphic file (type pdf)
<use tiles/mahjong-4p.pdf>
File: tiles/mahjong-Front.pdf Graphic file (type pdf)
<use tiles/mahjong-Front.pdf>
File: tiles/mahjong-6p.pdf Graphic file (type pdf)
<use tiles/mahjong-6p.pdf>
File: tiles/mahjong-Front.pdf Graphic file (type pdf)
<use tiles/mahjong-Front.pdf>
File: tiles/mahjong-6p.pdf Graphic file (type pdf)
<use tiles/mahjong-6p.pdf>
File: tiles/mahjong-Front.pdf Graphic file (type pdf)
<use tiles/mahjong-Front.pdf>
File: tiles/mahjong-8p.pdf Graphic file (type pdf)
<use tiles/mahjong-8p.pdf>
File: tiles/mahjong-Front.pdf Graphic file (type pdf)
<use tiles/mahjong-Front.pdf>
File: tiles/mahjong-2s.pdf Graphic file (type pdf)
<use tiles/mahjong-2s.pdf>
File: tiles/mahjong-Front.pdf Graphic file (type pdf)
<use tiles/mahjong-Front.pdf>
File: tiles/mahjong-4s.pdf Graphic file (type pdf)
<use tiles/mahjong-4s.pdf>
File: tiles/mahjong-Front.pdf Graphic file (type pdf)
<use tiles/mahjong-Front.pdf>
File: tiles/mahjong-6s.pdf Graphic file (type pdf)
<use tiles/mahjong-6s.pdf>
File: tiles/mahjong-Front.pdf Graphic file (type pdf)
<use tiles/mahjong-Front.pdf>
File: tiles/mahjong-8s.pdf Graphic file (type pdf)
<use tiles/mahjong-8s.pdf>
File: tiles/mahjong-Space.pdf Graphic file (type pdf)
<use tiles/mahjong-Space.pdf>
File: tiles/mahjong-Front.pdf Graphic file (type pdf)
<use tiles/mahjong-Front.pdf>
File: tiles/mahjong-8p.pdf Graphic file (type pdf)
<use tiles/mahjong-8p.pdf>
File: tiles/mahjong-Front.pdf Graphic file (type pdf)
<use tiles/mahjong-Front.pdf>
File: tiles/mahjong-1m.pdf Graphic file (type pdf)
<use tiles/mahjong-1m.pdf>
File: tiles/mahjong-Front.pdf Graphic file (type pdf)
<use tiles/mahjong-Front.pdf>
File: tiles/mahjong-1m.pdf Graphic file (type pdf)
<use tiles/mahjong-1m.pdf>
File: tiles/mahjong-Front.pdf Graphic file (type pdf)
<use tiles/mahjong-Front.pdf>
File: tiles/mahjong-3m.pdf Graphic file (type pdf)
<use tiles/mahjong-3m.pdf>
File: tiles/mahjong-Front.pdf Graphic file (type pdf)
<use tiles/mahjong-Front.pdf>
File: tiles/mahjong-5m.pdf Graphic file (type pdf)
<use tiles/mahjong-5m.pdf>
File: tiles/mahjong-Front.pdf Graphic file (type pdf)
<use tiles/mahjong-Front.pdf>
File: tiles/mahjong-2m.pdf Graphic file (type pdf)
<use tiles/mahjong-2m.pdf>
File: tiles/mahjong-Front.pdf Graphic file (type pdf)
<use tiles/mahjong-Front.pdf>
File: tiles/mahjong-2m.pdf Graphic file (type pdf)
<use tiles/mahjong-2m.pdf>
File: tiles/mahjong-Front.pdf Graphic file (type pdf)
<use tiles/mahjong-Front.pdf>
File: tiles/mahjong-4m.pdf Graphic file (type pdf)
<use tiles/mahjong-4m.pdf>
File: tiles/mahjong-Front.pdf Graphic file (type pdf)
<use tiles/mahjong-Front.pdf>
File: tiles/mahjong-6m.pdf Graphic file (type pdf)
<use tiles/mahjong-6m.pdf>
File: tiles/mahjong-Front.pdf Graphic file (type pdf)
<use tiles/mahjong-Front.pdf>
File: tiles/mahjong-1m.pdf Graphic file (type pdf)
<use tiles/mahjong-1m.pdf>
File: tiles/mahjong-Front.pdf Graphic file (type pdf)
<use tiles/mahjong-Front.pdf>
File: tiles/mahjong-1m.pdf Graphic file (type pdf)
<use tiles/mahjong-1m.pdf>
File: tiles/mahjong-Front.pdf Graphic file (type pdf)
<use tiles/mahjong-Front.pdf>
File: tiles/mahjong-3m.pdf Graphic file (type pdf)
<use tiles/mahjong-3m.pdf>
File: tiles/mahjong-Front.pdf Graphic file (type pdf)
<use tiles/mahjong-Front.pdf>
File: tiles/mahjong-5m.pdf Graphic file (type pdf)
<use tiles/mahjong-5m.pdf>
File: tiles/mahjong-Front.pdf Graphic file (type pdf)
<use tiles/mahjong-Front.pdf>
File: tiles/mahjong-5m.pdf Graphic file (type pdf)
<use tiles/mahjong-5m.pdf>
File: tiles/mahjong-Front.pdf Graphic file (type pdf)
<use tiles/mahjong-Front.pdf>
File: tiles/mahjong-1m.pdf Graphic file (type pdf)
<use tiles/mahjong-1m.pdf>
File: tiles/mahjong-Front.pdf Graphic file (type pdf)
<use tiles/mahjong-Front.pdf>
File: tiles/mahjong-2m.pdf Graphic file (type pdf)
<use tiles/mahjong-2m.pdf>
File: tiles/mahjong-Front.pdf Graphic file (type pdf)
<use tiles/mahjong-Front.pdf>
File: tiles/mahjong-4m.pdf Graphic file (type pdf)
<use tiles/mahjong-4m.pdf>
File: tiles/mahjong-Front.pdf Graphic file (type pdf)
<use tiles/mahjong-Front.pdf>
File: tiles/mahjong-5m.pdf Graphic file (type pdf)
<use tiles/mahjong-5m.pdf>


Package natbib Warning: Citation `yuusee-11355' on page 6 undefined on input li
ne 464.

File: tiles/mahjong-Front.pdf Graphic file (type pdf)
<use tiles/mahjong-Front.pdf>
File: tiles/mahjong-1m.pdf Graphic file (type pdf)
<use tiles/mahjong-1m.pdf>
File: tiles/mahjong-Front.pdf Graphic file (type pdf)
<use tiles/mahjong-Front.pdf>
File: tiles/mahjong-3m.pdf Graphic file (type pdf)
<use tiles/mahjong-3m.pdf>
File: tiles/mahjong-Front.pdf Graphic file (type pdf)
<use tiles/mahjong-Front.pdf>
File: tiles/mahjong-5m.pdf Graphic file (type pdf)
<use tiles/mahjong-5m.pdf>
File: tiles/mahjong-Front.pdf Graphic file (type pdf)
<use tiles/mahjong-Front.pdf>
File: tiles/mahjong-5m.pdf Graphic file (type pdf)
<use tiles/mahjong-5m.pdf>
File: tiles/mahjong-Front.pdf Graphic file (type pdf)
<use tiles/mahjong-Front.pdf>
File: tiles/mahjong-2m.pdf Graphic file (type pdf)
<use tiles/mahjong-2m.pdf>
File: tiles/mahjong-Front.pdf Graphic file (type pdf)
<use tiles/mahjong-Front.pdf>
File: tiles/mahjong-4m.pdf Graphic file (type pdf)
<use tiles/mahjong-4m.pdf>
File: tiles/mahjong-Front.pdf Graphic file (type pdf)
<use tiles/mahjong-Front.pdf>
File: tiles/mahjong-6m.pdf Graphic file (type pdf)
<use tiles/mahjong-6m.pdf>
File: tiles/mahjong-Front.pdf Graphic file (type pdf)
<use tiles/mahjong-Front.pdf>
File: tiles/mahjong-6m.pdf Graphic file (type pdf)
<use tiles/mahjong-6m.pdf>
File: tiles/mahjong-Front.pdf Graphic file (type pdf)
<use tiles/mahjong-Front.pdf>
File: tiles/mahjong-4m.pdf Graphic file (type pdf)
<use tiles/mahjong-4m.pdf>
File: tiles/mahjong-Front.pdf Graphic file (type pdf)
<use tiles/mahjong-Front.pdf>
File: tiles/mahjong-6m.pdf Graphic file (type pdf)
<use tiles/mahjong-6m.pdf>
File: tiles/mahjong-Front.pdf Graphic file (type pdf)
<use tiles/mahjong-Front.pdf>
File: tiles/mahjong-1m.pdf Graphic file (type pdf)
<use tiles/mahjong-1m.pdf>
File: tiles/mahjong-Front.pdf Graphic file (type pdf)
<use tiles/mahjong-Front.pdf>
File: tiles/mahjong-3m.pdf Graphic file (type pdf)
<use tiles/mahjong-3m.pdf>
File: tiles/mahjong-Front.pdf Graphic file (type pdf)
<use tiles/mahjong-Front.pdf>
File: tiles/mahjong-4m.pdf Graphic file (type pdf)
<use tiles/mahjong-4m.pdf>
File: tiles/mahjong-Front.pdf Graphic file (type pdf)
<use tiles/mahjong-Front.pdf>
File: tiles/mahjong-5m.pdf Graphic file (type pdf)
<use tiles/mahjong-5m.pdf>
File: tiles/mahjong-Front.pdf Graphic file (type pdf)
<use tiles/mahjong-Front.pdf>
File: tiles/mahjong-5m.pdf Graphic file (type pdf)
<use tiles/mahjong-5m.pdf>
File: tiles/mahjong-Front.pdf Graphic file (type pdf)
<use tiles/mahjong-Front.pdf>
File: tiles/mahjong-6m.pdf Graphic file (type pdf)
<use tiles/mahjong-6m.pdf>
File: tiles/mahjong-Front.pdf Graphic file (type pdf)
<use tiles/mahjong-Front.pdf>
File: tiles/mahjong-1m.pdf Graphic file (type pdf)
<use tiles/mahjong-1m.pdf>
File: tiles/mahjong-Front.pdf Graphic file (type pdf)
<use tiles/mahjong-Front.pdf>
File: tiles/mahjong-1m.pdf Graphic file (type pdf)
<use tiles/mahjong-1m.pdf>
File: tiles/mahjong-Front.pdf Graphic file (type pdf)
<use tiles/mahjong-Front.pdf>
File: tiles/mahjong-3m.pdf Graphic file (type pdf)
<use tiles/mahjong-3m.pdf>
File: tiles/mahjong-Front.pdf Graphic file (type pdf)
<use tiles/mahjong-Front.pdf>
File: tiles/mahjong-5m.pdf Graphic file (type pdf)
<use tiles/mahjong-5m.pdf>
File: tiles/mahjong-Front.pdf Graphic file (type pdf)
<use tiles/mahjong-Front.pdf>
File: tiles/mahjong-1m.pdf Graphic file (type pdf)
<use tiles/mahjong-1m.pdf>
File: tiles/mahjong-Front.pdf Graphic file (type pdf)
<use tiles/mahjong-Front.pdf>
File: tiles/mahjong-3m.pdf Graphic file (type pdf)
<use tiles/mahjong-3m.pdf>
File: tiles/mahjong-Front.pdf Graphic file (type pdf)
<use tiles/mahjong-Front.pdf>
File: tiles/mahjong-3m.pdf Graphic file (type pdf)
<use tiles/mahjong-3m.pdf>
File: tiles/mahjong-Front.pdf Graphic file (type pdf)
<use tiles/mahjong-Front.pdf>
File: tiles/mahjong-5m.pdf Graphic file (type pdf)
<use tiles/mahjong-5m.pdf>
File: tiles/mahjong-Front.pdf Graphic file (type pdf)
<use tiles/mahjong-Front.pdf>
File: tiles/mahjong-1m.pdf Graphic file (type pdf)
<use tiles/mahjong-1m.pdf>
File: tiles/mahjong-Front.pdf Graphic file (type pdf)
<use tiles/mahjong-Front.pdf>
File: tiles/mahjong-3m.pdf Graphic file (type pdf)
<use tiles/mahjong-3m.pdf>
File: tiles/mahjong-Front.pdf Graphic file (type pdf)
<use tiles/mahjong-Front.pdf>
File: tiles/mahjong-2m.pdf Graphic file (type pdf)
<use tiles/mahjong-2m.pdf>
File: tiles/mahjong-Front.pdf Graphic file (type pdf)
<use tiles/mahjong-Front.pdf>
File: tiles/mahjong-4m.pdf Graphic file (type pdf)
<use tiles/mahjong-4m.pdf>
File: tiles/mahjong-Front.pdf Graphic file (type pdf)
<use tiles/mahjong-Front.pdf>
File: tiles/mahjong-4m.pdf Graphic file (type pdf)
<use tiles/mahjong-4m.pdf>
File: tiles/mahjong-Front.pdf Graphic file (type pdf)
<use tiles/mahjong-Front.pdf>
File: tiles/mahjong-6m.pdf Graphic file (type pdf)
<use tiles/mahjong-6m.pdf>
File: tiles/mahjong-Front.pdf Graphic file (type pdf)
<use tiles/mahjong-Front.pdf>
File: tiles/mahjong-3m.pdf Graphic file (type pdf)
<use tiles/mahjong-3m.pdf>
File: tiles/mahjong-Front.pdf Graphic file (type pdf)
<use tiles/mahjong-Front.pdf>
File: tiles/mahjong-5m.pdf Graphic file (type pdf)
<use tiles/mahjong-5m.pdf>
File: tiles/mahjong-Front.pdf Graphic file (type pdf)
<use tiles/mahjong-Front.pdf>
File: tiles/mahjong-5m.pdf Graphic file (type pdf)
<use tiles/mahjong-5m.pdf>
File: tiles/mahjong-Front.pdf Graphic file (type pdf)
<use tiles/mahjong-Front.pdf>
File: tiles/mahjong-7m.pdf Graphic file (type pdf)
<use tiles/mahjong-7m.pdf>
File: tiles/mahjong-Front.pdf Graphic file (type pdf)
<use tiles/mahjong-Front.pdf>
File: tiles/mahjong-3p.pdf Graphic file (type pdf)
<use tiles/mahjong-3p.pdf>
File: tiles/mahjong-Front.pdf Graphic file (type pdf)
<use tiles/mahjong-Front.pdf>
File: tiles/mahjong-3p.pdf Graphic file (type pdf)
<use tiles/mahjong-3p.pdf>
File: tiles/mahjong-Front.pdf Graphic file (type pdf)
<use tiles/mahjong-Front.pdf>
File: tiles/mahjong-4p.pdf Graphic file (type pdf)
<use tiles/mahjong-4p.pdf>
File: tiles/mahjong-Front.pdf Graphic file (type pdf)
<use tiles/mahjong-Front.pdf>
File: tiles/mahjong-4p.pdf Graphic file (type pdf)
<use tiles/mahjong-4p.pdf>
File: tiles/mahjong-Front.pdf Graphic file (type pdf)
<use tiles/mahjong-Front.pdf>
File: tiles/mahjong-3p.pdf Graphic file (type pdf)
<use tiles/mahjong-3p.pdf>
File: tiles/mahjong-Front.pdf Graphic file (type pdf)
<use tiles/mahjong-Front.pdf>
File: tiles/mahjong-3p.pdf Graphic file (type pdf)
<use tiles/mahjong-3p.pdf>
File: tiles/mahjong-Front.pdf Graphic file (type pdf)
<use tiles/mahjong-Front.pdf>
File: tiles/mahjong-4p.pdf Graphic file (type pdf)
<use tiles/mahjong-4p.pdf>
File: tiles/mahjong-Front.pdf Graphic file (type pdf)
<use tiles/mahjong-Front.pdf>
File: tiles/mahjong-4p.pdf Graphic file (type pdf)
<use tiles/mahjong-4p.pdf>
File: tiles/mahjong-Front.pdf Graphic file (type pdf)
<use tiles/mahjong-Front.pdf>
File: tiles/mahjong-3p.pdf Graphic file (type pdf)
<use tiles/mahjong-3p.pdf>
File: tiles/mahjong-Front.pdf Graphic file (type pdf)
<use tiles/mahjong-Front.pdf>
File: tiles/mahjong-4p.pdf Graphic file (type pdf)
<use tiles/mahjong-4p.pdf>
File: tiles/mahjong-Front.pdf Graphic file (type pdf)
<use tiles/mahjong-Front.pdf>
File: tiles/mahjong-3m.pdf Graphic file (type pdf)
<use tiles/mahjong-3m.pdf>
File: tiles/mahjong-Front.pdf Graphic file (type pdf)
<use tiles/mahjong-Front.pdf>
File: tiles/mahjong-3m.pdf Graphic file (type pdf)
<use tiles/mahjong-3m.pdf>
File: tiles/mahjong-Front.pdf Graphic file (type pdf)
<use tiles/mahjong-Front.pdf>
File: tiles/mahjong-6m.pdf Graphic file (type pdf)
<use tiles/mahjong-6m.pdf>
File: tiles/mahjong-Front.pdf Graphic file (type pdf)
<use tiles/mahjong-Front.pdf>
File: tiles/mahjong-7m.pdf Graphic file (type pdf)
<use tiles/mahjong-7m.pdf>
File: tiles/mahjong-Front.pdf Graphic file (type pdf)
<use tiles/mahjong-Front.pdf>
File: tiles/mahjong-8m.pdf Graphic file (type pdf)
<use tiles/mahjong-8m.pdf>
File: tiles/mahjong-Front.pdf Graphic file (type pdf)
<use tiles/mahjong-Front.pdf>
File: tiles/mahjong-3p.pdf Graphic file (type pdf)
<use tiles/mahjong-3p.pdf>
File: tiles/mahjong-Front.pdf Graphic file (type pdf)
<use tiles/mahjong-Front.pdf>
File: tiles/mahjong-3p.pdf Graphic file (type pdf)
<use tiles/mahjong-3p.pdf>
File: tiles/mahjong-Front.pdf Graphic file (type pdf)
<use tiles/mahjong-Front.pdf>
File: tiles/mahjong-4p.pdf Graphic file (type pdf)
<use tiles/mahjong-4p.pdf>
File: tiles/mahjong-Front.pdf Graphic file (type pdf)
<use tiles/mahjong-Front.pdf>
File: tiles/mahjong-4p.pdf Graphic file (type pdf)
<use tiles/mahjong-4p.pdf>
File: tiles/mahjong-Front.pdf Graphic file (type pdf)
<use tiles/mahjong-Front.pdf>
File: tiles/mahjong-2s.pdf Graphic file (type pdf)
<use tiles/mahjong-2s.pdf>
File: tiles/mahjong-Front.pdf Graphic file (type pdf)
<use tiles/mahjong-Front.pdf>
File: tiles/mahjong-3s.pdf Graphic file (type pdf)
<use tiles/mahjong-3s.pdf>
File: tiles/mahjong-Front.pdf Graphic file (type pdf)
<use tiles/mahjong-Front.pdf>
File: tiles/mahjong-4s.pdf Graphic file (type pdf)
<use tiles/mahjong-4s.pdf>
File: tiles/mahjong-Front.pdf Graphic file (type pdf)
<use tiles/mahjong-Front.pdf>
File: tiles/mahjong-7s.pdf Graphic file (type pdf)
<use tiles/mahjong-7s.pdf>
File: tiles/mahjong-Space.pdf Graphic file (type pdf)
<use tiles/mahjong-Space.pdf>
File: tiles/mahjong-Front.pdf Graphic file (type pdf)
<use tiles/mahjong-Front.pdf>
File: tiles/mahjong-8s.pdf Graphic file (type pdf)
<use tiles/mahjong-8s.pdf>
File: tiles/mahjong-Front.pdf Graphic file (type pdf)
<use tiles/mahjong-Front.pdf>
File: tiles/mahjong-3m.pdf Graphic file (type pdf)
<use tiles/mahjong-3m.pdf>
File: tiles/mahjong-Front.pdf Graphic file (type pdf)
<use tiles/mahjong-Front.pdf>
File: tiles/mahjong-3m.pdf Graphic file (type pdf)
<use tiles/mahjong-3m.pdf>
File: tiles/mahjong-Front.pdf Graphic file (type pdf)
<use tiles/mahjong-Front.pdf>
File: tiles/mahjong-6m.pdf Graphic file (type pdf)
<use tiles/mahjong-6m.pdf>
File: tiles/mahjong-Front.pdf Graphic file (type pdf)
<use tiles/mahjong-Front.pdf>
File: tiles/mahjong-7m.pdf Graphic file (type pdf)
<use tiles/mahjong-7m.pdf>
File: tiles/mahjong-Front.pdf Graphic file (type pdf)
<use tiles/mahjong-Front.pdf>
File: tiles/mahjong-8m.pdf Graphic file (type pdf)
<use tiles/mahjong-8m.pdf>
File: tiles/mahjong-Front.pdf Graphic file (type pdf)
<use tiles/mahjong-Front.pdf>
File: tiles/mahjong-3p.pdf Graphic file (type pdf)
<use tiles/mahjong-3p.pdf>
File: tiles/mahjong-Front.pdf Graphic file (type pdf)
<use tiles/mahjong-Front.pdf>
File: tiles/mahjong-3p.pdf Graphic file (type pdf)
<use tiles/mahjong-3p.pdf>
File: tiles/mahjong-Front.pdf Graphic file (type pdf)
<use tiles/mahjong-Front.pdf>
File: tiles/mahjong-4p.pdf Graphic file (type pdf)
<use tiles/mahjong-4p.pdf>
File: tiles/mahjong-Front.pdf Graphic file (type pdf)
<use tiles/mahjong-Front.pdf>
File: tiles/mahjong-4p.pdf Graphic file (type pdf)
<use tiles/mahjong-4p.pdf>
File: tiles/mahjong-Front.pdf Graphic file (type pdf)
<use tiles/mahjong-Front.pdf>
File: tiles/mahjong-2s.pdf Graphic file (type pdf)
<use tiles/mahjong-2s.pdf>
File: tiles/mahjong-Front.pdf Graphic file (type pdf)
<use tiles/mahjong-Front.pdf>
File: tiles/mahjong-3s.pdf Graphic file (type pdf)
<use tiles/mahjong-3s.pdf>
File: tiles/mahjong-Front.pdf Graphic file (type pdf)
<use tiles/mahjong-Front.pdf>
File: tiles/mahjong-4s.pdf Graphic file (type pdf)
<use tiles/mahjong-4s.pdf>
File: tiles/mahjong-Front.pdf Graphic file (type pdf)
<use tiles/mahjong-Front.pdf>
File: tiles/mahjong-6s.pdf Graphic file (type pdf)
<use tiles/mahjong-6s.pdf>
File: tiles/mahjong-Space.pdf Graphic file (type pdf)
<use tiles/mahjong-Space.pdf>
File: tiles/mahjong-Front.pdf Graphic file (type pdf)
<use tiles/mahjong-Front.pdf>
File: tiles/mahjong-8s.pdf Graphic file (type pdf)
<use tiles/mahjong-8s.pdf>
File: tiles/mahjong-Front.pdf Graphic file (type pdf)
<use tiles/mahjong-Front.pdf>
File: tiles/mahjong-3m.pdf Graphic file (type pdf)
<use tiles/mahjong-3m.pdf>
File: tiles/mahjong-Front.pdf Graphic file (type pdf)
<use tiles/mahjong-Front.pdf>
File: tiles/mahjong-3m.pdf Graphic file (type pdf)
<use tiles/mahjong-3m.pdf>
File: tiles/mahjong-Front.pdf Graphic file (type pdf)
<use tiles/mahjong-Front.pdf>
File: tiles/mahjong-6m.pdf Graphic file (type pdf)
<use tiles/mahjong-6m.pdf>
File: tiles/mahjong-Front.pdf Graphic file (type pdf)
<use tiles/mahjong-Front.pdf>
File: tiles/mahjong-7m.pdf Graphic file (type pdf)
<use tiles/mahjong-7m.pdf>
File: tiles/mahjong-Front.pdf Graphic file (type pdf)
<use tiles/mahjong-Front.pdf>
File: tiles/mahjong-8m.pdf Graphic file (type pdf)
<use tiles/mahjong-8m.pdf>
File: tiles/mahjong-Front.pdf Graphic file (type pdf)
<use tiles/mahjong-Front.pdf>
File: tiles/mahjong-8p.pdf Graphic file (type pdf)
<use tiles/mahjong-8p.pdf>
File: tiles/mahjong-Front.pdf Graphic file (type pdf)
<use tiles/mahjong-Front.pdf>
File: tiles/mahjong-8p.pdf Graphic file (type pdf)
<use tiles/mahjong-8p.pdf>
File: tiles/mahjong-Front.pdf Graphic file (type pdf)
<use tiles/mahjong-Front.pdf>
File: tiles/mahjong-9p.pdf Graphic file (type pdf)
<use tiles/mahjong-9p.pdf>
File: tiles/mahjong-Front.pdf Graphic file (type pdf)
<use tiles/mahjong-Front.pdf>
File: tiles/mahjong-9p.pdf Graphic file (type pdf)
<use tiles/mahjong-9p.pdf>
File: tiles/mahjong-Front.pdf Graphic file (type pdf)
<use tiles/mahjong-Front.pdf>
File: tiles/mahjong-2s.pdf Graphic file (type pdf)
<use tiles/mahjong-2s.pdf>
File: tiles/mahjong-Front.pdf Graphic file (type pdf)
<use tiles/mahjong-Front.pdf>
File: tiles/mahjong-3s.pdf Graphic file (type pdf)
<use tiles/mahjong-3s.pdf>
File: tiles/mahjong-Front.pdf Graphic file (type pdf)
<use tiles/mahjong-Front.pdf>
File: tiles/mahjong-4s.pdf Graphic file (type pdf)
<use tiles/mahjong-4s.pdf>
File: tiles/mahjong-Front.pdf Graphic file (type pdf)
<use tiles/mahjong-Front.pdf>
File: tiles/mahjong-6s.pdf Graphic file (type pdf)
<use tiles/mahjong-6s.pdf>
File: tiles/mahjong-Space.pdf Graphic file (type pdf)
<use tiles/mahjong-Space.pdf>
File: tiles/mahjong-Front.pdf Graphic file (type pdf)
<use tiles/mahjong-Front.pdf>
File: tiles/mahjong-8s.pdf Graphic file (type pdf)
<use tiles/mahjong-8s.pdf>
File: tiles/mahjong-Front.pdf Graphic file (type pdf)
<use tiles/mahjong-Front.pdf>
File: tiles/mahjong-3p.pdf Graphic file (type pdf)
<use tiles/mahjong-3p.pdf>
File: tiles/mahjong-Front.pdf Graphic file (type pdf)
<use tiles/mahjong-Front.pdf>
File: tiles/mahjong-4p.pdf Graphic file (type pdf)
<use tiles/mahjong-4p.pdf>
File: tiles/mahjong-Front.pdf Graphic file (type pdf)
<use tiles/mahjong-Front.pdf>
File: tiles/mahjong-6s.pdf Graphic file (type pdf)
<use tiles/mahjong-6s.pdf>
File: tiles/mahjong-Front.pdf Graphic file (type pdf)
<use tiles/mahjong-Front.pdf>
File: tiles/mahjong-8s.pdf Graphic file (type pdf)
<use tiles/mahjong-8s.pdf>
File: tiles/mahjong-Front.pdf Graphic file (type pdf)
<use tiles/mahjong-Front.pdf>
File: tiles/mahjong-2p.pdf Graphic file (type pdf)
<use tiles/mahjong-2p.pdf>
File: tiles/mahjong-Front.pdf Graphic file (type pdf)
<use tiles/mahjong-Front.pdf>
File: tiles/mahjong-5p.pdf Graphic file (type pdf)
<use tiles/mahjong-5p.pdf>
File: tiles/mahjong-Front.pdf Graphic file (type pdf)
<use tiles/mahjong-Front.pdf>
File: tiles/mahjong-9p.pdf Graphic file (type pdf)
<use tiles/mahjong-9p.pdf>
File: tiles/mahjong-Front.pdf Graphic file (type pdf)
<use tiles/mahjong-Front.pdf>
File: tiles/mahjong-9p.pdf Graphic file (type pdf)
<use tiles/mahjong-9p.pdf>

Package natbib Warning: Citation `uzaku-haikouritsu' on page 6 undefined on inp
ut line 482.

File: tiles/mahjong-Front.pdf Graphic file (type pdf)
<use tiles/mahjong-Front.pdf>
File: tiles/mahjong-7p.pdf Graphic file (type pdf)
<use tiles/mahjong-7p.pdf>
File: tiles/mahjong-Front.pdf Graphic file (type pdf)
<use tiles/mahjong-Front.pdf>
File: tiles/mahjong-7p.pdf Graphic file (type pdf)
<use tiles/mahjong-7p.pdf>
File: tiles/mahjong-Front.pdf Graphic file (type pdf)
<use tiles/mahjong-Front.pdf>
File: tiles/mahjong-9p.pdf Graphic file (type pdf)
<use tiles/mahjong-9p.pdf>
File: tiles/mahjong-Front.pdf Graphic file (type pdf)
<use tiles/mahjong-Front.pdf>
File: tiles/mahjong-9p.pdf Graphic file (type pdf)
<use tiles/mahjong-9p.pdf>

Package natbib Warning: Citation `uzaku-haikouritsu' on page 6 undefined on inp
ut line 487.

File: tiles/mahjong-Front.pdf Graphic file (type pdf)
<use tiles/mahjong-Front.pdf>
File: tiles/mahjong-7m.pdf Graphic file (type pdf)
<use tiles/mahjong-7m.pdf>
File: tiles/mahjong-Front.pdf Graphic file (type pdf)
<use tiles/mahjong-Front.pdf>
File: tiles/mahjong-7m.pdf Graphic file (type pdf)
<use tiles/mahjong-7m.pdf>
File: tiles/mahjong-Front.pdf Graphic file (type pdf)
<use tiles/mahjong-Front.pdf>
File: tiles/mahjong-9m.pdf Graphic file (type pdf)
<use tiles/mahjong-9m.pdf>
File: tiles/mahjong-Front.pdf Graphic file (type pdf)
<use tiles/mahjong-Front.pdf>
File: tiles/mahjong-9m.pdf Graphic file (type pdf)
<use tiles/mahjong-9m.pdf>
File: tiles/mahjong-Front.pdf Graphic file (type pdf)
<use tiles/mahjong-Front.pdf>
File: tiles/mahjong-1p.pdf Graphic file (type pdf)
<use tiles/mahjong-1p.pdf>
File: tiles/mahjong-Front.pdf Graphic file (type pdf)
<use tiles/mahjong-Front.pdf>
File: tiles/mahjong-2p.pdf Graphic file (type pdf)
<use tiles/mahjong-2p.pdf>
File: tiles/mahjong-Front.pdf Graphic file (type pdf)
<use tiles/mahjong-Front.pdf>
File: tiles/mahjong-3p.pdf Graphic file (type pdf)
<use tiles/mahjong-3p.pdf>
File: tiles/mahjong-Front.pdf Graphic file (type pdf)
<use tiles/mahjong-Front.pdf>
File: tiles/mahjong-4p.pdf Graphic file (type pdf)
<use tiles/mahjong-4p.pdf>
File: tiles/mahjong-Front.pdf Graphic file (type pdf)
<use tiles/mahjong-Front.pdf>
File: tiles/mahjong-5p.pdf Graphic file (type pdf)
<use tiles/mahjong-5p.pdf>
File: tiles/mahjong-Front.pdf Graphic file (type pdf)
<use tiles/mahjong-Front.pdf>
File: tiles/mahjong-6p.pdf Graphic file (type pdf)
<use tiles/mahjong-6p.pdf>
File: tiles/mahjong-Front.pdf Graphic file (type pdf)
<use tiles/mahjong-Front.pdf>
File: tiles/mahjong-5s.pdf Graphic file (type pdf)
<use tiles/mahjong-5s.pdf>
File: tiles/mahjong-Front.pdf Graphic file (type pdf)
<use tiles/mahjong-Front.pdf>
File: tiles/mahjong-5s.pdf Graphic file (type pdf)
<use tiles/mahjong-5s.pdf>
File: tiles/mahjong-Front.pdf Graphic file (type pdf)
<use tiles/mahjong-Front.pdf>
File: tiles/mahjong-7s.pdf Graphic file (type pdf)
<use tiles/mahjong-7s.pdf>
File: tiles/mahjong-Space.pdf Graphic file (type pdf)
<use tiles/mahjong-Space.pdf>
File: tiles/mahjong-Front.pdf Graphic file (type pdf)
<use tiles/mahjong-Front.pdf>
File: tiles/mahjong-8s.pdf Graphic file (type pdf)
<use tiles/mahjong-8s.pdf>
File: tiles/mahjong-Front.pdf Graphic file (type pdf)
<use tiles/mahjong-Front.pdf>
File: tiles/mahjong-2m.pdf Graphic file (type pdf)
<use tiles/mahjong-2m.pdf>
File: tiles/mahjong-Front.pdf Graphic file (type pdf)
<use tiles/mahjong-Front.pdf>
File: tiles/mahjong-3m.pdf Graphic file (type pdf)
<use tiles/mahjong-3m.pdf>
File: tiles/mahjong-Front.pdf Graphic file (type pdf)
<use tiles/mahjong-Front.pdf>
File: tiles/mahjong-7m.pdf Graphic file (type pdf)
<use tiles/mahjong-7m.pdf>
File: tiles/mahjong-Front.pdf Graphic file (type pdf)
<use tiles/mahjong-Front.pdf>
File: tiles/mahjong-7m.pdf Graphic file (type pdf)
<use tiles/mahjong-7m.pdf>
File: tiles/mahjong-Front.pdf Graphic file (type pdf)
<use tiles/mahjong-Front.pdf>
File: tiles/mahjong-9m.pdf Graphic file (type pdf)
<use tiles/mahjong-9m.pdf>
File: tiles/mahjong-Front.pdf Graphic file (type pdf)
<use tiles/mahjong-Front.pdf>
File: tiles/mahjong-9m.pdf Graphic file (type pdf)
<use tiles/mahjong-9m.pdf>
File: tiles/mahjong-Front.pdf Graphic file (type pdf)
<use tiles/mahjong-Front.pdf>
File: tiles/mahjong-1p.pdf Graphic file (type pdf)
<use tiles/mahjong-1p.pdf>
File: tiles/mahjong-Front.pdf Graphic file (type pdf)
<use tiles/mahjong-Front.pdf>
File: tiles/mahjong-2p.pdf Graphic file (type pdf)
<use tiles/mahjong-2p.pdf>
File: tiles/mahjong-Front.pdf Graphic file (type pdf)
<use tiles/mahjong-Front.pdf>
File: tiles/mahjong-3p.pdf Graphic file (type pdf)
<use tiles/mahjong-3p.pdf>
File: tiles/mahjong-Front.pdf Graphic file (type pdf)
<use tiles/mahjong-Front.pdf>
File: tiles/mahjong-4p.pdf Graphic file (type pdf)
<use tiles/mahjong-4p.pdf>
File: tiles/mahjong-Front.pdf Graphic file (type pdf)
<use tiles/mahjong-Front.pdf>
File: tiles/mahjong-5p.pdf Graphic file (type pdf)
<use tiles/mahjong-5p.pdf>
File: tiles/mahjong-Front.pdf Graphic file (type pdf)
<use tiles/mahjong-Front.pdf>
File: tiles/mahjong-6p.pdf Graphic file (type pdf)
<use tiles/mahjong-6p.pdf>
File: tiles/mahjong-Front.pdf Graphic file (type pdf)
<use tiles/mahjong-Front.pdf>
File: tiles/mahjong-6s.pdf Graphic file (type pdf)
<use tiles/mahjong-6s.pdf>
File: tiles/mahjong-Space.pdf Graphic file (type pdf)
<use tiles/mahjong-Space.pdf>
File: tiles/mahjong-Front.pdf Graphic file (type pdf)
<use tiles/mahjong-Front.pdf>
File: tiles/mahjong-8s.pdf Graphic file (type pdf)
<use tiles/mahjong-8s.pdf>
File: tiles/mahjong-Front.pdf Graphic file (type pdf)
<use tiles/mahjong-Front.pdf>
File: tiles/mahjong-7m.pdf Graphic file (type pdf)
<use tiles/mahjong-7m.pdf>
File: tiles/mahjong-Front.pdf Graphic file (type pdf)
<use tiles/mahjong-Front.pdf>
File: tiles/mahjong-9m.pdf Graphic file (type pdf)
<use tiles/mahjong-9m.pdf>
File: tiles/mahjong-Front.pdf Graphic file (type pdf)
<use tiles/mahjong-Front.pdf>
File: tiles/mahjong-9m.pdf Graphic file (type pdf)
<use tiles/mahjong-9m.pdf>
File: tiles/mahjong-Front.pdf Graphic file (type pdf)
<use tiles/mahjong-Front.pdf>
File: tiles/mahjong-7m.pdf Graphic file (type pdf)
<use tiles/mahjong-7m.pdf>
File: tiles/mahjong-Front.pdf Graphic file (type pdf)
<use tiles/mahjong-Front.pdf>
File: tiles/mahjong-6m.pdf Graphic file (type pdf)
<use tiles/mahjong-6m.pdf>
File: tiles/mahjong-Front.pdf Graphic file (type pdf)
<use tiles/mahjong-Front.pdf>
File: tiles/mahjong-9m.pdf Graphic file (type pdf)
<use tiles/mahjong-9m.pdf>
File: tiles/mahjong-Front.pdf Graphic file (type pdf)
<use tiles/mahjong-Front.pdf>
File: tiles/mahjong-5s.pdf Graphic file (type pdf)
<use tiles/mahjong-5s.pdf>
File: tiles/mahjong-Front.pdf Graphic file (type pdf)
<use tiles/mahjong-Front.pdf>
File: tiles/mahjong-8s.pdf Graphic file (type pdf)
<use tiles/mahjong-8s.pdf>
File: tiles/mahjong-Front.pdf Graphic file (type pdf)
<use tiles/mahjong-Front.pdf>
File: tiles/mahjong-6m.pdf Graphic file (type pdf)
<use tiles/mahjong-6m.pdf>
File: tiles/mahjong-Front.pdf Graphic file (type pdf)
<use tiles/mahjong-Front.pdf>
File: tiles/mahjong-7m.pdf Graphic file (type pdf)
<use tiles/mahjong-7m.pdf>
File: tiles/mahjong-Front.pdf Graphic file (type pdf)
<use tiles/mahjong-Front.pdf>
File: tiles/mahjong-8m.pdf Graphic file (type pdf)
<use tiles/mahjong-8m.pdf>
File: tiles/mahjong-Front.pdf Graphic file (type pdf)
<use tiles/mahjong-Front.pdf>
File: tiles/mahjong-2p.pdf Graphic file (type pdf)
<use tiles/mahjong-2p.pdf>
File: tiles/mahjong-Front.pdf Graphic file (type pdf)
<use tiles/mahjong-Front.pdf>
File: tiles/mahjong-2p.pdf Graphic file (type pdf)
<use tiles/mahjong-2p.pdf>
File: tiles/mahjong-Front.pdf Graphic file (type pdf)
<use tiles/mahjong-Front.pdf>
File: tiles/mahjong-4p.pdf Graphic file (type pdf)
<use tiles/mahjong-4p.pdf>
File: tiles/mahjong-Front.pdf Graphic file (type pdf)
<use tiles/mahjong-Front.pdf>
File: tiles/mahjong-4p.pdf Graphic file (type pdf)
<use tiles/mahjong-4p.pdf>
File: tiles/mahjong-Front.pdf Graphic file (type pdf)
<use tiles/mahjong-Front.pdf>
File: tiles/mahjong-6p.pdf Graphic file (type pdf)
<use tiles/mahjong-6p.pdf>
File: tiles/mahjong-Front.pdf Graphic file (type pdf)
<use tiles/mahjong-Front.pdf>
File: tiles/mahjong-6p.pdf Graphic file (type pdf)
<use tiles/mahjong-6p.pdf>
File: tiles/mahjong-Front.pdf Graphic file (type pdf)
<use tiles/mahjong-Front.pdf>
File: tiles/mahjong-1s.pdf Graphic file (type pdf)
<use tiles/mahjong-1s.pdf>
File: tiles/mahjong-Front.pdf Graphic file (type pdf)
<use tiles/mahjong-Front.pdf>
File: tiles/mahjong-2s.pdf Graphic file (type pdf)
<use tiles/mahjong-2s.pdf>
File: tiles/mahjong-Front.pdf Graphic file (type pdf)
<use tiles/mahjong-Front.pdf>
File: tiles/mahjong-3s.pdf Graphic file (type pdf)
<use tiles/mahjong-3s.pdf>
File: tiles/mahjong-Space.pdf Graphic file (type pdf)
<use tiles/mahjong-Space.pdf>
File: tiles/mahjong-Front.pdf Graphic file (type pdf)
<use tiles/mahjong-Front.pdf>
File: tiles/mahjong-Blank.pdf Graphic file (type pdf)
<use tiles/mahjong-Blank.pdf>
File: tiles/mahjong-Front.pdf Graphic file (type pdf)
<use tiles/mahjong-Front.pdf>
File: tiles/mahjong-Blank.pdf Graphic file (type pdf)
<use tiles/mahjong-Blank.pdf>
File: tiles/mahjong-Front.pdf Graphic file (type pdf)
<use tiles/mahjong-Front.pdf>
File: tiles/mahjong-Blank.pdf Graphic file (type pdf)
<use tiles/mahjong-Blank.pdf>
File: tiles/mahjong-Front.pdf Graphic file (type pdf)
<use tiles/mahjong-Front.pdf>
File: tiles/mahjong-Blank.pdf Graphic file (type pdf)
<use tiles/mahjong-Blank.pdf>
File: tiles/mahjong-Front.pdf Graphic file (type pdf)
<use tiles/mahjong-Front.pdf>
File: tiles/mahjong-7s.pdf Graphic file (type pdf)
<use tiles/mahjong-7s.pdf>
File: tiles/mahjong-Front.pdf Graphic file (type pdf)
<use tiles/mahjong-Front.pdf>
File: tiles/mahjong-8s.pdf Graphic file (type pdf)
<use tiles/mahjong-8s.pdf>
File: tiles/mahjong-Front.pdf Graphic file (type pdf)
<use tiles/mahjong-Front.pdf>
File: tiles/mahjong-4p.pdf Graphic file (type pdf)
<use tiles/mahjong-4p.pdf>
File: tiles/mahjong-Front.pdf Graphic file (type pdf)
<use tiles/mahjong-Front.pdf>
File: tiles/mahjong-9s.pdf Graphic file (type pdf)
<use tiles/mahjong-9s.pdf>
File: tiles/mahjong-Front.pdf Graphic file (type pdf)
<use tiles/mahjong-Front.pdf>
File: tiles/mahjong-9s.pdf Graphic file (type pdf)
<use tiles/mahjong-9s.pdf>
File: tiles/mahjong-Front.pdf Graphic file (type pdf)
<use tiles/mahjong-Front.pdf>
File: tiles/mahjong-9s.pdf Graphic file (type pdf)
<use tiles/mahjong-9s.pdf>
File: tiles/mahjong-Front.pdf Graphic file (type pdf)
<use tiles/mahjong-Front.pdf>
File: tiles/mahjong-7s.pdf Graphic file (type pdf)
<use tiles/mahjong-7s.pdf>
File: tiles/mahjong-Front.pdf Graphic file (type pdf)
<use tiles/mahjong-Front.pdf>
File: tiles/mahjong-7s.pdf Graphic file (type pdf)
<use tiles/mahjong-7s.pdf>
File: tiles/mahjong-Front.pdf Graphic file (type pdf)
<use tiles/mahjong-Front.pdf>
File: tiles/mahjong-7s.pdf Graphic file (type pdf)
<use tiles/mahjong-7s.pdf>
File: tiles/mahjong-Front.pdf Graphic file (type pdf)
<use tiles/mahjong-Front.pdf>
File: tiles/mahjong-4p.pdf Graphic file (type pdf)
<use tiles/mahjong-4p.pdf>
File: tiles/mahjong-Front.pdf Graphic file (type pdf)
<use tiles/mahjong-Front.pdf>
File: tiles/mahjong-Blank.pdf Graphic file (type pdf)
<use tiles/mahjong-Blank.pdf>
File: tiles/mahjong-Front.pdf Graphic file (type pdf)
<use tiles/mahjong-Front.pdf>
File: tiles/mahjong-Blank.pdf Graphic file (type pdf)
<use tiles/mahjong-Blank.pdf>
File: tiles/mahjong-Front.pdf Graphic file (type pdf)
<use tiles/mahjong-Front.pdf>
File: tiles/mahjong-7s.pdf Graphic file (type pdf)
<use tiles/mahjong-7s.pdf>
File: tiles/mahjong-Front.pdf Graphic file (type pdf)
<use tiles/mahjong-Front.pdf>
File: tiles/mahjong-8s.pdf Graphic file (type pdf)
<use tiles/mahjong-8s.pdf>
File: tiles/mahjong-Front.pdf Graphic file (type pdf)
<use tiles/mahjong-Front.pdf>
File: tiles/mahjong-4p.pdf Graphic file (type pdf)
<use tiles/mahjong-4p.pdf>
File: tiles/mahjong-Front.pdf Graphic file (type pdf)
<use tiles/mahjong-Front.pdf>
File: tiles/mahjong-2p.pdf Graphic file (type pdf)
<use tiles/mahjong-2p.pdf>
File: tiles/mahjong-Front.pdf Graphic file (type pdf)
<use tiles/mahjong-Front.pdf>
File: tiles/mahjong-3p.pdf Graphic file (type pdf)
<use tiles/mahjong-3p.pdf>
File: tiles/mahjong-Front.pdf Graphic file (type pdf)
<use tiles/mahjong-Front.pdf>
File: tiles/mahjong-5p.pdf Graphic file (type pdf)
<use tiles/mahjong-5p.pdf>
File: tiles/mahjong-Front.pdf Graphic file (type pdf)
<use tiles/mahjong-Front.pdf>
File: tiles/mahjong-6p.pdf Graphic file (type pdf)
<use tiles/mahjong-6p.pdf>
File: tiles/mahjong-Front.pdf Graphic file (type pdf)
<use tiles/mahjong-Front.pdf>
File: tiles/mahjong-6s.pdf Graphic file (type pdf)
<use tiles/mahjong-6s.pdf>
File: tiles/mahjong-Front.pdf Graphic file (type pdf)
<use tiles/mahjong-Front.pdf>
File: tiles/mahjong-9s.pdf Graphic file (type pdf)
<use tiles/mahjong-9s.pdf>
File: tiles/mahjong-Front.pdf Graphic file (type pdf)
<use tiles/mahjong-Front.pdf>
File: tiles/mahjong-2p.pdf Graphic file (type pdf)
<use tiles/mahjong-2p.pdf>
File: tiles/mahjong-Front.pdf Graphic file (type pdf)
<use tiles/mahjong-Front.pdf>
File: tiles/mahjong-3p.pdf Graphic file (type pdf)
<use tiles/mahjong-3p.pdf>
File: tiles/mahjong-Front.pdf Graphic file (type pdf)
<use tiles/mahjong-Front.pdf>
File: tiles/mahjong-4p.pdf Graphic file (type pdf)
<use tiles/mahjong-4p.pdf>
File: tiles/mahjong-Front.pdf Graphic file (type pdf)
<use tiles/mahjong-Front.pdf>
File: tiles/mahjong-6p.pdf Graphic file (type pdf)
<use tiles/mahjong-6p.pdf>
File: tiles/mahjong-Front.pdf Graphic file (type pdf)
<use tiles/mahjong-Front.pdf>
File: tiles/mahjong-6s.pdf Graphic file (type pdf)
<use tiles/mahjong-6s.pdf>
File: tiles/mahjong-Front.pdf Graphic file (type pdf)
<use tiles/mahjong-Front.pdf>
File: tiles/mahjong-9s.pdf Graphic file (type pdf)
<use tiles/mahjong-9s.pdf>
File: tiles/mahjong-Front.pdf Graphic file (type pdf)
<use tiles/mahjong-Front.pdf>
File: tiles/mahjong-6p.pdf Graphic file (type pdf)
<use tiles/mahjong-6p.pdf>
File: tiles/mahjong-Front.pdf Graphic file (type pdf)
<use tiles/mahjong-Front.pdf>
File: tiles/mahjong-2p.pdf Graphic file (type pdf)
<use tiles/mahjong-2p.pdf>
File: tiles/mahjong-Front.pdf Graphic file (type pdf)
<use tiles/mahjong-Front.pdf>
File: tiles/mahjong-4p.pdf Graphic file (type pdf)
<use tiles/mahjong-4p.pdf>
File: tiles/mahjong-Front.pdf Graphic file (type pdf)
<use tiles/mahjong-Front.pdf>
File: tiles/mahjong-5p.pdf Graphic file (type pdf)
<use tiles/mahjong-5p.pdf>
File: tiles/mahjong-Front.pdf Graphic file (type pdf)
<use tiles/mahjong-Front.pdf>
File: tiles/mahjong-6s.pdf Graphic file (type pdf)
<use tiles/mahjong-6s.pdf>
File: tiles/mahjong-Front.pdf Graphic file (type pdf)
<use tiles/mahjong-Front.pdf>
File: tiles/mahjong-9s.pdf Graphic file (type pdf)
<use tiles/mahjong-9s.pdf>
File: tiles/mahjong-Front.pdf Graphic file (type pdf)
<use tiles/mahjong-Front.pdf>
File: tiles/mahjong-7s.pdf Graphic file (type pdf)
<use tiles/mahjong-7s.pdf>
File: tiles/mahjong-Front.pdf Graphic file (type pdf)
<use tiles/mahjong-Front.pdf>
File: tiles/mahjong-7s.pdf Graphic file (type pdf)
<use tiles/mahjong-7s.pdf>
File: tiles/mahjong-Front.pdf Graphic file (type pdf)
<use tiles/mahjong-Front.pdf>
File: tiles/mahjong-4p.pdf Graphic file (type pdf)
<use tiles/mahjong-4p.pdf>
File: tiles/mahjong-Front.pdf Graphic file (type pdf)
<use tiles/mahjong-Front.pdf>
File: tiles/mahjong-2p.pdf Graphic file (type pdf)
<use tiles/mahjong-2p.pdf>
File: tiles/mahjong-Front.pdf Graphic file (type pdf)
<use tiles/mahjong-Front.pdf>
File: tiles/mahjong-3p.pdf Graphic file (type pdf)
<use tiles/mahjong-3p.pdf>
File: tiles/mahjong-Front.pdf Graphic file (type pdf)
<use tiles/mahjong-Front.pdf>
File: tiles/mahjong-5p.pdf Graphic file (type pdf)
<use tiles/mahjong-5p.pdf>
File: tiles/mahjong-Front.pdf Graphic file (type pdf)
<use tiles/mahjong-Front.pdf>
File: tiles/mahjong-6p.pdf Graphic file (type pdf)
<use tiles/mahjong-6p.pdf>
File: tiles/mahjong-Front.pdf Graphic file (type pdf)
<use tiles/mahjong-Front.pdf>
File: tiles/mahjong-7s.pdf Graphic file (type pdf)
<use tiles/mahjong-7s.pdf>
File: tiles/mahjong-Front.pdf Graphic file (type pdf)
<use tiles/mahjong-Front.pdf>
File: tiles/mahjong-2p.pdf Graphic file (type pdf)
<use tiles/mahjong-2p.pdf>
File: tiles/mahjong-Front.pdf Graphic file (type pdf)
<use tiles/mahjong-Front.pdf>
File: tiles/mahjong-3p.pdf Graphic file (type pdf)
<use tiles/mahjong-3p.pdf>
File: tiles/mahjong-Front.pdf Graphic file (type pdf)
<use tiles/mahjong-Front.pdf>
File: tiles/mahjong-4p.pdf Graphic file (type pdf)
<use tiles/mahjong-4p.pdf>
File: tiles/mahjong-Front.pdf Graphic file (type pdf)
<use tiles/mahjong-Front.pdf>
File: tiles/mahjong-5p.pdf Graphic file (type pdf)
<use tiles/mahjong-5p.pdf>
File: tiles/mahjong-Front.pdf Graphic file (type pdf)
<use tiles/mahjong-Front.pdf>
File: tiles/mahjong-6p.pdf Graphic file (type pdf)
<use tiles/mahjong-6p.pdf>
File: tiles/mahjong-Front.pdf Graphic file (type pdf)
<use tiles/mahjong-Front.pdf>
File: tiles/mahjong-7s.pdf Graphic file (type pdf)
<use tiles/mahjong-7s.pdf>
File: tiles/mahjong-Front.pdf Graphic file (type pdf)
<use tiles/mahjong-Front.pdf>
File: tiles/mahjong-6p.pdf Graphic file (type pdf)
<use tiles/mahjong-6p.pdf>
File: tiles/mahjong-Front.pdf Graphic file (type pdf)
<use tiles/mahjong-Front.pdf>
File: tiles/mahjong-2p.pdf Graphic file (type pdf)
<use tiles/mahjong-2p.pdf>
File: tiles/mahjong-Front.pdf Graphic file (type pdf)
<use tiles/mahjong-Front.pdf>
File: tiles/mahjong-3p.pdf Graphic file (type pdf)
<use tiles/mahjong-3p.pdf>
File: tiles/mahjong-Front.pdf Graphic file (type pdf)
<use tiles/mahjong-Front.pdf>
File: tiles/mahjong-4p.pdf Graphic file (type pdf)
<use tiles/mahjong-4p.pdf>
File: tiles/mahjong-Front.pdf Graphic file (type pdf)
<use tiles/mahjong-Front.pdf>
File: tiles/mahjong-5p.pdf Graphic file (type pdf)
<use tiles/mahjong-5p.pdf>
File: tiles/mahjong-Front.pdf Graphic file (type pdf)
<use tiles/mahjong-Front.pdf>
File: tiles/mahjong-7s.pdf Graphic file (type pdf)
<use tiles/mahjong-7s.pdf>
File: tiles/mahjong-Front.pdf Graphic file (type pdf)
<use tiles/mahjong-Front.pdf>
File: tiles/mahjong-7s.pdf Graphic file (type pdf)
<use tiles/mahjong-7s.pdf>
File: tiles/mahjong-Front.pdf Graphic file (type pdf)
<use tiles/mahjong-Front.pdf>
File: tiles/mahjong-2p.pdf Graphic file (type pdf)
<use tiles/mahjong-2p.pdf>
File: tiles/mahjong-Front.pdf Graphic file (type pdf)
<use tiles/mahjong-Front.pdf>
File: tiles/mahjong-3p.pdf Graphic file (type pdf)
<use tiles/mahjong-3p.pdf>
File: tiles/mahjong-Front.pdf Graphic file (type pdf)
<use tiles/mahjong-Front.pdf>
File: tiles/mahjong-4p.pdf Graphic file (type pdf)
<use tiles/mahjong-4p.pdf>
File: tiles/mahjong-Front.pdf Graphic file (type pdf)
<use tiles/mahjong-Front.pdf>
File: tiles/mahjong-5p.pdf Graphic file (type pdf)
<use tiles/mahjong-5p.pdf>
File: tiles/mahjong-Front.pdf Graphic file (type pdf)
<use tiles/mahjong-Front.pdf>
File: tiles/mahjong-6p.pdf Graphic file (type pdf)
<use tiles/mahjong-6p.pdf>
File: tiles/mahjong-Front.pdf Graphic file (type pdf)
<use tiles/mahjong-Front.pdf>
File: tiles/mahjong-4p.pdf Graphic file (type pdf)
<use tiles/mahjong-4p.pdf>
File: tiles/mahjong-Front.pdf Graphic file (type pdf)
<use tiles/mahjong-Front.pdf>
File: tiles/mahjong-2p.pdf Graphic file (type pdf)
<use tiles/mahjong-2p.pdf>
File: tiles/mahjong-Front.pdf Graphic file (type pdf)
<use tiles/mahjong-Front.pdf>
File: tiles/mahjong-6p.pdf Graphic file (type pdf)
<use tiles/mahjong-6p.pdf>
File: tiles/mahjong-Front.pdf Graphic file (type pdf)
<use tiles/mahjong-Front.pdf>
File: tiles/mahjong-3p.pdf Graphic file (type pdf)
<use tiles/mahjong-3p.pdf>
File: tiles/mahjong-Front.pdf Graphic file (type pdf)
<use tiles/mahjong-Front.pdf>
File: tiles/mahjong-5p.pdf Graphic file (type pdf)
<use tiles/mahjong-5p.pdf>
File: tiles/mahjong-Front.pdf Graphic file (type pdf)
<use tiles/mahjong-Front.pdf>
File: tiles/mahjong-4p.pdf Graphic file (type pdf)
<use tiles/mahjong-4p.pdf>
File: tiles/mahjong-Front.pdf Graphic file (type pdf)
<use tiles/mahjong-Front.pdf>
File: tiles/mahjong-4p.pdf Graphic file (type pdf)
<use tiles/mahjong-4p.pdf>
File: tiles/mahjong-Front.pdf Graphic file (type pdf)
<use tiles/mahjong-Front.pdf>
File: tiles/mahjong-3p.pdf Graphic file (type pdf)
<use tiles/mahjong-3p.pdf>
File: tiles/mahjong-Front.pdf Graphic file (type pdf)
<use tiles/mahjong-Front.pdf>
File: tiles/mahjong-5p.pdf Graphic file (type pdf)
<use tiles/mahjong-5p.pdf>
File: tiles/mahjong-Front.pdf Graphic file (type pdf)
<use tiles/mahjong-Front.pdf>
File: tiles/mahjong-Blank.pdf Graphic file (type pdf)
<use tiles/mahjong-Blank.pdf>
File: tiles/mahjong-Front.pdf Graphic file (type pdf)
<use tiles/mahjong-Front.pdf>
File: tiles/mahjong-Blank.pdf Graphic file (type pdf)
<use tiles/mahjong-Blank.pdf>

Package natbib Warning: Citation `gendai-toitsu' on page 6 undefined on input l
ine 533.


Package natbib Warning: Citation `uzaku-haikouritsu' on page 6 undefined on inp
ut line 533.


Package natbib Warning: Citation `gendai-toitsu' on page 6 undefined on input l
ine 535.

File: tiles/mahjong-Front.pdf Graphic file (type pdf)
<use tiles/mahjong-Front.pdf>
File: tiles/mahjong-1m.pdf Graphic file (type pdf)
<use tiles/mahjong-1m.pdf>
File: tiles/mahjong-Front.pdf Graphic file (type pdf)
<use tiles/mahjong-Front.pdf>
File: tiles/mahjong-1m.pdf Graphic file (type pdf)
<use tiles/mahjong-1m.pdf>
File: tiles/mahjong-Front.pdf Graphic file (type pdf)
<use tiles/mahjong-Front.pdf>
File: tiles/mahjong-5m.pdf Graphic file (type pdf)
<use tiles/mahjong-5m.pdf>
File: tiles/mahjong-Front.pdf Graphic file (type pdf)
<use tiles/mahjong-Front.pdf>
File: tiles/mahjong-5m.pdf Graphic file (type pdf)
<use tiles/mahjong-5m.pdf>
File: tiles/mahjong-Front.pdf Graphic file (type pdf)
<use tiles/mahjong-Front.pdf>
File: tiles/mahjong-1p.pdf Graphic file (type pdf)
<use tiles/mahjong-1p.pdf>
File: tiles/mahjong-Front.pdf Graphic file (type pdf)
<use tiles/mahjong-Front.pdf>
File: tiles/mahjong-1p.pdf Graphic file (type pdf)
<use tiles/mahjong-1p.pdf>
File: tiles/mahjong-Front.pdf Graphic file (type pdf)
<use tiles/mahjong-Front.pdf>
File: tiles/mahjong-1p.pdf Graphic file (type pdf)
<use tiles/mahjong-1p.pdf>
File: tiles/mahjong-Front.pdf Graphic file (type pdf)
<use tiles/mahjong-Front.pdf>
File: tiles/mahjong-1p.pdf Graphic file (type pdf)
<use tiles/mahjong-1p.pdf>

Package natbib Warning: Citation `uzaku-haikouritsu' on page 6 undefined on inp
ut line 535.

File: tiles/mahjong-Front.pdf Graphic file (type pdf)
<use tiles/mahjong-Front.pdf>
File: tiles/mahjong-2p.pdf Graphic file (type pdf)
<use tiles/mahjong-2p.pdf>
File: tiles/mahjong-Front.pdf Graphic file (type pdf)
<use tiles/mahjong-Front.pdf>
File: tiles/mahjong-2p.pdf Graphic file (type pdf)
<use tiles/mahjong-2p.pdf>
File: tiles/mahjong-Front.pdf Graphic file (type pdf)
<use tiles/mahjong-Front.pdf>
File: tiles/mahjong-1p.pdf Graphic file (type pdf)
<use tiles/mahjong-1p.pdf>
File: tiles/mahjong-Front.pdf Graphic file (type pdf)
<use tiles/mahjong-Front.pdf>
File: tiles/mahjong-3p.pdf Graphic file (type pdf)
<use tiles/mahjong-3p.pdf>
File: tiles/mahjong-Front.pdf Graphic file (type pdf)
<use tiles/mahjong-Front.pdf>
File: tiles/mahjong-1s.pdf Graphic file (type pdf)
<use tiles/mahjong-1s.pdf>
File: tiles/mahjong-Front.pdf Graphic file (type pdf)
<use tiles/mahjong-Front.pdf>
File: tiles/mahjong-1s.pdf Graphic file (type pdf)
<use tiles/mahjong-1s.pdf>
File: tiles/mahjong-Front.pdf Graphic file (type pdf)
<use tiles/mahjong-Front.pdf>
File: tiles/mahjong-7m.pdf Graphic file (type pdf)
<use tiles/mahjong-7m.pdf>
File: tiles/mahjong-Front.pdf Graphic file (type pdf)
<use tiles/mahjong-Front.pdf>
File: tiles/mahjong-7m.pdf Graphic file (type pdf)
<use tiles/mahjong-7m.pdf>
File: tiles/mahjong-Front.pdf Graphic file (type pdf)
<use tiles/mahjong-Front.pdf>
File: tiles/mahjong-2p.pdf Graphic file (type pdf)
<use tiles/mahjong-2p.pdf>
File: tiles/mahjong-Front.pdf Graphic file (type pdf)
<use tiles/mahjong-Front.pdf>
File: tiles/mahjong-2p.pdf Graphic file (type pdf)
<use tiles/mahjong-2p.pdf>
File: tiles/mahjong-Front.pdf Graphic file (type pdf)
<use tiles/mahjong-Front.pdf>
File: tiles/mahjong-4p.pdf Graphic file (type pdf)
<use tiles/mahjong-4p.pdf>
File: tiles/mahjong-Front.pdf Graphic file (type pdf)
<use tiles/mahjong-Front.pdf>
File: tiles/mahjong-5p.pdf Graphic file (type pdf)
<use tiles/mahjong-5p.pdf>
File: tiles/mahjong-Front.pdf Graphic file (type pdf)
<use tiles/mahjong-Front.pdf>
File: tiles/mahjong-6p.pdf Graphic file (type pdf)
<use tiles/mahjong-6p.pdf>
File: tiles/mahjong-Front.pdf Graphic file (type pdf)
<use tiles/mahjong-Front.pdf>
File: tiles/mahjong-7p.pdf Graphic file (type pdf)
<use tiles/mahjong-7p.pdf>
File: tiles/mahjong-Front.pdf Graphic file (type pdf)
<use tiles/mahjong-Front.pdf>
File: tiles/mahjong-8p.pdf Graphic file (type pdf)
<use tiles/mahjong-8p.pdf>
File: tiles/mahjong-Front.pdf Graphic file (type pdf)
<use tiles/mahjong-Front.pdf>
File: tiles/mahjong-9p.pdf Graphic file (type pdf)
<use tiles/mahjong-9p.pdf>
File: tiles/mahjong-Front.pdf Graphic file (type pdf)
<use tiles/mahjong-Front.pdf>
File: tiles/mahjong-1s.pdf Graphic file (type pdf)
<use tiles/mahjong-1s.pdf>
File: tiles/mahjong-Front.pdf Graphic file (type pdf)
<use tiles/mahjong-Front.pdf>
File: tiles/mahjong-1s.pdf Graphic file (type pdf)
<use tiles/mahjong-1s.pdf>
File: tiles/mahjong-Front.pdf Graphic file (type pdf)
<use tiles/mahjong-Front.pdf>
File: tiles/mahjong-3s.pdf Graphic file (type pdf)
<use tiles/mahjong-3s.pdf>
File: tiles/mahjong-Front.pdf Graphic file (type pdf)
<use tiles/mahjong-Front.pdf>
File: tiles/mahjong-4s.pdf Graphic file (type pdf)
<use tiles/mahjong-4s.pdf>
File: tiles/mahjong-Front.pdf Graphic file (type pdf)
<use tiles/mahjong-Front.pdf>
File: tiles/mahjong-1m.pdf Graphic file (type pdf)
<use tiles/mahjong-1m.pdf>
File: tiles/mahjong-Front.pdf Graphic file (type pdf)
<use tiles/mahjong-Front.pdf>
File: tiles/mahjong-4s.pdf Graphic file (type pdf)
<use tiles/mahjong-4s.pdf>
File: tiles/mahjong-Front.pdf Graphic file (type pdf)
<use tiles/mahjong-Front.pdf>
File: tiles/mahjong-8s.pdf Graphic file (type pdf)
<use tiles/mahjong-8s.pdf>
File: tiles/mahjong-Front.pdf Graphic file (type pdf)
<use tiles/mahjong-Front.pdf>
File: tiles/mahjong-1m.pdf Graphic file (type pdf)
<use tiles/mahjong-1m.pdf>
File: tiles/mahjong-Front.pdf Graphic file (type pdf)
<use tiles/mahjong-Front.pdf>
File: tiles/mahjong-4s.pdf Graphic file (type pdf)
<use tiles/mahjong-4s.pdf>
File: tiles/mahjong-Front.pdf Graphic file (type pdf)
<use tiles/mahjong-Front.pdf>
File: tiles/mahjong-8s.pdf Graphic file (type pdf)
<use tiles/mahjong-8s.pdf>
File: tiles/mahjong-Front.pdf Graphic file (type pdf)
<use tiles/mahjong-Front.pdf>
File: tiles/mahjong-8s.pdf Graphic file (type pdf)
<use tiles/mahjong-8s.pdf>
[6]
File: tiles/mahjong-Front.pdf Graphic file (type pdf)
<use tiles/mahjong-Front.pdf>
File: tiles/mahjong-1m.pdf Graphic file (type pdf)
<use tiles/mahjong-1m.pdf>
File: tiles/mahjong-Front.pdf Graphic file (type pdf)
<use tiles/mahjong-Front.pdf>
File: tiles/mahjong-1m.pdf Graphic file (type pdf)
<use tiles/mahjong-1m.pdf>
File: tiles/mahjong-Front.pdf Graphic file (type pdf)
<use tiles/mahjong-Front.pdf>
File: tiles/mahjong-5m.pdf Graphic file (type pdf)
<use tiles/mahjong-5m.pdf>
File: tiles/mahjong-Front.pdf Graphic file (type pdf)
<use tiles/mahjong-Front.pdf>
File: tiles/mahjong-6m.pdf Graphic file (type pdf)
<use tiles/mahjong-6m.pdf>
File: tiles/mahjong-Front.pdf Graphic file (type pdf)
<use tiles/mahjong-Front.pdf>
File: tiles/mahjong-7m.pdf Graphic file (type pdf)
<use tiles/mahjong-7m.pdf>
File: tiles/mahjong-Front.pdf Graphic file (type pdf)
<use tiles/mahjong-Front.pdf>
File: tiles/mahjong-5p.pdf Graphic file (type pdf)
<use tiles/mahjong-5p.pdf>
File: tiles/mahjong-Front.pdf Graphic file (type pdf)
<use tiles/mahjong-Front.pdf>
File: tiles/mahjong-6p.pdf Graphic file (type pdf)
<use tiles/mahjong-6p.pdf>
File: tiles/mahjong-Front.pdf Graphic file (type pdf)
<use tiles/mahjong-Front.pdf>
File: tiles/mahjong-4s.pdf Graphic file (type pdf)
<use tiles/mahjong-4s.pdf>
File: tiles/mahjong-Front.pdf Graphic file (type pdf)
<use tiles/mahjong-Front.pdf>
File: tiles/mahjong-4s.pdf Graphic file (type pdf)
<use tiles/mahjong-4s.pdf>
File: tiles/mahjong-Front.pdf Graphic file (type pdf)
<use tiles/mahjong-Front.pdf>
File: tiles/mahjong-5s.pdf Graphic file (type pdf)
<use tiles/mahjong-5s.pdf>
File: tiles/mahjong-Front.pdf Graphic file (type pdf)
<use tiles/mahjong-Front.pdf>
File: tiles/mahjong-6s.pdf Graphic file (type pdf)
<use tiles/mahjong-6s.pdf>
File: tiles/mahjong-Front.pdf Graphic file (type pdf)
<use tiles/mahjong-Front.pdf>
File: tiles/mahjong-7s.pdf Graphic file (type pdf)
<use tiles/mahjong-7s.pdf>
File: tiles/mahjong-Front.pdf Graphic file (type pdf)
<use tiles/mahjong-Front.pdf>
File: tiles/mahjong-8s.pdf Graphic file (type pdf)
<use tiles/mahjong-8s.pdf>
File: tiles/mahjong-Space.pdf Graphic file (type pdf)
<use tiles/mahjong-Space.pdf>
File: tiles/mahjong-Front.pdf Graphic file (type pdf)
<use tiles/mahjong-Front.pdf>
File: tiles/mahjong-8s.pdf Graphic file (type pdf)
<use tiles/mahjong-8s.pdf>
File: tiles/mahjong-Back.pdf Graphic file (type pdf)
<use tiles/mahjong-Back.pdf>
File: tiles/mahjong-Back.pdf Graphic file (type pdf)
<use tiles/mahjong-Back.pdf>
File: tiles/mahjong-Back.pdf Graphic file (type pdf)
<use tiles/mahjong-Back.pdf>
File: tiles/mahjong-Back.pdf Graphic file (type pdf)
<use tiles/mahjong-Back.pdf>
File: tiles/mahjong-Back.pdf Graphic file (type pdf)
<use tiles/mahjong-Back.pdf>
File: tiles/mahjong-Back.pdf Graphic file (type pdf)
<use tiles/mahjong-Back.pdf>
File: tiles/mahjong-Back.pdf Graphic file (type pdf)
<use tiles/mahjong-Back.pdf>
File: tiles/mahjong-Back.pdf Graphic file (type pdf)
<use tiles/mahjong-Back.pdf>
File: tiles/mahjong-Back.pdf Graphic file (type pdf)
<use tiles/mahjong-Back.pdf>
File: tiles/mahjong-Back.pdf Graphic file (type pdf)
<use tiles/mahjong-Back.pdf>
File: tiles/mahjong-Back.pdf Graphic file (type pdf)
<use tiles/mahjong-Back.pdf>
File: tiles/mahjong-Back.pdf Graphic file (type pdf)
<use tiles/mahjong-Back.pdf>
File: tiles/mahjong-Back.pdf Graphic file (type pdf)
<use tiles/mahjong-Back.pdf>
File: tiles/mahjong-Back.pdf Graphic file (type pdf)
<use tiles/mahjong-Back.pdf>
File: tiles/mahjong-Back.pdf Graphic file (type pdf)
<use tiles/mahjong-Back.pdf>
File: tiles/mahjong-Back.pdf Graphic file (type pdf)
<use tiles/mahjong-Back.pdf>
File: tiles/mahjong-Back.pdf Graphic file (type pdf)
<use tiles/mahjong-Back.pdf>
File: tiles/mahjong-Back.pdf Graphic file (type pdf)
<use tiles/mahjong-Back.pdf>
File: tiles/mahjong-Back.pdf Graphic file (type pdf)
<use tiles/mahjong-Back.pdf>
File: tiles/mahjong-Back.pdf Graphic file (type pdf)
<use tiles/mahjong-Back.pdf>
File: tiles/mahjong-Back.pdf Graphic file (type pdf)
<use tiles/mahjong-Back.pdf>
File: tiles/mahjong-Back.pdf Graphic file (type pdf)
<use tiles/mahjong-Back.pdf>
File: tiles/mahjong-Back.pdf Graphic file (type pdf)
<use tiles/mahjong-Back.pdf>
File: tiles/mahjong-Back.pdf Graphic file (type pdf)
<use tiles/mahjong-Back.pdf>
File: tiles/mahjong-Back.pdf Graphic file (type pdf)
<use tiles/mahjong-Back.pdf>
File: tiles/mahjong-Back.pdf Graphic file (type pdf)
<use tiles/mahjong-Back.pdf>
File: tiles/mahjong-Back.pdf Graphic file (type pdf)
<use tiles/mahjong-Back.pdf>
File: tiles/mahjong-Back.pdf Graphic file (type pdf)
<use tiles/mahjong-Back.pdf>
File: tiles/mahjong-Back.pdf Graphic file (type pdf)
<use tiles/mahjong-Back.pdf>
File: tiles/mahjong-Back.pdf Graphic file (type pdf)
<use tiles/mahjong-Back.pdf>
File: tiles/mahjong-Back.pdf Graphic file (type pdf)
<use tiles/mahjong-Back.pdf>
File: tiles/mahjong-Back.pdf Graphic file (type pdf)
<use tiles/mahjong-Back.pdf>
File: tiles/mahjong-Back.pdf Graphic file (type pdf)
<use tiles/mahjong-Back.pdf>
File: tiles/mahjong-Back.pdf Graphic file (type pdf)
<use tiles/mahjong-Back.pdf>
File: tiles/mahjong-Back.pdf Graphic file (type pdf)
<use tiles/mahjong-Back.pdf>
File: tiles/mahjong-Back.pdf Graphic file (type pdf)
<use tiles/mahjong-Back.pdf>
File: tiles/mahjong-Back.pdf Graphic file (type pdf)
<use tiles/mahjong-Back.pdf>
File: tiles/mahjong-Back.pdf Graphic file (type pdf)
<use tiles/mahjong-Back.pdf>
File: tiles/mahjong-Back.pdf Graphic file (type pdf)
<use tiles/mahjong-Back.pdf>
File: tiles/mahjong-Front.pdf Graphic file (type pdf)
<use tiles/mahjong-Front.pdf>
File: tiles/mahjong-5z.pdf Graphic file (type pdf)
<use tiles/mahjong-5z.pdf>
File: ../mahjong-tsumogiri/tiles//mahjong-Honba.pdf Graphic file (type pdf)
<use ../mahjong-tsumogiri/tiles//mahjong-Honba.pdf>
File: tiles/mahjong-Space.pdf Graphic file (type pdf)
<use tiles/mahjong-Space.pdf>
File: ../mahjong-tsumogiri/tiles//mahjong-Kyoutaku.pdf Graphic file (type pdf)
<use ../mahjong-tsumogiri/tiles//mahjong-Kyoutaku.pdf>
File: tiles/mahjong-Front.pdf Graphic file (type pdf)
<use tiles/mahjong-Front.pdf>
File: tiles/mahjong-6z.pdf Graphic file (type pdf)
<use tiles/mahjong-6z.pdf>
File: ../mahjong-tsumogiri/tiles//mahjong-Gray.pdf Graphic file (type pdf)
<use ../mahjong-tsumogiri/tiles//mahjong-Gray.pdf>
File: tiles/mahjong-6z.pdf Graphic file (type pdf)
<use tiles/mahjong-6z.pdf>
File: tiles/mahjong-Front.pdf Graphic file (type pdf)
<use tiles/mahjong-Front.pdf>
File: tiles/mahjong-2z.pdf Graphic file (type pdf)
<use tiles/mahjong-2z.pdf>
File: tiles/mahjong-Front.pdf Graphic file (type pdf)
<use tiles/mahjong-Front.pdf>
File: tiles/mahjong-1s.pdf Graphic file (type pdf)
<use tiles/mahjong-1s.pdf>
File: tiles/mahjong-Front.pdf Graphic file (type pdf)
<use tiles/mahjong-Front.pdf>
File: tiles/mahjong-2p.pdf Graphic file (type pdf)
<use tiles/mahjong-2p.pdf>
File: tiles/mahjong-Front.pdf Graphic file (type pdf)
<use tiles/mahjong-Front.pdf>
File: tiles/mahjong-9s.pdf Graphic file (type pdf)
<use tiles/mahjong-9s.pdf>
File: tiles/mahjong-Front.pdf Graphic file (type pdf)
<use tiles/mahjong-Front.pdf>
File: tiles/mahjong-4z.pdf Graphic file (type pdf)
<use tiles/mahjong-4z.pdf>
File: tiles/mahjong-Front.pdf Graphic file (type pdf)
<use tiles/mahjong-Front.pdf>
File: tiles/mahjong-1p.pdf Graphic file (type pdf)
<use tiles/mahjong-1p.pdf>
File: tiles/mahjong-Front.pdf Graphic file (type pdf)
<use tiles/mahjong-Front.pdf>
File: tiles/mahjong-2z.pdf Graphic file (type pdf)
<use tiles/mahjong-2z.pdf>
File: tiles/mahjong-Front.pdf Graphic file (type pdf)
<use tiles/mahjong-Front.pdf>
File: tiles/mahjong-9m.pdf Graphic file (type pdf)
<use tiles/mahjong-9m.pdf>
File: tiles/mahjong-Front.pdf Graphic file (type pdf)
<use tiles/mahjong-Front.pdf>
File: tiles/mahjong-4z.pdf Graphic file (type pdf)
<use tiles/mahjong-4z.pdf>
File: tiles/mahjong-Front.pdf Graphic file (type pdf)
<use tiles/mahjong-Front.pdf>
File: tiles/mahjong-9m.pdf Graphic file (type pdf)
<use tiles/mahjong-9m.pdf>
File: ../mahjong-tsumogiri/tiles//mahjong-Gray.pdf Graphic file (type pdf)
<use ../mahjong-tsumogiri/tiles//mahjong-Gray.pdf>
File: tiles/mahjong-4z.pdf Graphic file (type pdf)
<use tiles/mahjong-4z.pdf>

Overfull \hbox (2.38087pt too wide) in paragraph at lines 561--562
 [][] 
 []

Package hyperref Info: bookmark level for unknown rittai defaults to 0 on input
 line 563.
File: tiles/mahjong-Front.pdf Graphic file (type pdf)
<use tiles/mahjong-Front.pdf>
File: tiles/mahjong-1m.pdf Graphic file (type pdf)
<use tiles/mahjong-1m.pdf>
File: tiles/mahjong-Front.pdf Graphic file (type pdf)
<use tiles/mahjong-Front.pdf>
File: tiles/mahjong-4p.pdf Graphic file (type pdf)
<use tiles/mahjong-4p.pdf>
File: tiles/mahjong-Front.pdf Graphic file (type pdf)
<use tiles/mahjong-Front.pdf>
File: tiles/mahjong-7p.pdf Graphic file (type pdf)
<use tiles/mahjong-7p.pdf>
File: tiles/mahjong-Front.pdf Graphic file (type pdf)
<use tiles/mahjong-Front.pdf>
File: tiles/mahjong-4s.pdf Graphic file (type pdf)
<use tiles/mahjong-4s.pdf>
File: tiles/mahjong-Front.pdf Graphic file (type pdf)
<use tiles/mahjong-Front.pdf>
File: tiles/mahjong-8s.pdf Graphic file (type pdf)
<use tiles/mahjong-8s.pdf>
File: tiles/mahjong-Front.pdf Graphic file (type pdf)
<use tiles/mahjong-Front.pdf>
File: tiles/mahjong-4s.pdf Graphic file (type pdf)
<use tiles/mahjong-4s.pdf>
File: tiles/mahjong-Front.pdf Graphic file (type pdf)
<use tiles/mahjong-Front.pdf>
File: tiles/mahjong-1m.pdf Graphic file (type pdf)
<use tiles/mahjong-1m.pdf>
File: tiles/mahjong-Front.pdf Graphic file (type pdf)
<use tiles/mahjong-Front.pdf>
File: tiles/mahjong-4p.pdf Graphic file (type pdf)
<use tiles/mahjong-4p.pdf>
File: tiles/mahjong-Front.pdf Graphic file (type pdf)
<use tiles/mahjong-Front.pdf>
File: tiles/mahjong-7p.pdf Graphic file (type pdf)
<use tiles/mahjong-7p.pdf>
File: tiles/mahjong-Front.pdf Graphic file (type pdf)
<use tiles/mahjong-Front.pdf>
File: tiles/mahjong-3s.pdf Graphic file (type pdf)
<use tiles/mahjong-3s.pdf>
File: tiles/mahjong-Front.pdf Graphic file (type pdf)
<use tiles/mahjong-Front.pdf>
File: tiles/mahjong-6s.pdf Graphic file (type pdf)
<use tiles/mahjong-6s.pdf>
File: tiles/mahjong-Front.pdf Graphic file (type pdf)
<use tiles/mahjong-Front.pdf>
File: tiles/mahjong-8s.pdf Graphic file (type pdf)
<use tiles/mahjong-8s.pdf>
File: tiles/mahjong-Front.pdf Graphic file (type pdf)
<use tiles/mahjong-Front.pdf>
File: tiles/mahjong-9s.pdf Graphic file (type pdf)
<use tiles/mahjong-9s.pdf>
File: tiles/mahjong-Front.pdf Graphic file (type pdf)
<use tiles/mahjong-Front.pdf>
File: tiles/mahjong-8s.pdf Graphic file (type pdf)
<use tiles/mahjong-8s.pdf>
File: tiles/mahjong-Front.pdf Graphic file (type pdf)
<use tiles/mahjong-Front.pdf>
File: tiles/mahjong-1m.pdf Graphic file (type pdf)
<use tiles/mahjong-1m.pdf>
File: tiles/mahjong-Front.pdf Graphic file (type pdf)
<use tiles/mahjong-Front.pdf>
File: tiles/mahjong-4p.pdf Graphic file (type pdf)
<use tiles/mahjong-4p.pdf>
File: tiles/mahjong-Front.pdf Graphic file (type pdf)
<use tiles/mahjong-Front.pdf>
File: tiles/mahjong-7p.pdf Graphic file (type pdf)
<use tiles/mahjong-7p.pdf>
File: tiles/mahjong-Front.pdf Graphic file (type pdf)
<use tiles/mahjong-Front.pdf>
File: tiles/mahjong-3s.pdf Graphic file (type pdf)
<use tiles/mahjong-3s.pdf>
File: tiles/mahjong-Front.pdf Graphic file (type pdf)
<use tiles/mahjong-Front.pdf>
File: tiles/mahjong-4s.pdf Graphic file (type pdf)
<use tiles/mahjong-4s.pdf>
File: tiles/mahjong-Front.pdf Graphic file (type pdf)
<use tiles/mahjong-Front.pdf>
File: tiles/mahjong-6s.pdf Graphic file (type pdf)
<use tiles/mahjong-6s.pdf>
File: tiles/mahjong-Front.pdf Graphic file (type pdf)
<use tiles/mahjong-Front.pdf>
File: tiles/mahjong-9s.pdf Graphic file (type pdf)
<use tiles/mahjong-9s.pdf>
File: tiles/mahjong-Front.pdf Graphic file (type pdf)
<use tiles/mahjong-Front.pdf>
File: tiles/mahjong-2m.pdf Graphic file (type pdf)
<use tiles/mahjong-2m.pdf>
File: tiles/mahjong-Front.pdf Graphic file (type pdf)
<use tiles/mahjong-Front.pdf>
File: tiles/mahjong-2m.pdf Graphic file (type pdf)
<use tiles/mahjong-2m.pdf>
File: tiles/mahjong-Front.pdf Graphic file (type pdf)
<use tiles/mahjong-Front.pdf>
File: tiles/mahjong-4m.pdf Graphic file (type pdf)
<use tiles/mahjong-4m.pdf>
File: tiles/mahjong-Front.pdf Graphic file (type pdf)
<use tiles/mahjong-Front.pdf>
File: tiles/mahjong-4m.pdf Graphic file (type pdf)
<use tiles/mahjong-4m.pdf>
File: tiles/mahjong-Front.pdf Graphic file (type pdf)
<use tiles/mahjong-Front.pdf>
File: tiles/mahjong-2m.pdf Graphic file (type pdf)
<use tiles/mahjong-2m.pdf>
File: tiles/mahjong-Front.pdf Graphic file (type pdf)
<use tiles/mahjong-Front.pdf>
File: tiles/mahjong-4m.pdf Graphic file (type pdf)
<use tiles/mahjong-4m.pdf>
File: tiles/mahjong-Front.pdf Graphic file (type pdf)
<use tiles/mahjong-Front.pdf>
File: tiles/mahjong-4m.pdf Graphic file (type pdf)
<use tiles/mahjong-4m.pdf>

Package natbib Warning: Citation `gendai-toitsu' on page 7 undefined on input l
ine 586.


Package natbib Warning: Citation `uzaku-haikouritsu' on page 7 undefined on inp
ut line 586.

File: tiles/mahjong-Front.pdf Graphic file (type pdf)
<use tiles/mahjong-Front.pdf>
File: tiles/mahjong-7m.pdf Graphic file (type pdf)
<use tiles/mahjong-7m.pdf>
File: tiles/mahjong-Front.pdf Graphic file (type pdf)
<use tiles/mahjong-Front.pdf>
File: tiles/mahjong-2z.pdf Graphic file (type pdf)
<use tiles/mahjong-2z.pdf>
File: tiles/mahjong-Front.pdf Graphic file (type pdf)
<use tiles/mahjong-Front.pdf>
File: tiles/mahjong-7m.pdf Graphic file (type pdf)
<use tiles/mahjong-7m.pdf>
File: tiles/mahjong-Front.pdf Graphic file (type pdf)
<use tiles/mahjong-Front.pdf>
File: tiles/mahjong-7m.pdf Graphic file (type pdf)
<use tiles/mahjong-7m.pdf>
File: tiles/mahjong-Front.pdf Graphic file (type pdf)
<use tiles/mahjong-Front.pdf>
File: tiles/mahjong-3p.pdf Graphic file (type pdf)
<use tiles/mahjong-3p.pdf>
File: tiles/mahjong-Front.pdf Graphic file (type pdf)
<use tiles/mahjong-Front.pdf>
File: tiles/mahjong-4p.pdf Graphic file (type pdf)
<use tiles/mahjong-4p.pdf>
File: tiles/mahjong-Front.pdf Graphic file (type pdf)
<use tiles/mahjong-Front.pdf>
File: tiles/mahjong-5p.pdf Graphic file (type pdf)
<use tiles/mahjong-5p.pdf>
File: tiles/mahjong-Front.pdf Graphic file (type pdf)
<use tiles/mahjong-Front.pdf>
File: tiles/mahjong-6p.pdf Graphic file (type pdf)
<use tiles/mahjong-6p.pdf>
File: tiles/mahjong-Front.pdf Graphic file (type pdf)
<use tiles/mahjong-Front.pdf>
File: tiles/mahjong-7p.pdf Graphic file (type pdf)
<use tiles/mahjong-7p.pdf>
File: tiles/mahjong-Front.pdf Graphic file (type pdf)
<use tiles/mahjong-Front.pdf>
File: tiles/mahjong-8p.pdf Graphic file (type pdf)
<use tiles/mahjong-8p.pdf>
File: tiles/mahjong-Front.pdf Graphic file (type pdf)
<use tiles/mahjong-Front.pdf>
File: tiles/mahjong-9p.pdf Graphic file (type pdf)
<use tiles/mahjong-9p.pdf>
File: tiles/mahjong-Front.pdf Graphic file (type pdf)
<use tiles/mahjong-Front.pdf>
File: tiles/mahjong-2s.pdf Graphic file (type pdf)
<use tiles/mahjong-2s.pdf>
File: tiles/mahjong-Front.pdf Graphic file (type pdf)
<use tiles/mahjong-Front.pdf>
File: tiles/mahjong-2s.pdf Graphic file (type pdf)
<use tiles/mahjong-2s.pdf>
File: tiles/mahjong-Front.pdf Graphic file (type pdf)
<use tiles/mahjong-Front.pdf>
File: tiles/mahjong-7s.pdf Graphic file (type pdf)
<use tiles/mahjong-7s.pdf>
File: tiles/mahjong-Front.pdf Graphic file (type pdf)
<use tiles/mahjong-Front.pdf>
File: tiles/mahjong-8s.pdf Graphic file (type pdf)
<use tiles/mahjong-8s.pdf>
File: tiles/mahjong-Front.pdf Graphic file (type pdf)
<use tiles/mahjong-Front.pdf>
File: tiles/mahjong-9s.pdf Graphic file (type pdf)
<use tiles/mahjong-9s.pdf>
File: tiles/mahjong-Front.pdf Graphic file (type pdf)
<use tiles/mahjong-Front.pdf>
File: tiles/mahjong-2m.pdf Graphic file (type pdf)
<use tiles/mahjong-2m.pdf>
File: tiles/mahjong-Front.pdf Graphic file (type pdf)
<use tiles/mahjong-Front.pdf>
File: tiles/mahjong-3m.pdf Graphic file (type pdf)
<use tiles/mahjong-3m.pdf>
File: tiles/mahjong-Front.pdf Graphic file (type pdf)
<use tiles/mahjong-Front.pdf>
File: tiles/mahjong-3m.pdf Graphic file (type pdf)
<use tiles/mahjong-3m.pdf>
File: tiles/mahjong-Front.pdf Graphic file (type pdf)
<use tiles/mahjong-Front.pdf>
File: tiles/mahjong-5m.pdf Graphic file (type pdf)
<use tiles/mahjong-5m.pdf>
File: tiles/mahjong-Front.pdf Graphic file (type pdf)
<use tiles/mahjong-Front.pdf>
File: tiles/mahjong-5m.pdf Graphic file (type pdf)
<use tiles/mahjong-5m.pdf>
File: tiles/mahjong-Front.pdf Graphic file (type pdf)
<use tiles/mahjong-Front.pdf>
File: tiles/mahjong-2m.pdf Graphic file (type pdf)
<use tiles/mahjong-2m.pdf>
File: tiles/mahjong-Front.pdf Graphic file (type pdf)
<use tiles/mahjong-Front.pdf>
File: tiles/mahjong-5m.pdf Graphic file (type pdf)
<use tiles/mahjong-5m.pdf>
File: tiles/mahjong-Front.pdf Graphic file (type pdf)
<use tiles/mahjong-Front.pdf>
File: tiles/mahjong-1m.pdf Graphic file (type pdf)
<use tiles/mahjong-1m.pdf>
File: tiles/mahjong-Front.pdf Graphic file (type pdf)
<use tiles/mahjong-Front.pdf>
File: tiles/mahjong-3m.pdf Graphic file (type pdf)
<use tiles/mahjong-3m.pdf>
File: tiles/mahjong-Front.pdf Graphic file (type pdf)
<use tiles/mahjong-Front.pdf>
File: tiles/mahjong-4m.pdf Graphic file (type pdf)
<use tiles/mahjong-4m.pdf>
File: tiles/mahjong-Front.pdf Graphic file (type pdf)
<use tiles/mahjong-Front.pdf>
File: tiles/mahjong-1m.pdf Graphic file (type pdf)
<use tiles/mahjong-1m.pdf>
File: tiles/mahjong-Front.pdf Graphic file (type pdf)
<use tiles/mahjong-Front.pdf>
File: tiles/mahjong-3m.pdf Graphic file (type pdf)
<use tiles/mahjong-3m.pdf>
File: tiles/mahjong-Front.pdf Graphic file (type pdf)
<use tiles/mahjong-Front.pdf>
File: tiles/mahjong-4m.pdf Graphic file (type pdf)
<use tiles/mahjong-4m.pdf>
File: tiles/mahjong-Front.pdf Graphic file (type pdf)
<use tiles/mahjong-Front.pdf>
File: tiles/mahjong-3m.pdf Graphic file (type pdf)
<use tiles/mahjong-3m.pdf>
File: tiles/mahjong-Front.pdf Graphic file (type pdf)
<use tiles/mahjong-Front.pdf>
File: tiles/mahjong-3m.pdf Graphic file (type pdf)
<use tiles/mahjong-3m.pdf>
File: tiles/mahjong-Front.pdf Graphic file (type pdf)
<use tiles/mahjong-Front.pdf>
File: tiles/mahjong-2m.pdf Graphic file (type pdf)
<use tiles/mahjong-2m.pdf>
File: tiles/mahjong-Front.pdf Graphic file (type pdf)
<use tiles/mahjong-Front.pdf>
File: tiles/mahjong-3m.pdf Graphic file (type pdf)
<use tiles/mahjong-3m.pdf>
File: tiles/mahjong-Front.pdf Graphic file (type pdf)
<use tiles/mahjong-Front.pdf>
File: tiles/mahjong-3m.pdf Graphic file (type pdf)
<use tiles/mahjong-3m.pdf>
File: tiles/mahjong-Front.pdf Graphic file (type pdf)
<use tiles/mahjong-Front.pdf>
File: tiles/mahjong-5m.pdf Graphic file (type pdf)
<use tiles/mahjong-5m.pdf>
File: tiles/mahjong-Front.pdf Graphic file (type pdf)
<use tiles/mahjong-Front.pdf>
File: tiles/mahjong-3m.pdf Graphic file (type pdf)
<use tiles/mahjong-3m.pdf>
File: tiles/mahjong-Front.pdf Graphic file (type pdf)
<use tiles/mahjong-Front.pdf>
File: tiles/mahjong-7m.pdf Graphic file (type pdf)
<use tiles/mahjong-7m.pdf>
File: tiles/mahjong-Front.pdf Graphic file (type pdf)
<use tiles/mahjong-Front.pdf>
File: tiles/mahjong-7m.pdf Graphic file (type pdf)
<use tiles/mahjong-7m.pdf>
File: tiles/mahjong-Front.pdf Graphic file (type pdf)
<use tiles/mahjong-Front.pdf>
File: tiles/mahjong-1m.pdf Graphic file (type pdf)
<use tiles/mahjong-1m.pdf>
File: tiles/mahjong-Front.pdf Graphic file (type pdf)
<use tiles/mahjong-Front.pdf>
File: tiles/mahjong-2m.pdf Graphic file (type pdf)
<use tiles/mahjong-2m.pdf>
File: tiles/mahjong-Front.pdf Graphic file (type pdf)
<use tiles/mahjong-Front.pdf>
File: tiles/mahjong-3m.pdf Graphic file (type pdf)
<use tiles/mahjong-3m.pdf>
File: tiles/mahjong-Front.pdf Graphic file (type pdf)
<use tiles/mahjong-Front.pdf>
File: tiles/mahjong-2p.pdf Graphic file (type pdf)
<use tiles/mahjong-2p.pdf>
File: tiles/mahjong-Front.pdf Graphic file (type pdf)
<use tiles/mahjong-Front.pdf>
File: tiles/mahjong-3p.pdf Graphic file (type pdf)
<use tiles/mahjong-3p.pdf>
File: tiles/mahjong-Front.pdf Graphic file (type pdf)
<use tiles/mahjong-Front.pdf>
File: tiles/mahjong-3p.pdf Graphic file (type pdf)
<use tiles/mahjong-3p.pdf>
File: tiles/mahjong-Front.pdf Graphic file (type pdf)
<use tiles/mahjong-Front.pdf>
File: tiles/mahjong-5p.pdf Graphic file (type pdf)
<use tiles/mahjong-5p.pdf>
File: tiles/mahjong-Front.pdf Graphic file (type pdf)
<use tiles/mahjong-Front.pdf>
File: tiles/mahjong-1s.pdf Graphic file (type pdf)
<use tiles/mahjong-1s.pdf>
File: tiles/mahjong-Front.pdf Graphic file (type pdf)
<use tiles/mahjong-Front.pdf>
File: tiles/mahjong-2s.pdf Graphic file (type pdf)
<use tiles/mahjong-2s.pdf>
File: tiles/mahjong-Front.pdf Graphic file (type pdf)
<use tiles/mahjong-Front.pdf>
File: tiles/mahjong-3s.pdf Graphic file (type pdf)
<use tiles/mahjong-3s.pdf>
File: tiles/mahjong-Front.pdf Graphic file (type pdf)
<use tiles/mahjong-Front.pdf>
File: tiles/mahjong-7s.pdf Graphic file (type pdf)
<use tiles/mahjong-7s.pdf>
File: tiles/mahjong-Front.pdf Graphic file (type pdf)
<use tiles/mahjong-Front.pdf>
File: tiles/mahjong-8s.pdf Graphic file (type pdf)
<use tiles/mahjong-8s.pdf>
File: tiles/mahjong-Front.pdf Graphic file (type pdf)
<use tiles/mahjong-Front.pdf>
File: tiles/mahjong-9s.pdf Graphic file (type pdf)
<use tiles/mahjong-9s.pdf>
File: tiles/mahjong-Space.pdf Graphic file (type pdf)
<use tiles/mahjong-Space.pdf>
File: tiles/mahjong-Front.pdf Graphic file (type pdf)
<use tiles/mahjong-Front.pdf>
File: tiles/mahjong-9m.pdf Graphic file (type pdf)
<use tiles/mahjong-9m.pdf>
File: tiles/mahjong-Front.pdf Graphic file (type pdf)
<use tiles/mahjong-Front.pdf>
File: tiles/mahjong-2p.pdf Graphic file (type pdf)
<use tiles/mahjong-2p.pdf>
File: tiles/mahjong-Front.pdf Graphic file (type pdf)
<use tiles/mahjong-Front.pdf>
File: tiles/mahjong-5p.pdf Graphic file (type pdf)
<use tiles/mahjong-5p.pdf>
File: tiles/mahjong-Front.pdf Graphic file (type pdf)
<use tiles/mahjong-Front.pdf>
File: tiles/mahjong-9m.pdf Graphic file (type pdf)
<use tiles/mahjong-9m.pdf>
File: tiles/mahjong-Front.pdf Graphic file (type pdf)
<use tiles/mahjong-Front.pdf>
File: tiles/mahjong-7m.pdf Graphic file (type pdf)
<use tiles/mahjong-7m.pdf>
File: tiles/mahjong-Front.pdf Graphic file (type pdf)
<use tiles/mahjong-Front.pdf>
File: tiles/mahjong-8m.pdf Graphic file (type pdf)
<use tiles/mahjong-8m.pdf>
File: tiles/mahjong-Front.pdf Graphic file (type pdf)
<use tiles/mahjong-Front.pdf>
File: tiles/mahjong-9m.pdf Graphic file (type pdf)
<use tiles/mahjong-9m.pdf>
File: tiles/mahjong-Front.pdf Graphic file (type pdf)
<use tiles/mahjong-Front.pdf>
File: tiles/mahjong-3p.pdf Graphic file (type pdf)
<use tiles/mahjong-3p.pdf>
File: tiles/mahjong-Front.pdf Graphic file (type pdf)
<use tiles/mahjong-Front.pdf>
File: tiles/mahjong-4p.pdf Graphic file (type pdf)
<use tiles/mahjong-4p.pdf>
File: tiles/mahjong-Front.pdf Graphic file (type pdf)
<use tiles/mahjong-Front.pdf>
File: tiles/mahjong-5p.pdf Graphic file (type pdf)
<use tiles/mahjong-5p.pdf>
File: tiles/mahjong-Front.pdf Graphic file (type pdf)
<use tiles/mahjong-Front.pdf>
File: tiles/mahjong-6p.pdf Graphic file (type pdf)
<use tiles/mahjong-6p.pdf>
File: tiles/mahjong-Front.pdf Graphic file (type pdf)
<use tiles/mahjong-Front.pdf>
File: tiles/mahjong-7p.pdf Graphic file (type pdf)
<use tiles/mahjong-7p.pdf>
File: tiles/mahjong-Front.pdf Graphic file (type pdf)
<use tiles/mahjong-Front.pdf>
File: tiles/mahjong-7m.pdf Graphic file (type pdf)
<use tiles/mahjong-7m.pdf>
File: tiles/mahjong-Front.pdf Graphic file (type pdf)
<use tiles/mahjong-Front.pdf>
File: tiles/mahjong-8m.pdf Graphic file (type pdf)
<use tiles/mahjong-8m.pdf>
File: tiles/mahjong-Front.pdf Graphic file (type pdf)
<use tiles/mahjong-Front.pdf>
File: tiles/mahjong-9m.pdf Graphic file (type pdf)
<use tiles/mahjong-9m.pdf>
File: tiles/mahjong-Front.pdf Graphic file (type pdf)
<use tiles/mahjong-Front.pdf>
File: tiles/mahjong-1p.pdf Graphic file (type pdf)
<use tiles/mahjong-1p.pdf>
File: tiles/mahjong-Front.pdf Graphic file (type pdf)
<use tiles/mahjong-Front.pdf>
File: tiles/mahjong-2p.pdf Graphic file (type pdf)
<use tiles/mahjong-2p.pdf>
File: tiles/mahjong-Front.pdf Graphic file (type pdf)
<use tiles/mahjong-Front.pdf>
File: tiles/mahjong-3p.pdf Graphic file (type pdf)
<use tiles/mahjong-3p.pdf>
File: tiles/mahjong-Front.pdf Graphic file (type pdf)
<use tiles/mahjong-Front.pdf>
File: tiles/mahjong-4p.pdf Graphic file (type pdf)
<use tiles/mahjong-4p.pdf>
File: tiles/mahjong-Front.pdf Graphic file (type pdf)
<use tiles/mahjong-Front.pdf>
File: tiles/mahjong-1p.pdf Graphic file (type pdf)
<use tiles/mahjong-1p.pdf>
File: tiles/mahjong-Front.pdf Graphic file (type pdf)
<use tiles/mahjong-Front.pdf>
File: tiles/mahjong-2p.pdf Graphic file (type pdf)
<use tiles/mahjong-2p.pdf>
File: tiles/mahjong-Front.pdf Graphic file (type pdf)
<use tiles/mahjong-Front.pdf>
File: tiles/mahjong-3p.pdf Graphic file (type pdf)
<use tiles/mahjong-3p.pdf>
File: tiles/mahjong-Front.pdf Graphic file (type pdf)
<use tiles/mahjong-Front.pdf>
File: tiles/mahjong-4p.pdf Graphic file (type pdf)
<use tiles/mahjong-4p.pdf>
File: tiles/mahjong-Front.pdf Graphic file (type pdf)
<use tiles/mahjong-Front.pdf>
File: tiles/mahjong-5p.pdf Graphic file (type pdf)
<use tiles/mahjong-5p.pdf>
File: tiles/mahjong-Front.pdf Graphic file (type pdf)
<use tiles/mahjong-Front.pdf>
File: tiles/mahjong-6p.pdf Graphic file (type pdf)
<use tiles/mahjong-6p.pdf>
File: tiles/mahjong-Front.pdf Graphic file (type pdf)
<use tiles/mahjong-Front.pdf>
File: tiles/mahjong-7p.pdf Graphic file (type pdf)
<use tiles/mahjong-7p.pdf>
File: tiles/mahjong-Front.pdf Graphic file (type pdf)
<use tiles/mahjong-Front.pdf>
File: tiles/mahjong-4p.pdf Graphic file (type pdf)
<use tiles/mahjong-4p.pdf>
File: tiles/mahjong-Front.pdf Graphic file (type pdf)
<use tiles/mahjong-Front.pdf>
File: tiles/mahjong-6p.pdf Graphic file (type pdf)
<use tiles/mahjong-6p.pdf>
File: tiles/mahjong-Front.pdf Graphic file (type pdf)
<use tiles/mahjong-Front.pdf>
File: tiles/mahjong-9m.pdf Graphic file (type pdf)
<use tiles/mahjong-9m.pdf>
File: tiles/mahjong-Front.pdf Graphic file (type pdf)
<use tiles/mahjong-Front.pdf>
File: tiles/mahjong-3p.pdf Graphic file (type pdf)
<use tiles/mahjong-3p.pdf>
File: tiles/mahjong-Front.pdf Graphic file (type pdf)
<use tiles/mahjong-Front.pdf>
File: tiles/mahjong-3p.pdf Graphic file (type pdf)
<use tiles/mahjong-3p.pdf>
File: tiles/mahjong-Front.pdf Graphic file (type pdf)
<use tiles/mahjong-Front.pdf>
File: tiles/mahjong-4p.pdf Graphic file (type pdf)
<use tiles/mahjong-4p.pdf>
File: tiles/mahjong-Front.pdf Graphic file (type pdf)
<use tiles/mahjong-Front.pdf>
File: tiles/mahjong-6p.pdf Graphic file (type pdf)
<use tiles/mahjong-6p.pdf>
File: tiles/mahjong-Front.pdf Graphic file (type pdf)
<use tiles/mahjong-Front.pdf>
File: tiles/mahjong-1p.pdf Graphic file (type pdf)
<use tiles/mahjong-1p.pdf>
File: tiles/mahjong-Front.pdf Graphic file (type pdf)
<use tiles/mahjong-Front.pdf>
File: tiles/mahjong-2p.pdf Graphic file (type pdf)
<use tiles/mahjong-2p.pdf>
File: tiles/mahjong-Front.pdf Graphic file (type pdf)
<use tiles/mahjong-Front.pdf>
File: tiles/mahjong-4p.pdf Graphic file (type pdf)
<use tiles/mahjong-4p.pdf>
File: tiles/mahjong-Front.pdf Graphic file (type pdf)
<use tiles/mahjong-Front.pdf>
File: tiles/mahjong-2p.pdf Graphic file (type pdf)
<use tiles/mahjong-2p.pdf>
File: tiles/mahjong-Front.pdf Graphic file (type pdf)
<use tiles/mahjong-Front.pdf>
File: tiles/mahjong-1m.pdf Graphic file (type pdf)
<use tiles/mahjong-1m.pdf>
File: tiles/mahjong-Front.pdf Graphic file (type pdf)
<use tiles/mahjong-Front.pdf>
File: tiles/mahjong-2m.pdf Graphic file (type pdf)
<use tiles/mahjong-2m.pdf>
File: tiles/mahjong-Front.pdf Graphic file (type pdf)
<use tiles/mahjong-Front.pdf>
File: tiles/mahjong-6m.pdf Graphic file (type pdf)
<use tiles/mahjong-6m.pdf>
File: tiles/mahjong-Front.pdf Graphic file (type pdf)
<use tiles/mahjong-Front.pdf>
File: tiles/mahjong-1m.pdf Graphic file (type pdf)
<use tiles/mahjong-1m.pdf>
File: tiles/mahjong-Front.pdf Graphic file (type pdf)
<use tiles/mahjong-Front.pdf>
File: tiles/mahjong-1m.pdf Graphic file (type pdf)
<use tiles/mahjong-1m.pdf>
File: tiles/mahjong-Front.pdf Graphic file (type pdf)
<use tiles/mahjong-Front.pdf>
File: tiles/mahjong-2m.pdf Graphic file (type pdf)
<use tiles/mahjong-2m.pdf>
File: tiles/mahjong-Front.pdf Graphic file (type pdf)
<use tiles/mahjong-Front.pdf>
File: tiles/mahjong-2m.pdf Graphic file (type pdf)
<use tiles/mahjong-2m.pdf>
File: tiles/mahjong-Front.pdf Graphic file (type pdf)
<use tiles/mahjong-Front.pdf>
File: tiles/mahjong-4m.pdf Graphic file (type pdf)
<use tiles/mahjong-4m.pdf>
File: tiles/mahjong-Front.pdf Graphic file (type pdf)
<use tiles/mahjong-Front.pdf>
File: tiles/mahjong-6m.pdf Graphic file (type pdf)
<use tiles/mahjong-6m.pdf>
File: tiles/mahjong-Front.pdf Graphic file (type pdf)
<use tiles/mahjong-Front.pdf>
File: tiles/mahjong-3p.pdf Graphic file (type pdf)
<use tiles/mahjong-3p.pdf>
File: tiles/mahjong-Front.pdf Graphic file (type pdf)
<use tiles/mahjong-Front.pdf>
File: tiles/mahjong-4p.pdf Graphic file (type pdf)
<use tiles/mahjong-4p.pdf>
File: tiles/mahjong-Front.pdf Graphic file (type pdf)
<use tiles/mahjong-Front.pdf>
File: tiles/mahjong-3s.pdf Graphic file (type pdf)
<use tiles/mahjong-3s.pdf>
File: tiles/mahjong-Front.pdf Graphic file (type pdf)
<use tiles/mahjong-Front.pdf>
File: tiles/mahjong-4s.pdf Graphic file (type pdf)
<use tiles/mahjong-4s.pdf>
File: tiles/mahjong-Front.pdf Graphic file (type pdf)
<use tiles/mahjong-Front.pdf>
File: tiles/mahjong-5s.pdf Graphic file (type pdf)
<use tiles/mahjong-5s.pdf>
File: tiles/mahjong-Front.pdf Graphic file (type pdf)
<use tiles/mahjong-Front.pdf>
File: tiles/mahjong-6s.pdf Graphic file (type pdf)
<use tiles/mahjong-6s.pdf>
File: tiles/mahjong-Front.pdf Graphic file (type pdf)
<use tiles/mahjong-Front.pdf>
File: tiles/mahjong-6s.pdf Graphic file (type pdf)
<use tiles/mahjong-6s.pdf>
File: tiles/mahjong-Space.pdf Graphic file (type pdf)
<use tiles/mahjong-Space.pdf>
File: tiles/mahjong-Front.pdf Graphic file (type pdf)
<use tiles/mahjong-Front.pdf>
File: tiles/mahjong-6s.pdf Graphic file (type pdf)
<use tiles/mahjong-6s.pdf>
File: tiles/mahjong-Front.pdf Graphic file (type pdf)
<use tiles/mahjong-Front.pdf>
File: tiles/mahjong-1m.pdf Graphic file (type pdf)
<use tiles/mahjong-1m.pdf>
File: tiles/mahjong-Front.pdf Graphic file (type pdf)
<use tiles/mahjong-Front.pdf>
File: tiles/mahjong-1m.pdf Graphic file (type pdf)
<use tiles/mahjong-1m.pdf>
File: tiles/mahjong-Front.pdf Graphic file (type pdf)
<use tiles/mahjong-Front.pdf>
File: tiles/mahjong-2m.pdf Graphic file (type pdf)
<use tiles/mahjong-2m.pdf>
File: tiles/mahjong-Front.pdf Graphic file (type pdf)
<use tiles/mahjong-Front.pdf>
File: tiles/mahjong-2m.pdf Graphic file (type pdf)
<use tiles/mahjong-2m.pdf>
File: tiles/mahjong-Front.pdf Graphic file (type pdf)
<use tiles/mahjong-Front.pdf>
File: tiles/mahjong-4m.pdf Graphic file (type pdf)
<use tiles/mahjong-4m.pdf>
File: tiles/mahjong-Front.pdf Graphic file (type pdf)
<use tiles/mahjong-Front.pdf>
File: tiles/mahjong-6m.pdf Graphic file (type pdf)
<use tiles/mahjong-6m.pdf>
File: tiles/mahjong-Front.pdf Graphic file (type pdf)
<use tiles/mahjong-Front.pdf>
File: tiles/mahjong-7p.pdf Graphic file (type pdf)
<use tiles/mahjong-7p.pdf>
File: tiles/mahjong-Front.pdf Graphic file (type pdf)
<use tiles/mahjong-Front.pdf>
File: tiles/mahjong-8p.pdf Graphic file (type pdf)
<use tiles/mahjong-8p.pdf>
File: tiles/mahjong-Front.pdf Graphic file (type pdf)
<use tiles/mahjong-Front.pdf>
File: tiles/mahjong-9p.pdf Graphic file (type pdf)
<use tiles/mahjong-9p.pdf>
File: tiles/mahjong-Front.pdf Graphic file (type pdf)
<use tiles/mahjong-Front.pdf>
File: tiles/mahjong-3s.pdf Graphic file (type pdf)
<use tiles/mahjong-3s.pdf>
File: tiles/mahjong-Front.pdf Graphic file (type pdf)
<use tiles/mahjong-Front.pdf>
File: tiles/mahjong-4s.pdf Graphic file (type pdf)
<use tiles/mahjong-4s.pdf>
File: tiles/mahjong-Front.pdf Graphic file (type pdf)
<use tiles/mahjong-Front.pdf>
File: tiles/mahjong-6s.pdf Graphic file (type pdf)
<use tiles/mahjong-6s.pdf>
File: tiles/mahjong-Front.pdf Graphic file (type pdf)
<use tiles/mahjong-Front.pdf>
File: tiles/mahjong-7s.pdf Graphic file (type pdf)
<use tiles/mahjong-7s.pdf>
File: tiles/mahjong-Space.pdf Graphic file (type pdf)
<use tiles/mahjong-Space.pdf>
File: tiles/mahjong-Front.pdf Graphic file (type pdf)
<use tiles/mahjong-Front.pdf>
File: tiles/mahjong-8s.pdf Graphic file (type pdf)
<use tiles/mahjong-8s.pdf>
File: tiles/mahjong-Front.pdf Graphic file (type pdf)
<use tiles/mahjong-Front.pdf>
File: tiles/mahjong-1m.pdf Graphic file (type pdf)
<use tiles/mahjong-1m.pdf>
File: tiles/mahjong-Front.pdf Graphic file (type pdf)
<use tiles/mahjong-Front.pdf>
File: tiles/mahjong-1m.pdf Graphic file (type pdf)
<use tiles/mahjong-1m.pdf>
File: tiles/mahjong-Front.pdf Graphic file (type pdf)
<use tiles/mahjong-Front.pdf>
File: tiles/mahjong-2m.pdf Graphic file (type pdf)
<use tiles/mahjong-2m.pdf>
File: tiles/mahjong-Front.pdf Graphic file (type pdf)
<use tiles/mahjong-Front.pdf>
File: tiles/mahjong-2m.pdf Graphic file (type pdf)
<use tiles/mahjong-2m.pdf>
File: tiles/mahjong-Front.pdf Graphic file (type pdf)
<use tiles/mahjong-Front.pdf>
File: tiles/mahjong-4m.pdf Graphic file (type pdf)
<use tiles/mahjong-4m.pdf>
File: tiles/mahjong-Front.pdf Graphic file (type pdf)
<use tiles/mahjong-Front.pdf>
File: tiles/mahjong-6m.pdf Graphic file (type pdf)
<use tiles/mahjong-6m.pdf>
File: tiles/mahjong-Front.pdf Graphic file (type pdf)
<use tiles/mahjong-Front.pdf>
File: tiles/mahjong-9p.pdf Graphic file (type pdf)
<use tiles/mahjong-9p.pdf>
File: tiles/mahjong-Front.pdf Graphic file (type pdf)
<use tiles/mahjong-Front.pdf>
File: tiles/mahjong-9p.pdf Graphic file (type pdf)
<use tiles/mahjong-9p.pdf>
File: tiles/mahjong-Front.pdf Graphic file (type pdf)
<use tiles/mahjong-Front.pdf>
File: tiles/mahjong-9p.pdf Graphic file (type pdf)
<use tiles/mahjong-9p.pdf>
File: tiles/mahjong-Front.pdf Graphic file (type pdf)
<use tiles/mahjong-Front.pdf>
File: tiles/mahjong-3s.pdf Graphic file (type pdf)
<use tiles/mahjong-3s.pdf>
File: tiles/mahjong-Front.pdf Graphic file (type pdf)
<use tiles/mahjong-Front.pdf>
File: tiles/mahjong-4s.pdf Graphic file (type pdf)
<use tiles/mahjong-4s.pdf>
File: tiles/mahjong-Front.pdf Graphic file (type pdf)
<use tiles/mahjong-Front.pdf>
File: tiles/mahjong-6s.pdf Graphic file (type pdf)
<use tiles/mahjong-6s.pdf>
File: tiles/mahjong-Front.pdf Graphic file (type pdf)
<use tiles/mahjong-Front.pdf>
File: tiles/mahjong-7s.pdf Graphic file (type pdf)
<use tiles/mahjong-7s.pdf>
File: tiles/mahjong-Space.pdf Graphic file (type pdf)
<use tiles/mahjong-Space.pdf>
File: tiles/mahjong-Front.pdf Graphic file (type pdf)
<use tiles/mahjong-Front.pdf>
File: tiles/mahjong-8s.pdf Graphic file (type pdf)
<use tiles/mahjong-8s.pdf>
File: tiles/mahjong-Front.pdf Graphic file (type pdf)
<use tiles/mahjong-Front.pdf>
File: tiles/mahjong-1m.pdf Graphic file (type pdf)
<use tiles/mahjong-1m.pdf>
File: tiles/mahjong-Front.pdf Graphic file (type pdf)
<use tiles/mahjong-Front.pdf>
File: tiles/mahjong-1m.pdf Graphic file (type pdf)
<use tiles/mahjong-1m.pdf>
File: tiles/mahjong-Front.pdf Graphic file (type pdf)
<use tiles/mahjong-Front.pdf>
File: tiles/mahjong-2m.pdf Graphic file (type pdf)
<use tiles/mahjong-2m.pdf>
File: tiles/mahjong-Front.pdf Graphic file (type pdf)
<use tiles/mahjong-Front.pdf>
File: tiles/mahjong-2m.pdf Graphic file (type pdf)
<use tiles/mahjong-2m.pdf>
File: tiles/mahjong-Front.pdf Graphic file (type pdf)
<use tiles/mahjong-Front.pdf>
File: tiles/mahjong-4m.pdf Graphic file (type pdf)
<use tiles/mahjong-4m.pdf>
File: tiles/mahjong-Front.pdf Graphic file (type pdf)
<use tiles/mahjong-Front.pdf>
File: tiles/mahjong-6m.pdf Graphic file (type pdf)
<use tiles/mahjong-6m.pdf>
File: tiles/mahjong-Front.pdf Graphic file (type pdf)
<use tiles/mahjong-Front.pdf>
File: tiles/mahjong-3s.pdf Graphic file (type pdf)
<use tiles/mahjong-3s.pdf>
File: tiles/mahjong-Front.pdf Graphic file (type pdf)
<use tiles/mahjong-Front.pdf>
File: tiles/mahjong-4s.pdf Graphic file (type pdf)
<use tiles/mahjong-4s.pdf>
File: tiles/mahjong-Front.pdf Graphic file (type pdf)
<use tiles/mahjong-Front.pdf>
File: tiles/mahjong-6s.pdf Graphic file (type pdf)
<use tiles/mahjong-6s.pdf>
File: tiles/mahjong-Front.pdf Graphic file (type pdf)
<use tiles/mahjong-Front.pdf>
File: tiles/mahjong-7s.pdf Graphic file (type pdf)
<use tiles/mahjong-7s.pdf>
File: tiles/mahjong-Front.pdf Graphic file (type pdf)
<use tiles/mahjong-Front.pdf>
File: tiles/mahjong-8s.pdf Graphic file (type pdf)
<use tiles/mahjong-8s.pdf>
File: tiles/mahjong-Front.pdf Graphic file (type pdf)
<use tiles/mahjong-Front.pdf>
File: tiles/mahjong-1z.pdf Graphic file (type pdf)
<use tiles/mahjong-1z.pdf>
File: tiles/mahjong-Front.pdf Graphic file (type pdf)
<use tiles/mahjong-Front.pdf>
File: tiles/mahjong-1z.pdf Graphic file (type pdf)
<use tiles/mahjong-1z.pdf>
File: tiles/mahjong-Space.pdf Graphic file (type pdf)
<use tiles/mahjong-Space.pdf>
File: tiles/mahjong-Front.pdf Graphic file (type pdf)
<use tiles/mahjong-Front.pdf>
File: tiles/mahjong-1z.pdf Graphic file (type pdf)
<use tiles/mahjong-1z.pdf>
File: tiles/mahjong-Front.pdf Graphic file (type pdf)
<use tiles/mahjong-Front.pdf>
File: tiles/mahjong-1m.pdf Graphic file (type pdf)
<use tiles/mahjong-1m.pdf>
File: tiles/mahjong-Front.pdf Graphic file (type pdf)
<use tiles/mahjong-Front.pdf>
File: tiles/mahjong-2m.pdf Graphic file (type pdf)
<use tiles/mahjong-2m.pdf>
File: tiles/mahjong-Front.pdf Graphic file (type pdf)
<use tiles/mahjong-Front.pdf>
File: tiles/mahjong-6m.pdf Graphic file (type pdf)
<use tiles/mahjong-6m.pdf>
File: tiles/mahjong-Front.pdf Graphic file (type pdf)
<use tiles/mahjong-Front.pdf>
File: tiles/mahjong-1m.pdf Graphic file (type pdf)
<use tiles/mahjong-1m.pdf>
File: tiles/mahjong-Front.pdf Graphic file (type pdf)
<use tiles/mahjong-Front.pdf>
File: tiles/mahjong-2m.pdf Graphic file (type pdf)
<use tiles/mahjong-2m.pdf>
File: tiles/mahjong-Front.pdf Graphic file (type pdf)
<use tiles/mahjong-Front.pdf>
File: tiles/mahjong-4m.pdf Graphic file (type pdf)
<use tiles/mahjong-4m.pdf>
File: tiles/mahjong-Front.pdf Graphic file (type pdf)
<use tiles/mahjong-Front.pdf>
File: tiles/mahjong-6m.pdf Graphic file (type pdf)
<use tiles/mahjong-6m.pdf>

Package natbib Warning: Citation `yuusee-112246' on page 7 undefined on input l
ine 643.

File: tiles/mahjong-Front.pdf Graphic file (type pdf)
<use tiles/mahjong-Front.pdf>
File: tiles/mahjong-6m.pdf Graphic file (type pdf)
<use tiles/mahjong-6m.pdf>
File: tiles/mahjong-Front.pdf Graphic file (type pdf)
<use tiles/mahjong-Front.pdf>
File: tiles/mahjong-8m.pdf Graphic file (type pdf)
<use tiles/mahjong-8m.pdf>
File: tiles/mahjong-Front.pdf Graphic file (type pdf)
<use tiles/mahjong-Front.pdf>
File: tiles/mahjong-8m.pdf Graphic file (type pdf)
<use tiles/mahjong-8m.pdf>
File: tiles/mahjong-Front.pdf Graphic file (type pdf)
<use tiles/mahjong-Front.pdf>
File: tiles/mahjong-9m.pdf Graphic file (type pdf)
<use tiles/mahjong-9m.pdf>
File: tiles/mahjong-Front.pdf Graphic file (type pdf)
<use tiles/mahjong-Front.pdf>
File: tiles/mahjong-6m.pdf Graphic file (type pdf)
<use tiles/mahjong-6m.pdf>
File: tiles/mahjong-Front.pdf Graphic file (type pdf)
<use tiles/mahjong-Front.pdf>
File: tiles/mahjong-8m.pdf Graphic file (type pdf)
<use tiles/mahjong-8m.pdf>
File: tiles/mahjong-Front.pdf Graphic file (type pdf)
<use tiles/mahjong-Front.pdf>
File: tiles/mahjong-8m.pdf Graphic file (type pdf)
<use tiles/mahjong-8m.pdf>
File: tiles/mahjong-Front.pdf Graphic file (type pdf)
<use tiles/mahjong-Front.pdf>
File: tiles/mahjong-7m.pdf Graphic file (type pdf)
<use tiles/mahjong-7m.pdf>
File: tiles/mahjong-Front.pdf Graphic file (type pdf)
<use tiles/mahjong-Front.pdf>
File: tiles/mahjong-8m.pdf Graphic file (type pdf)
<use tiles/mahjong-8m.pdf>
File: tiles/mahjong-Front.pdf Graphic file (type pdf)
<use tiles/mahjong-Front.pdf>
File: tiles/mahjong-7m.pdf Graphic file (type pdf)
<use tiles/mahjong-7m.pdf>
File: tiles/mahjong-Front.pdf Graphic file (type pdf)
<use tiles/mahjong-Front.pdf>
File: tiles/mahjong-8m.pdf Graphic file (type pdf)
<use tiles/mahjong-8m.pdf>
File: tiles/mahjong-Front.pdf Graphic file (type pdf)
<use tiles/mahjong-Front.pdf>
File: tiles/mahjong-6m.pdf Graphic file (type pdf)
<use tiles/mahjong-6m.pdf>
File: tiles/mahjong-Front.pdf Graphic file (type pdf)
<use tiles/mahjong-Front.pdf>
File: tiles/mahjong-8m.pdf Graphic file (type pdf)
<use tiles/mahjong-8m.pdf>
File: tiles/mahjong-Front.pdf Graphic file (type pdf)
<use tiles/mahjong-Front.pdf>
File: tiles/mahjong-8m.pdf Graphic file (type pdf)
<use tiles/mahjong-8m.pdf>
File: tiles/mahjong-Front.pdf Graphic file (type pdf)
<use tiles/mahjong-Front.pdf>
File: tiles/mahjong-9m.pdf Graphic file (type pdf)
<use tiles/mahjong-9m.pdf>
File: tiles/mahjong-Front.pdf Graphic file (type pdf)
<use tiles/mahjong-Front.pdf>
File: tiles/mahjong-6m.pdf Graphic file (type pdf)
<use tiles/mahjong-6m.pdf>
File: tiles/mahjong-Front.pdf Graphic file (type pdf)
<use tiles/mahjong-Front.pdf>
File: tiles/mahjong-8m.pdf Graphic file (type pdf)
<use tiles/mahjong-8m.pdf>
File: tiles/mahjong-Front.pdf Graphic file (type pdf)
<use tiles/mahjong-Front.pdf>
File: tiles/mahjong-8m.pdf Graphic file (type pdf)
<use tiles/mahjong-8m.pdf>
File: tiles/mahjong-Front.pdf Graphic file (type pdf)
<use tiles/mahjong-Front.pdf>
File: tiles/mahjong-5m.pdf Graphic file (type pdf)
<use tiles/mahjong-5m.pdf>
File: tiles/mahjong-Front.pdf Graphic file (type pdf)
<use tiles/mahjong-Front.pdf>
File: tiles/mahjong-6m.pdf Graphic file (type pdf)
<use tiles/mahjong-6m.pdf>
File: tiles/mahjong-Front.pdf Graphic file (type pdf)
<use tiles/mahjong-Front.pdf>
File: tiles/mahjong-7m.pdf Graphic file (type pdf)
<use tiles/mahjong-7m.pdf>
File: tiles/mahjong-Front.pdf Graphic file (type pdf)
<use tiles/mahjong-Front.pdf>
File: tiles/mahjong-8m.pdf Graphic file (type pdf)
<use tiles/mahjong-8m.pdf>
File: tiles/mahjong-Front.pdf Graphic file (type pdf)
<use tiles/mahjong-Front.pdf>
File: tiles/mahjong-8m.pdf Graphic file (type pdf)
<use tiles/mahjong-8m.pdf>
File: tiles/mahjong-Front.pdf Graphic file (type pdf)
<use tiles/mahjong-Front.pdf>
File: tiles/mahjong-5m.pdf Graphic file (type pdf)
<use tiles/mahjong-5m.pdf>
File: tiles/mahjong-Front.pdf Graphic file (type pdf)
<use tiles/mahjong-Front.pdf>
File: tiles/mahjong-6m.pdf Graphic file (type pdf)
<use tiles/mahjong-6m.pdf>
File: tiles/mahjong-Front.pdf Graphic file (type pdf)
<use tiles/mahjong-Front.pdf>
File: tiles/mahjong-7m.pdf Graphic file (type pdf)
<use tiles/mahjong-7m.pdf>
File: tiles/mahjong-Front.pdf Graphic file (type pdf)
<use tiles/mahjong-Front.pdf>
File: tiles/mahjong-8m.pdf Graphic file (type pdf)
<use tiles/mahjong-8m.pdf>
File: tiles/mahjong-Front.pdf Graphic file (type pdf)
<use tiles/mahjong-Front.pdf>
File: tiles/mahjong-8m.pdf Graphic file (type pdf)
<use tiles/mahjong-8m.pdf>
File: tiles/mahjong-Front.pdf Graphic file (type pdf)
<use tiles/mahjong-Front.pdf>
File: tiles/mahjong-5m.pdf Graphic file (type pdf)
<use tiles/mahjong-5m.pdf>
File: tiles/mahjong-Front.pdf Graphic file (type pdf)
<use tiles/mahjong-Front.pdf>
File: tiles/mahjong-6m.pdf Graphic file (type pdf)
<use tiles/mahjong-6m.pdf>
File: tiles/mahjong-Front.pdf Graphic file (type pdf)
<use tiles/mahjong-Front.pdf>
File: tiles/mahjong-7m.pdf Graphic file (type pdf)
<use tiles/mahjong-7m.pdf>
File: tiles/mahjong-Front.pdf Graphic file (type pdf)
<use tiles/mahjong-Front.pdf>
File: tiles/mahjong-8m.pdf Graphic file (type pdf)
<use tiles/mahjong-8m.pdf>
File: tiles/mahjong-Front.pdf Graphic file (type pdf)
<use tiles/mahjong-Front.pdf>
File: tiles/mahjong-9m.pdf Graphic file (type pdf)
<use tiles/mahjong-9m.pdf>
File: tiles/mahjong-Front.pdf Graphic file (type pdf)
<use tiles/mahjong-Front.pdf>
File: tiles/mahjong-5m.pdf Graphic file (type pdf)
<use tiles/mahjong-5m.pdf>
File: tiles/mahjong-Front.pdf Graphic file (type pdf)
<use tiles/mahjong-Front.pdf>
File: tiles/mahjong-7m.pdf Graphic file (type pdf)
<use tiles/mahjong-7m.pdf>
File: tiles/mahjong-Front.pdf Graphic file (type pdf)
<use tiles/mahjong-Front.pdf>
File: tiles/mahjong-5m.pdf Graphic file (type pdf)
<use tiles/mahjong-5m.pdf>
File: tiles/mahjong-Front.pdf Graphic file (type pdf)
<use tiles/mahjong-Front.pdf>
File: tiles/mahjong-7m.pdf Graphic file (type pdf)
<use tiles/mahjong-7m.pdf>
File: tiles/mahjong-Front.pdf Graphic file (type pdf)
<use tiles/mahjong-Front.pdf>
File: tiles/mahjong-5m.pdf Graphic file (type pdf)
<use tiles/mahjong-5m.pdf>
File: tiles/mahjong-Front.pdf Graphic file (type pdf)
<use tiles/mahjong-Front.pdf>
File: tiles/mahjong-7m.pdf Graphic file (type pdf)
<use tiles/mahjong-7m.pdf>
File: tiles/mahjong-Front.pdf Graphic file (type pdf)
<use tiles/mahjong-Front.pdf>
File: tiles/mahjong-9m.pdf Graphic file (type pdf)
<use tiles/mahjong-9m.pdf>
File: tiles/mahjong-Front.pdf Graphic file (type pdf)
<use tiles/mahjong-Front.pdf>
File: tiles/mahjong-8m.pdf Graphic file (type pdf)
<use tiles/mahjong-8m.pdf>
File: tiles/mahjong-Front.pdf Graphic file (type pdf)
<use tiles/mahjong-Front.pdf>
File: tiles/mahjong-5m.pdf Graphic file (type pdf)
<use tiles/mahjong-5m.pdf>
File: tiles/mahjong-Front.pdf Graphic file (type pdf)
<use tiles/mahjong-Front.pdf>
File: tiles/mahjong-6m.pdf Graphic file (type pdf)
<use tiles/mahjong-6m.pdf>
File: tiles/mahjong-Front.pdf Graphic file (type pdf)
<use tiles/mahjong-Front.pdf>
File: tiles/mahjong-9m.pdf Graphic file (type pdf)
<use tiles/mahjong-9m.pdf>

Package natbib Warning: Citation `yuusee-6889' on page 7 undefined on input lin
e 669.

File: tiles/mahjong-Front.pdf Graphic file (type pdf)
<use tiles/mahjong-Front.pdf>
File: tiles/mahjong-7s.pdf Graphic file (type pdf)
<use tiles/mahjong-7s.pdf>
File: tiles/mahjong-Front.pdf Graphic file (type pdf)
<use tiles/mahjong-Front.pdf>
File: tiles/mahjong-6m.pdf Graphic file (type pdf)
<use tiles/mahjong-6m.pdf>
File: tiles/mahjong-Front.pdf Graphic file (type pdf)
<use tiles/mahjong-Front.pdf>
File: tiles/mahjong-8m.pdf Graphic file (type pdf)
<use tiles/mahjong-8m.pdf>
File: tiles/mahjong-Front.pdf Graphic file (type pdf)
<use tiles/mahjong-Front.pdf>
File: tiles/mahjong-8m.pdf Graphic file (type pdf)
<use tiles/mahjong-8m.pdf>
File: tiles/mahjong-Front.pdf Graphic file (type pdf)
<use tiles/mahjong-Front.pdf>
File: tiles/mahjong-9m.pdf Graphic file (type pdf)
<use tiles/mahjong-9m.pdf>
File: tiles/mahjong-Front.pdf Graphic file (type pdf)
<use tiles/mahjong-Front.pdf>
File: tiles/mahjong-1p.pdf Graphic file (type pdf)
<use tiles/mahjong-1p.pdf>
File: tiles/mahjong-Front.pdf Graphic file (type pdf)
<use tiles/mahjong-Front.pdf>
File: tiles/mahjong-2p.pdf Graphic file (type pdf)
<use tiles/mahjong-2p.pdf>
File: tiles/mahjong-Front.pdf Graphic file (type pdf)
<use tiles/mahjong-Front.pdf>
File: tiles/mahjong-3p.pdf Graphic file (type pdf)
<use tiles/mahjong-3p.pdf>
File: tiles/mahjong-Front.pdf Graphic file (type pdf)
<use tiles/mahjong-Front.pdf>
File: tiles/mahjong-5p.pdf Graphic file (type pdf)
<use tiles/mahjong-5p.pdf>
File: tiles/mahjong-Front.pdf Graphic file (type pdf)
<use tiles/mahjong-Front.pdf>
File: tiles/mahjong-1s.pdf Graphic file (type pdf)
<use tiles/mahjong-1s.pdf>
File: tiles/mahjong-Front.pdf Graphic file (type pdf)
<use tiles/mahjong-Front.pdf>
File: tiles/mahjong-6s.pdf Graphic file (type pdf)
<use tiles/mahjong-6s.pdf>
File: tiles/mahjong-Front.pdf Graphic file (type pdf)
<use tiles/mahjong-Front.pdf>
File: tiles/mahjong-7s.pdf Graphic file (type pdf)
<use tiles/mahjong-7s.pdf>
File: tiles/mahjong-Front.pdf Graphic file (type pdf)
<use tiles/mahjong-Front.pdf>
File: tiles/mahjong-4z.pdf Graphic file (type pdf)
<use tiles/mahjong-4z.pdf>
File: tiles/mahjong-Front.pdf Graphic file (type pdf)
<use tiles/mahjong-Front.pdf>
File: tiles/mahjong-4z.pdf Graphic file (type pdf)
<use tiles/mahjong-4z.pdf>
File: tiles/mahjong-Space.pdf Graphic file (type pdf)
<use tiles/mahjong-Space.pdf>
File: tiles/mahjong-Front.pdf Graphic file (type pdf)
<use tiles/mahjong-Front.pdf>
File: tiles/mahjong-8s.pdf Graphic file (type pdf)
<use tiles/mahjong-8s.pdf>
File: tiles/mahjong-Front.pdf Graphic file (type pdf)
<use tiles/mahjong-Front.pdf>
File: tiles/mahjong-7s.pdf Graphic file (type pdf)
<use tiles/mahjong-7s.pdf>
File: tiles/mahjong-Front.pdf Graphic file (type pdf)
<use tiles/mahjong-Front.pdf>
File: tiles/mahjong-6m.pdf Graphic file (type pdf)
<use tiles/mahjong-6m.pdf>
File: tiles/mahjong-Front.pdf Graphic file (type pdf)
<use tiles/mahjong-Front.pdf>
File: tiles/mahjong-8m.pdf Graphic file (type pdf)
<use tiles/mahjong-8m.pdf>
File: tiles/mahjong-Front.pdf Graphic file (type pdf)
<use tiles/mahjong-Front.pdf>
File: tiles/mahjong-8m.pdf Graphic file (type pdf)
<use tiles/mahjong-8m.pdf>
File: tiles/mahjong-Front.pdf Graphic file (type pdf)
<use tiles/mahjong-Front.pdf>
File: tiles/mahjong-9m.pdf Graphic file (type pdf)
<use tiles/mahjong-9m.pdf>
File: tiles/mahjong-Front.pdf Graphic file (type pdf)
<use tiles/mahjong-Front.pdf>
File: tiles/mahjong-1p.pdf Graphic file (type pdf)
<use tiles/mahjong-1p.pdf>
File: tiles/mahjong-Front.pdf Graphic file (type pdf)
<use tiles/mahjong-Front.pdf>
File: tiles/mahjong-2p.pdf Graphic file (type pdf)
<use tiles/mahjong-2p.pdf>
File: tiles/mahjong-Front.pdf Graphic file (type pdf)
<use tiles/mahjong-Front.pdf>
File: tiles/mahjong-3p.pdf Graphic file (type pdf)
<use tiles/mahjong-3p.pdf>
File: tiles/mahjong-Front.pdf Graphic file (type pdf)
<use tiles/mahjong-Front.pdf>
File: tiles/mahjong-5p.pdf Graphic file (type pdf)
<use tiles/mahjong-5p.pdf>
File: tiles/mahjong-Front.pdf Graphic file (type pdf)
<use tiles/mahjong-Front.pdf>
File: tiles/mahjong-6s.pdf Graphic file (type pdf)
<use tiles/mahjong-6s.pdf>
File: tiles/mahjong-Front.pdf Graphic file (type pdf)
<use tiles/mahjong-Front.pdf>
File: tiles/mahjong-7s.pdf Graphic file (type pdf)
<use tiles/mahjong-7s.pdf>
File: tiles/mahjong-Front.pdf Graphic file (type pdf)
<use tiles/mahjong-Front.pdf>
File: tiles/mahjong-4z.pdf Graphic file (type pdf)
<use tiles/mahjong-4z.pdf>
File: tiles/mahjong-Front.pdf Graphic file (type pdf)
<use tiles/mahjong-Front.pdf>
File: tiles/mahjong-4z.pdf Graphic file (type pdf)
<use tiles/mahjong-4z.pdf>
File: tiles/mahjong-Front.pdf Graphic file (type pdf)
<use tiles/mahjong-Front.pdf>
File: tiles/mahjong-5z.pdf Graphic file (type pdf)
<use tiles/mahjong-5z.pdf>
File: tiles/mahjong-Space.pdf Graphic file (type pdf)
<use tiles/mahjong-Space.pdf>
File: tiles/mahjong-Front.pdf Graphic file (type pdf)
<use tiles/mahjong-Front.pdf>
File: tiles/mahjong-8s.pdf Graphic file (type pdf)
<use tiles/mahjong-8s.pdf>
File: tiles/mahjong-Front.pdf Graphic file (type pdf)
<use tiles/mahjong-Front.pdf>
File: tiles/mahjong-9m.pdf Graphic file (type pdf)
<use tiles/mahjong-9m.pdf>
File: tiles/mahjong-Front.pdf Graphic file (type pdf)
<use tiles/mahjong-Front.pdf>
File: tiles/mahjong-9m.pdf Graphic file (type pdf)
<use tiles/mahjong-9m.pdf>
File: tiles/mahjong-Front.pdf Graphic file (type pdf)
<use tiles/mahjong-Front.pdf>
File: tiles/mahjong-7s.pdf Graphic file (type pdf)
<use tiles/mahjong-7s.pdf>
File: tiles/mahjong-Front.pdf Graphic file (type pdf)
<use tiles/mahjong-Front.pdf>
File: tiles/mahjong-6m.pdf Graphic file (type pdf)
<use tiles/mahjong-6m.pdf>
File: tiles/mahjong-Front.pdf Graphic file (type pdf)
<use tiles/mahjong-Front.pdf>
File: tiles/mahjong-8m.pdf Graphic file (type pdf)
<use tiles/mahjong-8m.pdf>
File: tiles/mahjong-Front.pdf Graphic file (type pdf)
<use tiles/mahjong-Front.pdf>
File: tiles/mahjong-8m.pdf Graphic file (type pdf)
<use tiles/mahjong-8m.pdf>
File: tiles/mahjong-Front.pdf Graphic file (type pdf)
<use tiles/mahjong-Front.pdf>
File: tiles/mahjong-9m.pdf Graphic file (type pdf)
<use tiles/mahjong-9m.pdf>
File: tiles/mahjong-Front.pdf Graphic file (type pdf)
<use tiles/mahjong-Front.pdf>
File: tiles/mahjong-1p.pdf Graphic file (type pdf)
<use tiles/mahjong-1p.pdf>
File: tiles/mahjong-Front.pdf Graphic file (type pdf)
<use tiles/mahjong-Front.pdf>
File: tiles/mahjong-2p.pdf Graphic file (type pdf)
<use tiles/mahjong-2p.pdf>
File: tiles/mahjong-Front.pdf Graphic file (type pdf)
<use tiles/mahjong-Front.pdf>
File: tiles/mahjong-5p.pdf Graphic file (type pdf)
<use tiles/mahjong-5p.pdf>
File: tiles/mahjong-Front.pdf Graphic file (type pdf)
<use tiles/mahjong-Front.pdf>
File: tiles/mahjong-1s.pdf Graphic file (type pdf)
<use tiles/mahjong-1s.pdf>
File: tiles/mahjong-Front.pdf Graphic file (type pdf)
<use tiles/mahjong-Front.pdf>
File: tiles/mahjong-6s.pdf Graphic file (type pdf)
<use tiles/mahjong-6s.pdf>
File: tiles/mahjong-Front.pdf Graphic file (type pdf)
<use tiles/mahjong-Front.pdf>
File: tiles/mahjong-6s.pdf Graphic file (type pdf)
<use tiles/mahjong-6s.pdf>
File: tiles/mahjong-Front.pdf Graphic file (type pdf)
<use tiles/mahjong-Front.pdf>
File: tiles/mahjong-8s.pdf Graphic file (type pdf)
<use tiles/mahjong-8s.pdf>
File: tiles/mahjong-Front.pdf Graphic file (type pdf)
<use tiles/mahjong-Front.pdf>
File: tiles/mahjong-4z.pdf Graphic file (type pdf)
<use tiles/mahjong-4z.pdf>
File: tiles/mahjong-Front.pdf Graphic file (type pdf)
<use tiles/mahjong-Front.pdf>
File: tiles/mahjong-4z.pdf Graphic file (type pdf)
<use tiles/mahjong-4z.pdf>
File: tiles/mahjong-Space.pdf Graphic file (type pdf)
<use tiles/mahjong-Space.pdf>
File: tiles/mahjong-Front.pdf Graphic file (type pdf)
<use tiles/mahjong-Front.pdf>
File: tiles/mahjong-5z.pdf Graphic file (type pdf)
<use tiles/mahjong-5z.pdf>
File: tiles/mahjong-Front.pdf Graphic file (type pdf)
<use tiles/mahjong-Front.pdf>
File: tiles/mahjong-7s.pdf Graphic file (type pdf)
<use tiles/mahjong-7s.pdf>
File: tiles/mahjong-Front.pdf Graphic file (type pdf)
<use tiles/mahjong-Front.pdf>
File: tiles/mahjong-6m.pdf Graphic file (type pdf)
<use tiles/mahjong-6m.pdf>
File: tiles/mahjong-Front.pdf Graphic file (type pdf)
<use tiles/mahjong-Front.pdf>
File: tiles/mahjong-8m.pdf Graphic file (type pdf)
<use tiles/mahjong-8m.pdf>
File: tiles/mahjong-Front.pdf Graphic file (type pdf)
<use tiles/mahjong-Front.pdf>
File: tiles/mahjong-8m.pdf Graphic file (type pdf)
<use tiles/mahjong-8m.pdf>
File: tiles/mahjong-Front.pdf Graphic file (type pdf)
<use tiles/mahjong-Front.pdf>
File: tiles/mahjong-9m.pdf Graphic file (type pdf)
<use tiles/mahjong-9m.pdf>
File: tiles/mahjong-Front.pdf Graphic file (type pdf)
<use tiles/mahjong-Front.pdf>
File: tiles/mahjong-1p.pdf Graphic file (type pdf)
<use tiles/mahjong-1p.pdf>
File: tiles/mahjong-Front.pdf Graphic file (type pdf)
<use tiles/mahjong-Front.pdf>
File: tiles/mahjong-2p.pdf Graphic file (type pdf)
<use tiles/mahjong-2p.pdf>
File: tiles/mahjong-Front.pdf Graphic file (type pdf)
<use tiles/mahjong-Front.pdf>
File: tiles/mahjong-5p.pdf Graphic file (type pdf)
<use tiles/mahjong-5p.pdf>
File: tiles/mahjong-Front.pdf Graphic file (type pdf)
<use tiles/mahjong-Front.pdf>
File: tiles/mahjong-6s.pdf Graphic file (type pdf)
<use tiles/mahjong-6s.pdf>
File: tiles/mahjong-Front.pdf Graphic file (type pdf)
<use tiles/mahjong-Front.pdf>
File: tiles/mahjong-6s.pdf Graphic file (type pdf)
<use tiles/mahjong-6s.pdf>
File: tiles/mahjong-Front.pdf Graphic file (type pdf)
<use tiles/mahjong-Front.pdf>
File: tiles/mahjong-8s.pdf Graphic file (type pdf)
<use tiles/mahjong-8s.pdf>
File: tiles/mahjong-Front.pdf Graphic file (type pdf)
<use tiles/mahjong-Front.pdf>
File: tiles/mahjong-4z.pdf Graphic file (type pdf)
<use tiles/mahjong-4z.pdf>
File: tiles/mahjong-Front.pdf Graphic file (type pdf)
<use tiles/mahjong-Front.pdf>
File: tiles/mahjong-4z.pdf Graphic file (type pdf)
<use tiles/mahjong-4z.pdf>
File: tiles/mahjong-Front.pdf Graphic file (type pdf)
<use tiles/mahjong-Front.pdf>
File: tiles/mahjong-5z.pdf Graphic file (type pdf)
<use tiles/mahjong-5z.pdf>
File: tiles/mahjong-Space.pdf Graphic file (type pdf)
<use tiles/mahjong-Space.pdf>
File: tiles/mahjong-Front.pdf Graphic file (type pdf)
<use tiles/mahjong-Front.pdf>
File: tiles/mahjong-2z.pdf Graphic file (type pdf)
<use tiles/mahjong-2z.pdf>
File: tiles/mahjong-Front.pdf Graphic file (type pdf)
<use tiles/mahjong-Front.pdf>
File: tiles/mahjong-7s.pdf Graphic file (type pdf)
<use tiles/mahjong-7s.pdf>
File: tiles/mahjong-Front.pdf Graphic file (type pdf)
<use tiles/mahjong-Front.pdf>
File: tiles/mahjong-6m.pdf Graphic file (type pdf)
<use tiles/mahjong-6m.pdf>
File: tiles/mahjong-Front.pdf Graphic file (type pdf)
<use tiles/mahjong-Front.pdf>
File: tiles/mahjong-8m.pdf Graphic file (type pdf)
<use tiles/mahjong-8m.pdf>
File: tiles/mahjong-Front.pdf Graphic file (type pdf)
<use tiles/mahjong-Front.pdf>
File: tiles/mahjong-8m.pdf Graphic file (type pdf)
<use tiles/mahjong-8m.pdf>
File: tiles/mahjong-Front.pdf Graphic file (type pdf)
<use tiles/mahjong-Front.pdf>
File: tiles/mahjong-9m.pdf Graphic file (type pdf)
<use tiles/mahjong-9m.pdf>
File: tiles/mahjong-Front.pdf Graphic file (type pdf)
<use tiles/mahjong-Front.pdf>
File: tiles/mahjong-1p.pdf Graphic file (type pdf)
<use tiles/mahjong-1p.pdf>
File: tiles/mahjong-Front.pdf Graphic file (type pdf)
<use tiles/mahjong-Front.pdf>
File: tiles/mahjong-2p.pdf Graphic file (type pdf)
<use tiles/mahjong-2p.pdf>
File: tiles/mahjong-Front.pdf Graphic file (type pdf)
<use tiles/mahjong-Front.pdf>
File: tiles/mahjong-5p.pdf Graphic file (type pdf)
<use tiles/mahjong-5p.pdf>
File: tiles/mahjong-Front.pdf Graphic file (type pdf)
<use tiles/mahjong-Front.pdf>
File: tiles/mahjong-2s.pdf Graphic file (type pdf)
<use tiles/mahjong-2s.pdf>
File: tiles/mahjong-Front.pdf Graphic file (type pdf)
<use tiles/mahjong-Front.pdf>
File: tiles/mahjong-6s.pdf Graphic file (type pdf)
<use tiles/mahjong-6s.pdf>
File: tiles/mahjong-Front.pdf Graphic file (type pdf)
<use tiles/mahjong-Front.pdf>
File: tiles/mahjong-6s.pdf Graphic file (type pdf)
<use tiles/mahjong-6s.pdf>
File: tiles/mahjong-Front.pdf Graphic file (type pdf)
<use tiles/mahjong-Front.pdf>
File: tiles/mahjong-8s.pdf Graphic file (type pdf)
<use tiles/mahjong-8s.pdf>
File: tiles/mahjong-Front.pdf Graphic file (type pdf)
<use tiles/mahjong-Front.pdf>
File: tiles/mahjong-4z.pdf Graphic file (type pdf)
<use tiles/mahjong-4z.pdf>
File: tiles/mahjong-Front.pdf Graphic file (type pdf)
<use tiles/mahjong-Front.pdf>
File: tiles/mahjong-4z.pdf Graphic file (type pdf)
<use tiles/mahjong-4z.pdf>
File: tiles/mahjong-Space.pdf Graphic file (type pdf)
<use tiles/mahjong-Space.pdf>
File: tiles/mahjong-Front.pdf Graphic file (type pdf)
<use tiles/mahjong-Front.pdf>
File: tiles/mahjong-5z.pdf Graphic file (type pdf)
<use tiles/mahjong-5z.pdf>
File: tiles/mahjong-Front.pdf Graphic file (type pdf)
<use tiles/mahjong-Front.pdf>
File: tiles/mahjong-9m.pdf Graphic file (type pdf)
<use tiles/mahjong-9m.pdf>
[7]
File: tiles/mahjong-Front.pdf Graphic file (type pdf)
<use tiles/mahjong-Front.pdf>
File: tiles/mahjong-7s.pdf Graphic file (type pdf)
<use tiles/mahjong-7s.pdf>
File: tiles/mahjong-Front.pdf Graphic file (type pdf)
<use tiles/mahjong-Front.pdf>
File: tiles/mahjong-2m.pdf Graphic file (type pdf)
<use tiles/mahjong-2m.pdf>
File: tiles/mahjong-Front.pdf Graphic file (type pdf)
<use tiles/mahjong-Front.pdf>
File: tiles/mahjong-6m.pdf Graphic file (type pdf)
<use tiles/mahjong-6m.pdf>
File: tiles/mahjong-Front.pdf Graphic file (type pdf)
<use tiles/mahjong-Front.pdf>
File: tiles/mahjong-8m.pdf Graphic file (type pdf)
<use tiles/mahjong-8m.pdf>
File: tiles/mahjong-Front.pdf Graphic file (type pdf)
<use tiles/mahjong-Front.pdf>
File: tiles/mahjong-8m.pdf Graphic file (type pdf)
<use tiles/mahjong-8m.pdf>
File: tiles/mahjong-Front.pdf Graphic file (type pdf)
<use tiles/mahjong-Front.pdf>
File: tiles/mahjong-9m.pdf Graphic file (type pdf)
<use tiles/mahjong-9m.pdf>
File: tiles/mahjong-Front.pdf Graphic file (type pdf)
<use tiles/mahjong-Front.pdf>
File: tiles/mahjong-2p.pdf Graphic file (type pdf)
<use tiles/mahjong-2p.pdf>
File: tiles/mahjong-Front.pdf Graphic file (type pdf)
<use tiles/mahjong-Front.pdf>
File: tiles/mahjong-3p.pdf Graphic file (type pdf)
<use tiles/mahjong-3p.pdf>
File: tiles/mahjong-Front.pdf Graphic file (type pdf)
<use tiles/mahjong-Front.pdf>
File: tiles/mahjong-7p.pdf Graphic file (type pdf)
<use tiles/mahjong-7p.pdf>
File: tiles/mahjong-Front.pdf Graphic file (type pdf)
<use tiles/mahjong-Front.pdf>
File: tiles/mahjong-4s.pdf Graphic file (type pdf)
<use tiles/mahjong-4s.pdf>
File: tiles/mahjong-Front.pdf Graphic file (type pdf)
<use tiles/mahjong-Front.pdf>
File: tiles/mahjong-5s.pdf Graphic file (type pdf)
<use tiles/mahjong-5s.pdf>
File: tiles/mahjong-Front.pdf Graphic file (type pdf)
<use tiles/mahjong-Front.pdf>
File: tiles/mahjong-6s.pdf Graphic file (type pdf)
<use tiles/mahjong-6s.pdf>
File: tiles/mahjong-Front.pdf Graphic file (type pdf)
<use tiles/mahjong-Front.pdf>
File: tiles/mahjong-4z.pdf Graphic file (type pdf)
<use tiles/mahjong-4z.pdf>
File: tiles/mahjong-Front.pdf Graphic file (type pdf)
<use tiles/mahjong-Front.pdf>
File: tiles/mahjong-4z.pdf Graphic file (type pdf)
<use tiles/mahjong-4z.pdf>
File: tiles/mahjong-Space.pdf Graphic file (type pdf)
<use tiles/mahjong-Space.pdf>
File: tiles/mahjong-Front.pdf Graphic file (type pdf)
<use tiles/mahjong-Front.pdf>
File: tiles/mahjong-5z.pdf Graphic file (type pdf)
<use tiles/mahjong-5z.pdf>
File: tiles/mahjong-Front.pdf Graphic file (type pdf)
<use tiles/mahjong-Front.pdf>
File: tiles/mahjong-1p.pdf Graphic file (type pdf)
<use tiles/mahjong-1p.pdf>
File: tiles/mahjong-Front.pdf Graphic file (type pdf)
<use tiles/mahjong-Front.pdf>
File: tiles/mahjong-Blank.pdf Graphic file (type pdf)
<use tiles/mahjong-Blank.pdf>
File: tiles/mahjong-Front.pdf Graphic file (type pdf)
<use tiles/mahjong-Front.pdf>
File: tiles/mahjong-6m.pdf Graphic file (type pdf)
<use tiles/mahjong-6m.pdf>
File: tiles/mahjong-Front.pdf Graphic file (type pdf)
<use tiles/mahjong-Front.pdf>
File: tiles/mahjong-7m.pdf Graphic file (type pdf)
<use tiles/mahjong-7m.pdf>
File: tiles/mahjong-Front.pdf Graphic file (type pdf)
<use tiles/mahjong-Front.pdf>
File: tiles/mahjong-1p.pdf Graphic file (type pdf)
<use tiles/mahjong-1p.pdf>
File: tiles/mahjong-Front.pdf Graphic file (type pdf)
<use tiles/mahjong-Front.pdf>
File: tiles/mahjong-3p.pdf Graphic file (type pdf)
<use tiles/mahjong-3p.pdf>
File: tiles/mahjong-Front.pdf Graphic file (type pdf)
<use tiles/mahjong-Front.pdf>
File: tiles/mahjong-4p.pdf Graphic file (type pdf)
<use tiles/mahjong-4p.pdf>
File: tiles/mahjong-Front.pdf Graphic file (type pdf)
<use tiles/mahjong-Front.pdf>
File: tiles/mahjong-1s.pdf Graphic file (type pdf)
<use tiles/mahjong-1s.pdf>
File: tiles/mahjong-Front.pdf Graphic file (type pdf)
<use tiles/mahjong-Front.pdf>
File: tiles/mahjong-1s.pdf Graphic file (type pdf)
<use tiles/mahjong-1s.pdf>
File: tiles/mahjong-Front.pdf Graphic file (type pdf)
<use tiles/mahjong-Front.pdf>
File: tiles/mahjong-Blank.pdf Graphic file (type pdf)
<use tiles/mahjong-Blank.pdf>
File: tiles/mahjong-Front.pdf Graphic file (type pdf)
<use tiles/mahjong-Front.pdf>
File: tiles/mahjong-6s.pdf Graphic file (type pdf)
<use tiles/mahjong-6s.pdf>
File: tiles/mahjong-Front.pdf Graphic file (type pdf)
<use tiles/mahjong-Front.pdf>
File: tiles/mahjong-7s.pdf Graphic file (type pdf)
<use tiles/mahjong-7s.pdf>
File: tiles/mahjong-Space.pdf Graphic file (type pdf)
<use tiles/mahjong-Space.pdf>
File: tiles/mahjong-Front.pdf Graphic file (type pdf)
<use tiles/mahjong-Front.pdf>
File: tiles/mahjong-7z.pdf Graphic file (type pdf)
<use tiles/mahjong-7z.pdf>
File: tiles/mahjong-Front.pdf Graphic file (type pdf)
<use tiles/mahjong-Front.pdf>
File: tiles/mahjong-7z.pdf Graphic file (type pdf)
<use tiles/mahjong-7z.pdf>
File: tiles/mahjong-Front.pdf Graphic file (type pdf)
<use tiles/mahjong-Front.pdf>
File: tiles/mahjong-7z.pdf Graphic file (type pdf)
<use tiles/mahjong-7z.pdf>
File: tiles/mahjong-Front.pdf Graphic file (type pdf)
<use tiles/mahjong-Front.pdf>
File: tiles/mahjong-Blank.pdf Graphic file (type pdf)
<use tiles/mahjong-Blank.pdf>
File: tiles/mahjong-Front.pdf Graphic file (type pdf)
<use tiles/mahjong-Front.pdf>
File: tiles/mahjong-1p.pdf Graphic file (type pdf)
<use tiles/mahjong-1p.pdf>
File: tiles/mahjong-Front.pdf Graphic file (type pdf)
<use tiles/mahjong-Front.pdf>
File: tiles/mahjong-4p.pdf Graphic file (type pdf)
<use tiles/mahjong-4p.pdf>
File: tiles/mahjong-Front.pdf Graphic file (type pdf)
<use tiles/mahjong-Front.pdf>
File: tiles/mahjong-5m.pdf Graphic file (type pdf)
<use tiles/mahjong-5m.pdf>
File: tiles/mahjong-Front.pdf Graphic file (type pdf)
<use tiles/mahjong-Front.pdf>
File: tiles/mahjong-5s.pdf Graphic file (type pdf)
<use tiles/mahjong-5s.pdf>
File: tiles/mahjong-Front.pdf Graphic file (type pdf)
<use tiles/mahjong-Front.pdf>
File: tiles/mahjong-5m.pdf Graphic file (type pdf)
<use tiles/mahjong-5m.pdf>
File: tiles/mahjong-Front.pdf Graphic file (type pdf)
<use tiles/mahjong-Front.pdf>
File: tiles/mahjong-0s.pdf Graphic file (type pdf)
<use tiles/mahjong-0s.pdf>
File: tiles/mahjong-Front.pdf Graphic file (type pdf)
<use tiles/mahjong-Front.pdf>
File: tiles/mahjong-0m.pdf Graphic file (type pdf)
<use tiles/mahjong-0m.pdf>
File: tiles/mahjong-Front.pdf Graphic file (type pdf)
<use tiles/mahjong-Front.pdf>
File: tiles/mahjong-0s.pdf Graphic file (type pdf)
<use tiles/mahjong-0s.pdf>
File: tiles/mahjong-Front.pdf Graphic file (type pdf)
<use tiles/mahjong-Front.pdf>
File: tiles/mahjong-2p.pdf Graphic file (type pdf)
<use tiles/mahjong-2p.pdf>
File: tiles/mahjong-Front.pdf Graphic file (type pdf)
<use tiles/mahjong-Front.pdf>
File: tiles/mahjong-2p.pdf Graphic file (type pdf)
<use tiles/mahjong-2p.pdf>
File: tiles/mahjong-Front.pdf Graphic file (type pdf)
<use tiles/mahjong-Front.pdf>
File: tiles/mahjong-5p.pdf Graphic file (type pdf)
<use tiles/mahjong-5p.pdf>
File: tiles/mahjong-Front.pdf Graphic file (type pdf)
<use tiles/mahjong-Front.pdf>
File: tiles/mahjong-1p.pdf Graphic file (type pdf)
<use tiles/mahjong-1p.pdf>
File: tiles/mahjong-Front.pdf Graphic file (type pdf)
<use tiles/mahjong-Front.pdf>
File: tiles/mahjong-1p.pdf Graphic file (type pdf)
<use tiles/mahjong-1p.pdf>
File: tiles/mahjong-Front.pdf Graphic file (type pdf)
<use tiles/mahjong-Front.pdf>
File: tiles/mahjong-1s.pdf Graphic file (type pdf)
<use tiles/mahjong-1s.pdf>
File: tiles/mahjong-Front.pdf Graphic file (type pdf)
<use tiles/mahjong-Front.pdf>
File: tiles/mahjong-1p.pdf Graphic file (type pdf)
<use tiles/mahjong-1p.pdf>
File: tiles/mahjong-Front.pdf Graphic file (type pdf)
<use tiles/mahjong-Front.pdf>
File: tiles/mahjong-1p.pdf Graphic file (type pdf)
<use tiles/mahjong-1p.pdf>
File: tiles/mahjong-Front.pdf Graphic file (type pdf)
<use tiles/mahjong-Front.pdf>
File: tiles/mahjong-4p.pdf Graphic file (type pdf)
<use tiles/mahjong-4p.pdf>


Package natbib Warning: Citation `yuusee-134' on page 8 undefined on input line
 710.

File: tiles/mahjong-Front.pdf Graphic file (type pdf)
<use tiles/mahjong-Front.pdf>
File: tiles/mahjong-0m.pdf Graphic file (type pdf)
<use tiles/mahjong-0m.pdf>
File: tiles/mahjong-Front.pdf Graphic file (type pdf)
<use tiles/mahjong-Front.pdf>
File: tiles/mahjong-7m.pdf Graphic file (type pdf)
<use tiles/mahjong-7m.pdf>
File: tiles/mahjong-Front.pdf Graphic file (type pdf)
<use tiles/mahjong-Front.pdf>
File: tiles/mahjong-8m.pdf Graphic file (type pdf)
<use tiles/mahjong-8m.pdf>
File: tiles/mahjong-Front.pdf Graphic file (type pdf)
<use tiles/mahjong-Front.pdf>
File: tiles/mahjong-0m.pdf Graphic file (type pdf)
<use tiles/mahjong-0m.pdf>
File: tiles/mahjong-Front.pdf Graphic file (type pdf)
<use tiles/mahjong-Front.pdf>
File: tiles/mahjong-0m.pdf Graphic file (type pdf)
<use tiles/mahjong-0m.pdf>
File: tiles/mahjong-Front.pdf Graphic file (type pdf)
<use tiles/mahjong-Front.pdf>
File: tiles/mahjong-0m.pdf Graphic file (type pdf)
<use tiles/mahjong-0m.pdf>
File: tiles/mahjong-Front.pdf Graphic file (type pdf)
<use tiles/mahjong-Front.pdf>
File: tiles/mahjong-7m.pdf Graphic file (type pdf)
<use tiles/mahjong-7m.pdf>
File: tiles/mahjong-Front.pdf Graphic file (type pdf)
<use tiles/mahjong-Front.pdf>
File: tiles/mahjong-8m.pdf Graphic file (type pdf)
<use tiles/mahjong-8m.pdf>
File: tiles/mahjong-Front.pdf Graphic file (type pdf)
<use tiles/mahjong-Front.pdf>
File: tiles/mahjong-0m.pdf Graphic file (type pdf)
<use tiles/mahjong-0m.pdf>
File: tiles/mahjong-Front.pdf Graphic file (type pdf)
<use tiles/mahjong-Front.pdf>
File: tiles/mahjong-7m.pdf Graphic file (type pdf)
<use tiles/mahjong-7m.pdf>
File: tiles/mahjong-Front.pdf Graphic file (type pdf)
<use tiles/mahjong-Front.pdf>
File: tiles/mahjong-8m.pdf Graphic file (type pdf)
<use tiles/mahjong-8m.pdf>
File: tiles/mahjong-Front.pdf Graphic file (type pdf)
<use tiles/mahjong-Front.pdf>
File: tiles/mahjong-0m.pdf Graphic file (type pdf)
<use tiles/mahjong-0m.pdf>
File: tiles/mahjong-Front.pdf Graphic file (type pdf)
<use tiles/mahjong-Front.pdf>
File: tiles/mahjong-7m.pdf Graphic file (type pdf)
<use tiles/mahjong-7m.pdf>
File: tiles/mahjong-Front.pdf Graphic file (type pdf)
<use tiles/mahjong-Front.pdf>
File: tiles/mahjong-8m.pdf Graphic file (type pdf)
<use tiles/mahjong-8m.pdf>
File: tiles/mahjong-Front.pdf Graphic file (type pdf)
<use tiles/mahjong-Front.pdf>
File: tiles/mahjong-2p.pdf Graphic file (type pdf)
<use tiles/mahjong-2p.pdf>
File: tiles/mahjong-Front.pdf Graphic file (type pdf)
<use tiles/mahjong-Front.pdf>
File: tiles/mahjong-3p.pdf Graphic file (type pdf)
<use tiles/mahjong-3p.pdf>
File: tiles/mahjong-Front.pdf Graphic file (type pdf)
<use tiles/mahjong-Front.pdf>
File: tiles/mahjong-5p.pdf Graphic file (type pdf)
<use tiles/mahjong-5p.pdf>
File: tiles/mahjong-Front.pdf Graphic file (type pdf)
<use tiles/mahjong-Front.pdf>
File: tiles/mahjong-5p.pdf Graphic file (type pdf)
<use tiles/mahjong-5p.pdf>
File: tiles/mahjong-Front.pdf Graphic file (type pdf)
<use tiles/mahjong-Front.pdf>
File: tiles/mahjong-7p.pdf Graphic file (type pdf)
<use tiles/mahjong-7p.pdf>
File: tiles/mahjong-Front.pdf Graphic file (type pdf)
<use tiles/mahjong-Front.pdf>
File: tiles/mahjong-2s.pdf Graphic file (type pdf)
<use tiles/mahjong-2s.pdf>
File: tiles/mahjong-Front.pdf Graphic file (type pdf)
<use tiles/mahjong-Front.pdf>
File: tiles/mahjong-2s.pdf Graphic file (type pdf)
<use tiles/mahjong-2s.pdf>
File: tiles/mahjong-Front.pdf Graphic file (type pdf)
<use tiles/mahjong-Front.pdf>
File: tiles/mahjong-4s.pdf Graphic file (type pdf)
<use tiles/mahjong-4s.pdf>
File: tiles/mahjong-Front.pdf Graphic file (type pdf)
<use tiles/mahjong-Front.pdf>
File: tiles/mahjong-7s.pdf Graphic file (type pdf)
<use tiles/mahjong-7s.pdf>
File: tiles/mahjong-Front.pdf Graphic file (type pdf)
<use tiles/mahjong-Front.pdf>
File: tiles/mahjong-8s.pdf Graphic file (type pdf)
<use tiles/mahjong-8s.pdf>
File: tiles/mahjong-Space.pdf Graphic file (type pdf)
<use tiles/mahjong-Space.pdf>
File: tiles/mahjong-Front.pdf Graphic file (type pdf)
<use tiles/mahjong-Front.pdf>
File: tiles/mahjong-7s.pdf Graphic file (type pdf)
<use tiles/mahjong-7s.pdf>
File: tiles/mahjong-Front.pdf Graphic file (type pdf)
<use tiles/mahjong-Front.pdf>
File: tiles/mahjong-0m.pdf Graphic file (type pdf)
<use tiles/mahjong-0m.pdf>
File: tiles/mahjong-Front.pdf Graphic file (type pdf)
<use tiles/mahjong-Front.pdf>
File: tiles/mahjong-7m.pdf Graphic file (type pdf)
<use tiles/mahjong-7m.pdf>
File: tiles/mahjong-Front.pdf Graphic file (type pdf)
<use tiles/mahjong-Front.pdf>
File: tiles/mahjong-8m.pdf Graphic file (type pdf)
<use tiles/mahjong-8m.pdf>
File: tiles/mahjong-Front.pdf Graphic file (type pdf)
<use tiles/mahjong-Front.pdf>
File: tiles/mahjong-2p.pdf Graphic file (type pdf)
<use tiles/mahjong-2p.pdf>
File: tiles/mahjong-Front.pdf Graphic file (type pdf)
<use tiles/mahjong-Front.pdf>
File: tiles/mahjong-3p.pdf Graphic file (type pdf)
<use tiles/mahjong-3p.pdf>
File: tiles/mahjong-Front.pdf Graphic file (type pdf)
<use tiles/mahjong-Front.pdf>
File: tiles/mahjong-5p.pdf Graphic file (type pdf)
<use tiles/mahjong-5p.pdf>
File: tiles/mahjong-Front.pdf Graphic file (type pdf)
<use tiles/mahjong-Front.pdf>
File: tiles/mahjong-5p.pdf Graphic file (type pdf)
<use tiles/mahjong-5p.pdf>
File: tiles/mahjong-Front.pdf Graphic file (type pdf)
<use tiles/mahjong-Front.pdf>
File: tiles/mahjong-7p.pdf Graphic file (type pdf)
<use tiles/mahjong-7p.pdf>
File: tiles/mahjong-Front.pdf Graphic file (type pdf)
<use tiles/mahjong-Front.pdf>
File: tiles/mahjong-2s.pdf Graphic file (type pdf)
<use tiles/mahjong-2s.pdf>
File: tiles/mahjong-Front.pdf Graphic file (type pdf)
<use tiles/mahjong-Front.pdf>
File: tiles/mahjong-2s.pdf Graphic file (type pdf)
<use tiles/mahjong-2s.pdf>
File: tiles/mahjong-Front.pdf Graphic file (type pdf)
<use tiles/mahjong-Front.pdf>
File: tiles/mahjong-4s.pdf Graphic file (type pdf)
<use tiles/mahjong-4s.pdf>
File: tiles/mahjong-Front.pdf Graphic file (type pdf)
<use tiles/mahjong-Front.pdf>
File: tiles/mahjong-7s.pdf Graphic file (type pdf)
<use tiles/mahjong-7s.pdf>
File: tiles/mahjong-Front.pdf Graphic file (type pdf)
<use tiles/mahjong-Front.pdf>
File: tiles/mahjong-8s.pdf Graphic file (type pdf)
<use tiles/mahjong-8s.pdf>
File: tiles/mahjong-Space.pdf Graphic file (type pdf)
<use tiles/mahjong-Space.pdf>
File: tiles/mahjong-Front.pdf Graphic file (type pdf)
<use tiles/mahjong-Front.pdf>
File: tiles/mahjong-1p.pdf Graphic file (type pdf)
<use tiles/mahjong-1p.pdf>
File: tiles/mahjong-Front.pdf Graphic file (type pdf)
<use tiles/mahjong-Front.pdf>
File: tiles/mahjong-0m.pdf Graphic file (type pdf)
<use tiles/mahjong-0m.pdf>
File: tiles/mahjong-Front.pdf Graphic file (type pdf)
<use tiles/mahjong-Front.pdf>
File: tiles/mahjong-7m.pdf Graphic file (type pdf)
<use tiles/mahjong-7m.pdf>
File: tiles/mahjong-Front.pdf Graphic file (type pdf)
<use tiles/mahjong-Front.pdf>
File: tiles/mahjong-8m.pdf Graphic file (type pdf)
<use tiles/mahjong-8m.pdf>
File: tiles/mahjong-Front.pdf Graphic file (type pdf)
<use tiles/mahjong-Front.pdf>
File: tiles/mahjong-2p.pdf Graphic file (type pdf)
<use tiles/mahjong-2p.pdf>
File: tiles/mahjong-Front.pdf Graphic file (type pdf)
<use tiles/mahjong-Front.pdf>
File: tiles/mahjong-4p.pdf Graphic file (type pdf)
<use tiles/mahjong-4p.pdf>
File: tiles/mahjong-Front.pdf Graphic file (type pdf)
<use tiles/mahjong-Front.pdf>
File: tiles/mahjong-5p.pdf Graphic file (type pdf)
<use tiles/mahjong-5p.pdf>
File: tiles/mahjong-Front.pdf Graphic file (type pdf)
<use tiles/mahjong-Front.pdf>
File: tiles/mahjong-6p.pdf Graphic file (type pdf)
<use tiles/mahjong-6p.pdf>
File: tiles/mahjong-Front.pdf Graphic file (type pdf)
<use tiles/mahjong-Front.pdf>
File: tiles/mahjong-6s.pdf Graphic file (type pdf)
<use tiles/mahjong-6s.pdf>
File: tiles/mahjong-Front.pdf Graphic file (type pdf)
<use tiles/mahjong-Front.pdf>
File: tiles/mahjong-8s.pdf Graphic file (type pdf)
<use tiles/mahjong-8s.pdf>
File: tiles/mahjong-Front.pdf Graphic file (type pdf)
<use tiles/mahjong-Front.pdf>
File: tiles/mahjong-8s.pdf Graphic file (type pdf)
<use tiles/mahjong-8s.pdf>
File: tiles/mahjong-Front.pdf Graphic file (type pdf)
<use tiles/mahjong-Front.pdf>
File: tiles/mahjong-5z.pdf Graphic file (type pdf)
<use tiles/mahjong-5z.pdf>
File: tiles/mahjong-Front.pdf Graphic file (type pdf)
<use tiles/mahjong-Front.pdf>
File: tiles/mahjong-5z.pdf Graphic file (type pdf)
<use tiles/mahjong-5z.pdf>
File: tiles/mahjong-Front.pdf Graphic file (type pdf)
<use tiles/mahjong-Front.pdf>
File: tiles/mahjong-5z.pdf Graphic file (type pdf)
<use tiles/mahjong-5z.pdf>
File: tiles/mahjong-Space.pdf Graphic file (type pdf)
<use tiles/mahjong-Space.pdf>
File: tiles/mahjong-Front.pdf Graphic file (type pdf)
<use tiles/mahjong-Front.pdf>
File: tiles/mahjong-2p.pdf Graphic file (type pdf)
<use tiles/mahjong-2p.pdf>
File: tiles/mahjong-Front.pdf Graphic file (type pdf)
<use tiles/mahjong-Front.pdf>
File: tiles/mahjong-0m.pdf Graphic file (type pdf)
<use tiles/mahjong-0m.pdf>
File: tiles/mahjong-Front.pdf Graphic file (type pdf)
<use tiles/mahjong-Front.pdf>
File: tiles/mahjong-7m.pdf Graphic file (type pdf)
<use tiles/mahjong-7m.pdf>
File: tiles/mahjong-Front.pdf Graphic file (type pdf)
<use tiles/mahjong-Front.pdf>
File: tiles/mahjong-8m.pdf Graphic file (type pdf)
<use tiles/mahjong-8m.pdf>
File: tiles/mahjong-Front.pdf Graphic file (type pdf)
<use tiles/mahjong-Front.pdf>
File: tiles/mahjong-2p.pdf Graphic file (type pdf)
<use tiles/mahjong-2p.pdf>
File: tiles/mahjong-Front.pdf Graphic file (type pdf)
<use tiles/mahjong-Front.pdf>
File: tiles/mahjong-2p.pdf Graphic file (type pdf)
<use tiles/mahjong-2p.pdf>
File: tiles/mahjong-Front.pdf Graphic file (type pdf)
<use tiles/mahjong-Front.pdf>
File: tiles/mahjong-4p.pdf Graphic file (type pdf)
<use tiles/mahjong-4p.pdf>
File: tiles/mahjong-Front.pdf Graphic file (type pdf)
<use tiles/mahjong-Front.pdf>
File: tiles/mahjong-5p.pdf Graphic file (type pdf)
<use tiles/mahjong-5p.pdf>
File: tiles/mahjong-Front.pdf Graphic file (type pdf)
<use tiles/mahjong-Front.pdf>
File: tiles/mahjong-6p.pdf Graphic file (type pdf)
<use tiles/mahjong-6p.pdf>
File: tiles/mahjong-Front.pdf Graphic file (type pdf)
<use tiles/mahjong-Front.pdf>
File: tiles/mahjong-2s.pdf Graphic file (type pdf)
<use tiles/mahjong-2s.pdf>
File: tiles/mahjong-Front.pdf Graphic file (type pdf)
<use tiles/mahjong-Front.pdf>
File: tiles/mahjong-2s.pdf Graphic file (type pdf)
<use tiles/mahjong-2s.pdf>
File: tiles/mahjong-Front.pdf Graphic file (type pdf)
<use tiles/mahjong-Front.pdf>
File: tiles/mahjong-2s.pdf Graphic file (type pdf)
<use tiles/mahjong-2s.pdf>
File: tiles/mahjong-Front.pdf Graphic file (type pdf)
<use tiles/mahjong-Front.pdf>
File: tiles/mahjong-5s.pdf Graphic file (type pdf)
<use tiles/mahjong-5s.pdf>
File: tiles/mahjong-Front.pdf Graphic file (type pdf)
<use tiles/mahjong-Front.pdf>
File: tiles/mahjong-6s.pdf Graphic file (type pdf)
<use tiles/mahjong-6s.pdf>
File: tiles/mahjong-Space.pdf Graphic file (type pdf)
<use tiles/mahjong-Space.pdf>
File: tiles/mahjong-Front.pdf Graphic file (type pdf)
<use tiles/mahjong-Front.pdf>
File: tiles/mahjong-7s.pdf Graphic file (type pdf)
<use tiles/mahjong-7s.pdf>
File: tiles/mahjong-Front.pdf Graphic file (type pdf)
<use tiles/mahjong-Front.pdf>
File: tiles/mahjong-0m.pdf Graphic file (type pdf)
<use tiles/mahjong-0m.pdf>
File: tiles/mahjong-Front.pdf Graphic file (type pdf)
<use tiles/mahjong-Front.pdf>
File: tiles/mahjong-7m.pdf Graphic file (type pdf)
<use tiles/mahjong-7m.pdf>
File: tiles/mahjong-Front.pdf Graphic file (type pdf)
<use tiles/mahjong-Front.pdf>
File: tiles/mahjong-8m.pdf Graphic file (type pdf)
<use tiles/mahjong-8m.pdf>
File: tiles/mahjong-Front.pdf Graphic file (type pdf)
<use tiles/mahjong-Front.pdf>
File: tiles/mahjong-2p.pdf Graphic file (type pdf)
<use tiles/mahjong-2p.pdf>
File: tiles/mahjong-Front.pdf Graphic file (type pdf)
<use tiles/mahjong-Front.pdf>
File: tiles/mahjong-2p.pdf Graphic file (type pdf)
<use tiles/mahjong-2p.pdf>
File: tiles/mahjong-Front.pdf Graphic file (type pdf)
<use tiles/mahjong-Front.pdf>
File: tiles/mahjong-5p.pdf Graphic file (type pdf)
<use tiles/mahjong-5p.pdf>
File: tiles/mahjong-Front.pdf Graphic file (type pdf)
<use tiles/mahjong-Front.pdf>
File: tiles/mahjong-6p.pdf Graphic file (type pdf)
<use tiles/mahjong-6p.pdf>
File: tiles/mahjong-Front.pdf Graphic file (type pdf)
<use tiles/mahjong-Front.pdf>
File: tiles/mahjong-7p.pdf Graphic file (type pdf)
<use tiles/mahjong-7p.pdf>
File: tiles/mahjong-Front.pdf Graphic file (type pdf)
<use tiles/mahjong-Front.pdf>
File: tiles/mahjong-2s.pdf Graphic file (type pdf)
<use tiles/mahjong-2s.pdf>
File: tiles/mahjong-Front.pdf Graphic file (type pdf)
<use tiles/mahjong-Front.pdf>
File: tiles/mahjong-2s.pdf Graphic file (type pdf)
<use tiles/mahjong-2s.pdf>
File: tiles/mahjong-Front.pdf Graphic file (type pdf)
<use tiles/mahjong-Front.pdf>
File: tiles/mahjong-2s.pdf Graphic file (type pdf)
<use tiles/mahjong-2s.pdf>
File: tiles/mahjong-Front.pdf Graphic file (type pdf)
<use tiles/mahjong-Front.pdf>
File: tiles/mahjong-5s.pdf Graphic file (type pdf)
<use tiles/mahjong-5s.pdf>
File: tiles/mahjong-Front.pdf Graphic file (type pdf)
<use tiles/mahjong-Front.pdf>
File: tiles/mahjong-6s.pdf Graphic file (type pdf)
<use tiles/mahjong-6s.pdf>
File: tiles/mahjong-Space.pdf Graphic file (type pdf)
<use tiles/mahjong-Space.pdf>
File: tiles/mahjong-Front.pdf Graphic file (type pdf)
<use tiles/mahjong-Front.pdf>
File: tiles/mahjong-7s.pdf Graphic file (type pdf)
<use tiles/mahjong-7s.pdf>
File: tiles/mahjong-Front.pdf Graphic file (type pdf)
<use tiles/mahjong-Front.pdf>
File: tiles/mahjong-0m.pdf Graphic file (type pdf)
<use tiles/mahjong-0m.pdf>
File: tiles/mahjong-Front.pdf Graphic file (type pdf)
<use tiles/mahjong-Front.pdf>
File: tiles/mahjong-7m.pdf Graphic file (type pdf)
<use tiles/mahjong-7m.pdf>
File: tiles/mahjong-Front.pdf Graphic file (type pdf)
<use tiles/mahjong-Front.pdf>
File: tiles/mahjong-8m.pdf Graphic file (type pdf)
<use tiles/mahjong-8m.pdf>
File: tiles/mahjong-Front.pdf Graphic file (type pdf)
<use tiles/mahjong-Front.pdf>
File: tiles/mahjong-0m.pdf Graphic file (type pdf)
<use tiles/mahjong-0m.pdf>
File: tiles/mahjong-Front.pdf Graphic file (type pdf)
<use tiles/mahjong-Front.pdf>
File: tiles/mahjong-7m.pdf Graphic file (type pdf)
<use tiles/mahjong-7m.pdf>
File: tiles/mahjong-Front.pdf Graphic file (type pdf)
<use tiles/mahjong-Front.pdf>
File: tiles/mahjong-8m.pdf Graphic file (type pdf)
<use tiles/mahjong-8m.pdf>
File: tiles/mahjong-Front.pdf Graphic file (type pdf)
<use tiles/mahjong-Front.pdf>
File: tiles/mahjong-3m.pdf Graphic file (type pdf)
<use tiles/mahjong-3m.pdf>
File: tiles/mahjong-Front.pdf Graphic file (type pdf)
<use tiles/mahjong-Front.pdf>
File: tiles/mahjong-4m.pdf Graphic file (type pdf)
<use tiles/mahjong-4m.pdf>
File: tiles/mahjong-Front.pdf Graphic file (type pdf)
<use tiles/mahjong-Front.pdf>
File: tiles/mahjong-5m.pdf Graphic file (type pdf)
<use tiles/mahjong-5m.pdf>
File: tiles/mahjong-Front.pdf Graphic file (type pdf)
<use tiles/mahjong-Front.pdf>
File: tiles/mahjong-6m.pdf Graphic file (type pdf)
<use tiles/mahjong-6m.pdf>
File: tiles/mahjong-Front.pdf Graphic file (type pdf)
<use tiles/mahjong-Front.pdf>
File: tiles/mahjong-7m.pdf Graphic file (type pdf)
<use tiles/mahjong-7m.pdf>
File: tiles/mahjong-Front.pdf Graphic file (type pdf)
<use tiles/mahjong-Front.pdf>
File: tiles/mahjong-0m.pdf Graphic file (type pdf)
<use tiles/mahjong-0m.pdf>
File: tiles/mahjong-Front.pdf Graphic file (type pdf)
<use tiles/mahjong-Front.pdf>
File: tiles/mahjong-8m.pdf Graphic file (type pdf)
<use tiles/mahjong-8m.pdf>
File: tiles/mahjong-Front.pdf Graphic file (type pdf)
<use tiles/mahjong-Front.pdf>
File: tiles/mahjong-7s.pdf Graphic file (type pdf)
<use tiles/mahjong-7s.pdf>
File: tiles/mahjong-Front.pdf Graphic file (type pdf)
<use tiles/mahjong-Front.pdf>
File: tiles/mahjong-8s.pdf Graphic file (type pdf)
<use tiles/mahjong-8s.pdf>
File: tiles/mahjong-Front.pdf Graphic file (type pdf)
<use tiles/mahjong-Front.pdf>
File: tiles/mahjong-1p.pdf Graphic file (type pdf)
<use tiles/mahjong-1p.pdf>
File: tiles/mahjong-Front.pdf Graphic file (type pdf)
<use tiles/mahjong-Front.pdf>
File: tiles/mahjong-0m.pdf Graphic file (type pdf)
<use tiles/mahjong-0m.pdf>
File: tiles/mahjong-Front.pdf Graphic file (type pdf)
<use tiles/mahjong-Front.pdf>
File: tiles/mahjong-4s.pdf Graphic file (type pdf)
<use tiles/mahjong-4s.pdf>

Package natbib Warning: Citation `yuusee-578' on page 8 undefined on input line
 735.

File: tiles/mahjong-Front.pdf Graphic file (type pdf)
<use tiles/mahjong-Front.pdf>
File: tiles/mahjong-0m.pdf Graphic file (type pdf)
<use tiles/mahjong-0m.pdf>
File: tiles/mahjong-Front.pdf Graphic file (type pdf)
<use tiles/mahjong-Front.pdf>
File: tiles/mahjong-8m.pdf Graphic file (type pdf)
<use tiles/mahjong-8m.pdf>
File: tiles/mahjong-Front.pdf Graphic file (type pdf)
<use tiles/mahjong-Front.pdf>
File: tiles/mahjong-0m.pdf Graphic file (type pdf)
<use tiles/mahjong-0m.pdf>
File: tiles/mahjong-Front.pdf Graphic file (type pdf)
<use tiles/mahjong-Front.pdf>
File: tiles/mahjong-0m.pdf Graphic file (type pdf)
<use tiles/mahjong-0m.pdf>
File: tiles/mahjong-Front.pdf Graphic file (type pdf)
<use tiles/mahjong-Front.pdf>
File: tiles/mahjong-6m.pdf Graphic file (type pdf)
<use tiles/mahjong-6m.pdf>
File: tiles/mahjong-Front.pdf Graphic file (type pdf)
<use tiles/mahjong-Front.pdf>
File: tiles/mahjong-9m.pdf Graphic file (type pdf)
<use tiles/mahjong-9m.pdf>
File: tiles/mahjong-Front.pdf Graphic file (type pdf)
<use tiles/mahjong-Front.pdf>
File: tiles/mahjong-0m.pdf Graphic file (type pdf)
<use tiles/mahjong-0m.pdf>
File: tiles/mahjong-Front.pdf Graphic file (type pdf)
<use tiles/mahjong-Front.pdf>
File: tiles/mahjong-8m.pdf Graphic file (type pdf)
<use tiles/mahjong-8m.pdf>
File: tiles/mahjong-Front.pdf Graphic file (type pdf)
<use tiles/mahjong-Front.pdf>
File: tiles/mahjong-3m.pdf Graphic file (type pdf)
<use tiles/mahjong-3m.pdf>
File: tiles/mahjong-Front.pdf Graphic file (type pdf)
<use tiles/mahjong-Front.pdf>
File: tiles/mahjong-3m.pdf Graphic file (type pdf)
<use tiles/mahjong-3m.pdf>
File: tiles/mahjong-Front.pdf Graphic file (type pdf)
<use tiles/mahjong-Front.pdf>
File: tiles/mahjong-3m.pdf Graphic file (type pdf)
<use tiles/mahjong-3m.pdf>
File: tiles/mahjong-Front.pdf Graphic file (type pdf)
<use tiles/mahjong-Front.pdf>
File: tiles/mahjong-4m.pdf Graphic file (type pdf)
<use tiles/mahjong-4m.pdf>
File: tiles/mahjong-Front.pdf Graphic file (type pdf)
<use tiles/mahjong-Front.pdf>
File: tiles/mahjong-5m.pdf Graphic file (type pdf)
<use tiles/mahjong-5m.pdf>
File: tiles/mahjong-Front.pdf Graphic file (type pdf)
<use tiles/mahjong-Front.pdf>
File: tiles/mahjong-6m.pdf Graphic file (type pdf)
<use tiles/mahjong-6m.pdf>
File: tiles/mahjong-Front.pdf Graphic file (type pdf)
<use tiles/mahjong-Front.pdf>
File: tiles/mahjong-8m.pdf Graphic file (type pdf)
<use tiles/mahjong-8m.pdf>
File: tiles/mahjong-Front.pdf Graphic file (type pdf)
<use tiles/mahjong-Front.pdf>
File: tiles/mahjong-3m.pdf Graphic file (type pdf)
<use tiles/mahjong-3m.pdf>
File: tiles/mahjong-Front.pdf Graphic file (type pdf)
<use tiles/mahjong-Front.pdf>
File: tiles/mahjong-3m.pdf Graphic file (type pdf)
<use tiles/mahjong-3m.pdf>
File: tiles/mahjong-Front.pdf Graphic file (type pdf)
<use tiles/mahjong-Front.pdf>
File: tiles/mahjong-3m.pdf Graphic file (type pdf)
<use tiles/mahjong-3m.pdf>
File: tiles/mahjong-Front.pdf Graphic file (type pdf)
<use tiles/mahjong-Front.pdf>
File: tiles/mahjong-4m.pdf Graphic file (type pdf)
<use tiles/mahjong-4m.pdf>
File: tiles/mahjong-Front.pdf Graphic file (type pdf)
<use tiles/mahjong-Front.pdf>
File: tiles/mahjong-5m.pdf Graphic file (type pdf)
<use tiles/mahjong-5m.pdf>
File: tiles/mahjong-Front.pdf Graphic file (type pdf)
<use tiles/mahjong-Front.pdf>
File: tiles/mahjong-6m.pdf Graphic file (type pdf)
<use tiles/mahjong-6m.pdf>
File: tiles/mahjong-Front.pdf Graphic file (type pdf)
<use tiles/mahjong-Front.pdf>
File: tiles/mahjong-8m.pdf Graphic file (type pdf)
<use tiles/mahjong-8m.pdf>
File: tiles/mahjong-Front.pdf Graphic file (type pdf)
<use tiles/mahjong-Front.pdf>
File: tiles/mahjong-8m.pdf Graphic file (type pdf)
<use tiles/mahjong-8m.pdf>
File: tiles/mahjong-Front.pdf Graphic file (type pdf)
<use tiles/mahjong-Front.pdf>
File: tiles/mahjong-3m.pdf Graphic file (type pdf)
<use tiles/mahjong-3m.pdf>
File: tiles/mahjong-Front.pdf Graphic file (type pdf)
<use tiles/mahjong-Front.pdf>
File: tiles/mahjong-3m.pdf Graphic file (type pdf)
<use tiles/mahjong-3m.pdf>
File: tiles/mahjong-Front.pdf Graphic file (type pdf)
<use tiles/mahjong-Front.pdf>
File: tiles/mahjong-3m.pdf Graphic file (type pdf)
<use tiles/mahjong-3m.pdf>
File: tiles/mahjong-Front.pdf Graphic file (type pdf)
<use tiles/mahjong-Front.pdf>
File: tiles/mahjong-4m.pdf Graphic file (type pdf)
<use tiles/mahjong-4m.pdf>
File: tiles/mahjong-Front.pdf Graphic file (type pdf)
<use tiles/mahjong-Front.pdf>
File: tiles/mahjong-5m.pdf Graphic file (type pdf)
<use tiles/mahjong-5m.pdf>
File: tiles/mahjong-Front.pdf Graphic file (type pdf)
<use tiles/mahjong-Front.pdf>
File: tiles/mahjong-6m.pdf Graphic file (type pdf)
<use tiles/mahjong-6m.pdf>
File: tiles/mahjong-Front.pdf Graphic file (type pdf)
<use tiles/mahjong-Front.pdf>
File: tiles/mahjong-8m.pdf Graphic file (type pdf)
<use tiles/mahjong-8m.pdf>
File: tiles/mahjong-Front.pdf Graphic file (type pdf)
<use tiles/mahjong-Front.pdf>
File: tiles/mahjong-7m.pdf Graphic file (type pdf)
<use tiles/mahjong-7m.pdf>
File: tiles/mahjong-Front.pdf Graphic file (type pdf)
<use tiles/mahjong-Front.pdf>
File: tiles/mahjong-3m.pdf Graphic file (type pdf)
<use tiles/mahjong-3m.pdf>
File: tiles/mahjong-Front.pdf Graphic file (type pdf)
<use tiles/mahjong-Front.pdf>
File: tiles/mahjong-3m.pdf Graphic file (type pdf)
<use tiles/mahjong-3m.pdf>
File: tiles/mahjong-Front.pdf Graphic file (type pdf)
<use tiles/mahjong-Front.pdf>
File: tiles/mahjong-3m.pdf Graphic file (type pdf)
<use tiles/mahjong-3m.pdf>
File: tiles/mahjong-Front.pdf Graphic file (type pdf)
<use tiles/mahjong-Front.pdf>
File: tiles/mahjong-5m.pdf Graphic file (type pdf)
<use tiles/mahjong-5m.pdf>
File: tiles/mahjong-Front.pdf Graphic file (type pdf)
<use tiles/mahjong-Front.pdf>
File: tiles/mahjong-5m.pdf Graphic file (type pdf)
<use tiles/mahjong-5m.pdf>
File: tiles/mahjong-Front.pdf Graphic file (type pdf)
<use tiles/mahjong-Front.pdf>
File: tiles/mahjong-6m.pdf Graphic file (type pdf)
<use tiles/mahjong-6m.pdf>
File: tiles/mahjong-Front.pdf Graphic file (type pdf)
<use tiles/mahjong-Front.pdf>
File: tiles/mahjong-7m.pdf Graphic file (type pdf)
<use tiles/mahjong-7m.pdf>
File: tiles/mahjong-Front.pdf Graphic file (type pdf)
<use tiles/mahjong-Front.pdf>
File: tiles/mahjong-3m.pdf Graphic file (type pdf)
<use tiles/mahjong-3m.pdf>
File: tiles/mahjong-Front.pdf Graphic file (type pdf)
<use tiles/mahjong-Front.pdf>
File: tiles/mahjong-3m.pdf Graphic file (type pdf)
<use tiles/mahjong-3m.pdf>
File: tiles/mahjong-Front.pdf Graphic file (type pdf)
<use tiles/mahjong-Front.pdf>
File: tiles/mahjong-3m.pdf Graphic file (type pdf)
<use tiles/mahjong-3m.pdf>
File: tiles/mahjong-Front.pdf Graphic file (type pdf)
<use tiles/mahjong-Front.pdf>
File: tiles/mahjong-5m.pdf Graphic file (type pdf)
<use tiles/mahjong-5m.pdf>
File: tiles/mahjong-Front.pdf Graphic file (type pdf)
<use tiles/mahjong-Front.pdf>
File: tiles/mahjong-5m.pdf Graphic file (type pdf)
<use tiles/mahjong-5m.pdf>
File: tiles/mahjong-Front.pdf Graphic file (type pdf)
<use tiles/mahjong-Front.pdf>
File: tiles/mahjong-6m.pdf Graphic file (type pdf)
<use tiles/mahjong-6m.pdf>
File: tiles/mahjong-Front.pdf Graphic file (type pdf)
<use tiles/mahjong-Front.pdf>
File: tiles/mahjong-7m.pdf Graphic file (type pdf)
<use tiles/mahjong-7m.pdf>
File: tiles/mahjong-Front.pdf Graphic file (type pdf)
<use tiles/mahjong-Front.pdf>
File: tiles/mahjong-5m.pdf Graphic file (type pdf)
<use tiles/mahjong-5m.pdf>
File: tiles/mahjong-Front.pdf Graphic file (type pdf)
<use tiles/mahjong-Front.pdf>
File: tiles/mahjong-8m.pdf Graphic file (type pdf)
<use tiles/mahjong-8m.pdf>
File: tiles/mahjong-Front.pdf Graphic file (type pdf)
<use tiles/mahjong-Front.pdf>
File: tiles/mahjong-3m.pdf Graphic file (type pdf)
<use tiles/mahjong-3m.pdf>
File: tiles/mahjong-Front.pdf Graphic file (type pdf)
<use tiles/mahjong-Front.pdf>
File: tiles/mahjong-3m.pdf Graphic file (type pdf)
<use tiles/mahjong-3m.pdf>
File: tiles/mahjong-Front.pdf Graphic file (type pdf)
<use tiles/mahjong-Front.pdf>
File: tiles/mahjong-3m.pdf Graphic file (type pdf)
<use tiles/mahjong-3m.pdf>
File: tiles/mahjong-Front.pdf Graphic file (type pdf)
<use tiles/mahjong-Front.pdf>
File: tiles/mahjong-5m.pdf Graphic file (type pdf)
<use tiles/mahjong-5m.pdf>
File: tiles/mahjong-Front.pdf Graphic file (type pdf)
<use tiles/mahjong-Front.pdf>
File: tiles/mahjong-5m.pdf Graphic file (type pdf)
<use tiles/mahjong-5m.pdf>
File: tiles/mahjong-Front.pdf Graphic file (type pdf)
<use tiles/mahjong-Front.pdf>
File: tiles/mahjong-6m.pdf Graphic file (type pdf)
<use tiles/mahjong-6m.pdf>
File: tiles/mahjong-Front.pdf Graphic file (type pdf)
<use tiles/mahjong-Front.pdf>
File: tiles/mahjong-7m.pdf Graphic file (type pdf)
<use tiles/mahjong-7m.pdf>
File: tiles/mahjong-Front.pdf Graphic file (type pdf)
<use tiles/mahjong-Front.pdf>
File: tiles/mahjong-4m.pdf Graphic file (type pdf)
<use tiles/mahjong-4m.pdf>
File: tiles/mahjong-Front.pdf Graphic file (type pdf)
<use tiles/mahjong-Front.pdf>
File: tiles/mahjong-3m.pdf Graphic file (type pdf)
<use tiles/mahjong-3m.pdf>
File: tiles/mahjong-Front.pdf Graphic file (type pdf)
<use tiles/mahjong-Front.pdf>
File: tiles/mahjong-3m.pdf Graphic file (type pdf)
<use tiles/mahjong-3m.pdf>
File: tiles/mahjong-Front.pdf Graphic file (type pdf)
<use tiles/mahjong-Front.pdf>
File: tiles/mahjong-3m.pdf Graphic file (type pdf)
<use tiles/mahjong-3m.pdf>
File: tiles/mahjong-Front.pdf Graphic file (type pdf)
<use tiles/mahjong-Front.pdf>
File: tiles/mahjong-5m.pdf Graphic file (type pdf)
<use tiles/mahjong-5m.pdf>
File: tiles/mahjong-Front.pdf Graphic file (type pdf)
<use tiles/mahjong-Front.pdf>
File: tiles/mahjong-6m.pdf Graphic file (type pdf)
<use tiles/mahjong-6m.pdf>
File: tiles/mahjong-Front.pdf Graphic file (type pdf)
<use tiles/mahjong-Front.pdf>
File: tiles/mahjong-7m.pdf Graphic file (type pdf)
<use tiles/mahjong-7m.pdf>
File: tiles/mahjong-Front.pdf Graphic file (type pdf)
<use tiles/mahjong-Front.pdf>
File: tiles/mahjong-8m.pdf Graphic file (type pdf)
<use tiles/mahjong-8m.pdf>
File: tiles/mahjong-Front.pdf Graphic file (type pdf)
<use tiles/mahjong-Front.pdf>
File: tiles/mahjong-3m.pdf Graphic file (type pdf)
<use tiles/mahjong-3m.pdf>
File: tiles/mahjong-Front.pdf Graphic file (type pdf)
<use tiles/mahjong-Front.pdf>
File: tiles/mahjong-3m.pdf Graphic file (type pdf)
<use tiles/mahjong-3m.pdf>
File: tiles/mahjong-Front.pdf Graphic file (type pdf)
<use tiles/mahjong-Front.pdf>
File: tiles/mahjong-3m.pdf Graphic file (type pdf)
<use tiles/mahjong-3m.pdf>
File: tiles/mahjong-Front.pdf Graphic file (type pdf)
<use tiles/mahjong-Front.pdf>
File: tiles/mahjong-5m.pdf Graphic file (type pdf)
<use tiles/mahjong-5m.pdf>
File: tiles/mahjong-Front.pdf Graphic file (type pdf)
<use tiles/mahjong-Front.pdf>
File: tiles/mahjong-6m.pdf Graphic file (type pdf)
<use tiles/mahjong-6m.pdf>
File: tiles/mahjong-Front.pdf Graphic file (type pdf)
<use tiles/mahjong-Front.pdf>
File: tiles/mahjong-7m.pdf Graphic file (type pdf)
<use tiles/mahjong-7m.pdf>
File: tiles/mahjong-Front.pdf Graphic file (type pdf)
<use tiles/mahjong-Front.pdf>
File: tiles/mahjong-8m.pdf Graphic file (type pdf)
<use tiles/mahjong-8m.pdf>
File: tiles/mahjong-Front.pdf Graphic file (type pdf)
<use tiles/mahjong-Front.pdf>
File: tiles/mahjong-5m.pdf Graphic file (type pdf)
<use tiles/mahjong-5m.pdf>
File: tiles/mahjong-Front.pdf Graphic file (type pdf)
<use tiles/mahjong-Front.pdf>
File: tiles/mahjong-8m.pdf Graphic file (type pdf)
<use tiles/mahjong-8m.pdf>
File: tiles/mahjong-Front.pdf Graphic file (type pdf)
<use tiles/mahjong-Front.pdf>
File: tiles/mahjong-3m.pdf Graphic file (type pdf)
<use tiles/mahjong-3m.pdf>
File: tiles/mahjong-Front.pdf Graphic file (type pdf)
<use tiles/mahjong-Front.pdf>
File: tiles/mahjong-3m.pdf Graphic file (type pdf)
<use tiles/mahjong-3m.pdf>
File: tiles/mahjong-Front.pdf Graphic file (type pdf)
<use tiles/mahjong-Front.pdf>
File: tiles/mahjong-3m.pdf Graphic file (type pdf)
<use tiles/mahjong-3m.pdf>
File: tiles/mahjong-Front.pdf Graphic file (type pdf)
<use tiles/mahjong-Front.pdf>
File: tiles/mahjong-5m.pdf Graphic file (type pdf)
<use tiles/mahjong-5m.pdf>
File: tiles/mahjong-Front.pdf Graphic file (type pdf)
<use tiles/mahjong-Front.pdf>
File: tiles/mahjong-6m.pdf Graphic file (type pdf)
<use tiles/mahjong-6m.pdf>
File: tiles/mahjong-Front.pdf Graphic file (type pdf)
<use tiles/mahjong-Front.pdf>
File: tiles/mahjong-7m.pdf Graphic file (type pdf)
<use tiles/mahjong-7m.pdf>
File: tiles/mahjong-Front.pdf Graphic file (type pdf)
<use tiles/mahjong-Front.pdf>
File: tiles/mahjong-8m.pdf Graphic file (type pdf)
<use tiles/mahjong-8m.pdf>
File: tiles/mahjong-Front.pdf Graphic file (type pdf)
<use tiles/mahjong-Front.pdf>
File: tiles/mahjong-4m.pdf Graphic file (type pdf)
<use tiles/mahjong-4m.pdf>
File: tiles/mahjong-Front.pdf Graphic file (type pdf)
<use tiles/mahjong-Front.pdf>
File: tiles/mahjong-3m.pdf Graphic file (type pdf)
<use tiles/mahjong-3m.pdf>
File: tiles/mahjong-Front.pdf Graphic file (type pdf)
<use tiles/mahjong-Front.pdf>
File: tiles/mahjong-3m.pdf Graphic file (type pdf)
<use tiles/mahjong-3m.pdf>
File: tiles/mahjong-Front.pdf Graphic file (type pdf)
<use tiles/mahjong-Front.pdf>
File: tiles/mahjong-3m.pdf Graphic file (type pdf)
<use tiles/mahjong-3m.pdf>
File: tiles/mahjong-Front.pdf Graphic file (type pdf)
<use tiles/mahjong-Front.pdf>
File: tiles/mahjong-4m.pdf Graphic file (type pdf)
<use tiles/mahjong-4m.pdf>
File: tiles/mahjong-Front.pdf Graphic file (type pdf)
<use tiles/mahjong-Front.pdf>
File: tiles/mahjong-5m.pdf Graphic file (type pdf)
<use tiles/mahjong-5m.pdf>
File: tiles/mahjong-Front.pdf Graphic file (type pdf)
<use tiles/mahjong-Front.pdf>
File: tiles/mahjong-5m.pdf Graphic file (type pdf)
<use tiles/mahjong-5m.pdf>
File: tiles/mahjong-Front.pdf Graphic file (type pdf)
<use tiles/mahjong-Front.pdf>
File: tiles/mahjong-6m.pdf Graphic file (type pdf)
<use tiles/mahjong-6m.pdf>
File: tiles/mahjong-Front.pdf Graphic file (type pdf)
<use tiles/mahjong-Front.pdf>
File: tiles/mahjong-3m.pdf Graphic file (type pdf)
<use tiles/mahjong-3m.pdf>
File: tiles/mahjong-Front.pdf Graphic file (type pdf)
<use tiles/mahjong-Front.pdf>
File: tiles/mahjong-3m.pdf Graphic file (type pdf)
<use tiles/mahjong-3m.pdf>
File: tiles/mahjong-Front.pdf Graphic file (type pdf)
<use tiles/mahjong-Front.pdf>
File: tiles/mahjong-3m.pdf Graphic file (type pdf)
<use tiles/mahjong-3m.pdf>
File: tiles/mahjong-Front.pdf Graphic file (type pdf)
<use tiles/mahjong-Front.pdf>
File: tiles/mahjong-4m.pdf Graphic file (type pdf)
<use tiles/mahjong-4m.pdf>
File: tiles/mahjong-Front.pdf Graphic file (type pdf)
<use tiles/mahjong-Front.pdf>
File: tiles/mahjong-5m.pdf Graphic file (type pdf)
<use tiles/mahjong-5m.pdf>
File: tiles/mahjong-Front.pdf Graphic file (type pdf)
<use tiles/mahjong-Front.pdf>
File: tiles/mahjong-6m.pdf Graphic file (type pdf)
<use tiles/mahjong-6m.pdf>
File: tiles/mahjong-Front.pdf Graphic file (type pdf)
<use tiles/mahjong-Front.pdf>
File: tiles/mahjong-5m.pdf Graphic file (type pdf)
<use tiles/mahjong-5m.pdf>
File: tiles/mahjong-Front.pdf Graphic file (type pdf)
<use tiles/mahjong-Front.pdf>
File: tiles/mahjong-5m.pdf Graphic file (type pdf)
<use tiles/mahjong-5m.pdf>
File: tiles/mahjong-Front.pdf Graphic file (type pdf)
<use tiles/mahjong-Front.pdf>
File: tiles/mahjong-3m.pdf Graphic file (type pdf)
<use tiles/mahjong-3m.pdf>
File: tiles/mahjong-Front.pdf Graphic file (type pdf)
<use tiles/mahjong-Front.pdf>
File: tiles/mahjong-3m.pdf Graphic file (type pdf)
<use tiles/mahjong-3m.pdf>
File: tiles/mahjong-Front.pdf Graphic file (type pdf)
<use tiles/mahjong-Front.pdf>
File: tiles/mahjong-3m.pdf Graphic file (type pdf)
<use tiles/mahjong-3m.pdf>
File: tiles/mahjong-Front.pdf Graphic file (type pdf)
<use tiles/mahjong-Front.pdf>
File: tiles/mahjong-4m.pdf Graphic file (type pdf)
<use tiles/mahjong-4m.pdf>
File: tiles/mahjong-Front.pdf Graphic file (type pdf)
<use tiles/mahjong-Front.pdf>
File: tiles/mahjong-5m.pdf Graphic file (type pdf)
<use tiles/mahjong-5m.pdf>
File: tiles/mahjong-Front.pdf Graphic file (type pdf)
<use tiles/mahjong-Front.pdf>
File: tiles/mahjong-5m.pdf Graphic file (type pdf)
<use tiles/mahjong-5m.pdf>
File: tiles/mahjong-Front.pdf Graphic file (type pdf)
<use tiles/mahjong-Front.pdf>
File: tiles/mahjong-6m.pdf Graphic file (type pdf)
<use tiles/mahjong-6m.pdf>
File: tiles/mahjong-Front.pdf Graphic file (type pdf)
<use tiles/mahjong-Front.pdf>
File: tiles/mahjong-4m.pdf Graphic file (type pdf)
<use tiles/mahjong-4m.pdf>
File: tiles/mahjong-Front.pdf Graphic file (type pdf)
<use tiles/mahjong-Front.pdf>
File: tiles/mahjong-7m.pdf Graphic file (type pdf)
<use tiles/mahjong-7m.pdf>
File: tiles/mahjong-Front.pdf Graphic file (type pdf)
<use tiles/mahjong-Front.pdf>
File: tiles/mahjong-3m.pdf Graphic file (type pdf)
<use tiles/mahjong-3m.pdf>
File: tiles/mahjong-Front.pdf Graphic file (type pdf)
<use tiles/mahjong-Front.pdf>
File: tiles/mahjong-3m.pdf Graphic file (type pdf)
<use tiles/mahjong-3m.pdf>
File: tiles/mahjong-Front.pdf Graphic file (type pdf)
<use tiles/mahjong-Front.pdf>
File: tiles/mahjong-3m.pdf Graphic file (type pdf)
<use tiles/mahjong-3m.pdf>
File: tiles/mahjong-Front.pdf Graphic file (type pdf)
<use tiles/mahjong-Front.pdf>
File: tiles/mahjong-5m.pdf Graphic file (type pdf)
<use tiles/mahjong-5m.pdf>
File: tiles/mahjong-Front.pdf Graphic file (type pdf)
<use tiles/mahjong-Front.pdf>
File: tiles/mahjong-7m.pdf Graphic file (type pdf)
<use tiles/mahjong-7m.pdf>
File: tiles/mahjong-Front.pdf Graphic file (type pdf)
<use tiles/mahjong-Front.pdf>
File: tiles/mahjong-7m.pdf Graphic file (type pdf)
<use tiles/mahjong-7m.pdf>
File: tiles/mahjong-Front.pdf Graphic file (type pdf)
<use tiles/mahjong-Front.pdf>
File: tiles/mahjong-7m.pdf Graphic file (type pdf)
<use tiles/mahjong-7m.pdf>
File: tiles/mahjong-Front.pdf Graphic file (type pdf)
<use tiles/mahjong-Front.pdf>
File: tiles/mahjong-3m.pdf Graphic file (type pdf)
<use tiles/mahjong-3m.pdf>
File: tiles/mahjong-Front.pdf Graphic file (type pdf)
<use tiles/mahjong-Front.pdf>
File: tiles/mahjong-3m.pdf Graphic file (type pdf)
<use tiles/mahjong-3m.pdf>
File: tiles/mahjong-Front.pdf Graphic file (type pdf)
<use tiles/mahjong-Front.pdf>
File: tiles/mahjong-3m.pdf Graphic file (type pdf)
<use tiles/mahjong-3m.pdf>
File: tiles/mahjong-Front.pdf Graphic file (type pdf)
<use tiles/mahjong-Front.pdf>
File: tiles/mahjong-5m.pdf Graphic file (type pdf)
<use tiles/mahjong-5m.pdf>
File: tiles/mahjong-Front.pdf Graphic file (type pdf)
<use tiles/mahjong-Front.pdf>
File: tiles/mahjong-7m.pdf Graphic file (type pdf)
<use tiles/mahjong-7m.pdf>
File: tiles/mahjong-Front.pdf Graphic file (type pdf)
<use tiles/mahjong-Front.pdf>
File: tiles/mahjong-7m.pdf Graphic file (type pdf)
<use tiles/mahjong-7m.pdf>
File: tiles/mahjong-Front.pdf Graphic file (type pdf)
<use tiles/mahjong-Front.pdf>
File: tiles/mahjong-7m.pdf Graphic file (type pdf)
<use tiles/mahjong-7m.pdf>
File: tiles/mahjong-Front.pdf Graphic file (type pdf)
<use tiles/mahjong-Front.pdf>
File: tiles/mahjong-5m.pdf Graphic file (type pdf)
<use tiles/mahjong-5m.pdf>
File: tiles/mahjong-Front.pdf Graphic file (type pdf)
<use tiles/mahjong-Front.pdf>
File: tiles/mahjong-3m.pdf Graphic file (type pdf)
<use tiles/mahjong-3m.pdf>
File: tiles/mahjong-Front.pdf Graphic file (type pdf)
<use tiles/mahjong-Front.pdf>
File: tiles/mahjong-3m.pdf Graphic file (type pdf)
<use tiles/mahjong-3m.pdf>
File: tiles/mahjong-Front.pdf Graphic file (type pdf)
<use tiles/mahjong-Front.pdf>
File: tiles/mahjong-3m.pdf Graphic file (type pdf)
<use tiles/mahjong-3m.pdf>
File: tiles/mahjong-Front.pdf Graphic file (type pdf)
<use tiles/mahjong-Front.pdf>
File: tiles/mahjong-5m.pdf Graphic file (type pdf)
<use tiles/mahjong-5m.pdf>
File: tiles/mahjong-Front.pdf Graphic file (type pdf)
<use tiles/mahjong-Front.pdf>
File: tiles/mahjong-7m.pdf Graphic file (type pdf)
<use tiles/mahjong-7m.pdf>
File: tiles/mahjong-Front.pdf Graphic file (type pdf)
<use tiles/mahjong-Front.pdf>
File: tiles/mahjong-7m.pdf Graphic file (type pdf)
<use tiles/mahjong-7m.pdf>
File: tiles/mahjong-Front.pdf Graphic file (type pdf)
<use tiles/mahjong-Front.pdf>
File: tiles/mahjong-7m.pdf Graphic file (type pdf)
<use tiles/mahjong-7m.pdf>
File: tiles/mahjong-Front.pdf Graphic file (type pdf)
<use tiles/mahjong-Front.pdf>
File: tiles/mahjong-6m.pdf Graphic file (type pdf)
<use tiles/mahjong-6m.pdf>
File: tiles/mahjong-Front.pdf Graphic file (type pdf)
<use tiles/mahjong-Front.pdf>
File: tiles/mahjong-3m.pdf Graphic file (type pdf)
<use tiles/mahjong-3m.pdf>
File: tiles/mahjong-Front.pdf Graphic file (type pdf)
<use tiles/mahjong-Front.pdf>
File: tiles/mahjong-3m.pdf Graphic file (type pdf)
<use tiles/mahjong-3m.pdf>
File: tiles/mahjong-Front.pdf Graphic file (type pdf)
<use tiles/mahjong-Front.pdf>
File: tiles/mahjong-3m.pdf Graphic file (type pdf)
<use tiles/mahjong-3m.pdf>
File: tiles/mahjong-Front.pdf Graphic file (type pdf)
<use tiles/mahjong-Front.pdf>
File: tiles/mahjong-5m.pdf Graphic file (type pdf)
<use tiles/mahjong-5m.pdf>
File: tiles/mahjong-Front.pdf Graphic file (type pdf)
<use tiles/mahjong-Front.pdf>
File: tiles/mahjong-7m.pdf Graphic file (type pdf)
<use tiles/mahjong-7m.pdf>
File: tiles/mahjong-Front.pdf Graphic file (type pdf)
<use tiles/mahjong-Front.pdf>
File: tiles/mahjong-7m.pdf Graphic file (type pdf)
<use tiles/mahjong-7m.pdf>
File: tiles/mahjong-Front.pdf Graphic file (type pdf)
<use tiles/mahjong-Front.pdf>
File: tiles/mahjong-7m.pdf Graphic file (type pdf)
<use tiles/mahjong-7m.pdf>
File: tiles/mahjong-Front.pdf Graphic file (type pdf)
<use tiles/mahjong-Front.pdf>
File: tiles/mahjong-4m.pdf Graphic file (type pdf)
<use tiles/mahjong-4m.pdf>
File: tiles/mahjong-Front.pdf Graphic file (type pdf)
<use tiles/mahjong-Front.pdf>
File: tiles/mahjong-3m.pdf Graphic file (type pdf)
<use tiles/mahjong-3m.pdf>
File: tiles/mahjong-Front.pdf Graphic file (type pdf)
<use tiles/mahjong-Front.pdf>
File: tiles/mahjong-3m.pdf Graphic file (type pdf)
<use tiles/mahjong-3m.pdf>
File: tiles/mahjong-Front.pdf Graphic file (type pdf)
<use tiles/mahjong-Front.pdf>
File: tiles/mahjong-4m.pdf Graphic file (type pdf)
<use tiles/mahjong-4m.pdf>
File: tiles/mahjong-Front.pdf Graphic file (type pdf)
<use tiles/mahjong-Front.pdf>
File: tiles/mahjong-4m.pdf Graphic file (type pdf)
<use tiles/mahjong-4m.pdf>
File: tiles/mahjong-Front.pdf Graphic file (type pdf)
<use tiles/mahjong-Front.pdf>
File: tiles/mahjong-4m.pdf Graphic file (type pdf)
<use tiles/mahjong-4m.pdf>
File: tiles/mahjong-Front.pdf Graphic file (type pdf)
<use tiles/mahjong-Front.pdf>
File: tiles/mahjong-5m.pdf Graphic file (type pdf)
<use tiles/mahjong-5m.pdf>
File: tiles/mahjong-Front.pdf Graphic file (type pdf)
<use tiles/mahjong-Front.pdf>
File: tiles/mahjong-5m.pdf Graphic file (type pdf)
<use tiles/mahjong-5m.pdf>
File: tiles/mahjong-Front.pdf Graphic file (type pdf)
<use tiles/mahjong-Front.pdf>
File: tiles/mahjong-3m.pdf Graphic file (type pdf)
<use tiles/mahjong-3m.pdf>
File: tiles/mahjong-Front.pdf Graphic file (type pdf)
<use tiles/mahjong-Front.pdf>
File: tiles/mahjong-3m.pdf Graphic file (type pdf)
<use tiles/mahjong-3m.pdf>
File: tiles/mahjong-Front.pdf Graphic file (type pdf)
<use tiles/mahjong-Front.pdf>
File: tiles/mahjong-4m.pdf Graphic file (type pdf)
<use tiles/mahjong-4m.pdf>
File: tiles/mahjong-Front.pdf Graphic file (type pdf)
<use tiles/mahjong-Front.pdf>
File: tiles/mahjong-4m.pdf Graphic file (type pdf)
<use tiles/mahjong-4m.pdf>
File: tiles/mahjong-Front.pdf Graphic file (type pdf)
<use tiles/mahjong-Front.pdf>
File: tiles/mahjong-4m.pdf Graphic file (type pdf)
<use tiles/mahjong-4m.pdf>
File: tiles/mahjong-Front.pdf Graphic file (type pdf)
<use tiles/mahjong-Front.pdf>
File: tiles/mahjong-5m.pdf Graphic file (type pdf)
<use tiles/mahjong-5m.pdf>
File: tiles/mahjong-Front.pdf Graphic file (type pdf)
<use tiles/mahjong-Front.pdf>
File: tiles/mahjong-5m.pdf Graphic file (type pdf)
<use tiles/mahjong-5m.pdf>
File: tiles/mahjong-Front.pdf Graphic file (type pdf)
<use tiles/mahjong-Front.pdf>
File: tiles/mahjong-3m.pdf Graphic file (type pdf)
<use tiles/mahjong-3m.pdf>
File: tiles/mahjong-Front.pdf Graphic file (type pdf)
<use tiles/mahjong-Front.pdf>
File: tiles/mahjong-5m.pdf Graphic file (type pdf)
<use tiles/mahjong-5m.pdf>
File: tiles/mahjong-Front.pdf Graphic file (type pdf)
<use tiles/mahjong-Front.pdf>
File: tiles/mahjong-3m.pdf Graphic file (type pdf)
<use tiles/mahjong-3m.pdf>
File: tiles/mahjong-Front.pdf Graphic file (type pdf)
<use tiles/mahjong-Front.pdf>
File: tiles/mahjong-4m.pdf Graphic file (type pdf)
<use tiles/mahjong-4m.pdf>
File: tiles/mahjong-Front.pdf Graphic file (type pdf)
<use tiles/mahjong-Front.pdf>
File: tiles/mahjong-5m.pdf Graphic file (type pdf)
<use tiles/mahjong-5m.pdf>
File: tiles/mahjong-Front.pdf Graphic file (type pdf)
<use tiles/mahjong-Front.pdf>
File: tiles/mahjong-3m.pdf Graphic file (type pdf)
<use tiles/mahjong-3m.pdf>
File: tiles/mahjong-Front.pdf Graphic file (type pdf)
<use tiles/mahjong-Front.pdf>
File: tiles/mahjong-4m.pdf Graphic file (type pdf)
<use tiles/mahjong-4m.pdf>
File: tiles/mahjong-Front.pdf Graphic file (type pdf)
<use tiles/mahjong-Front.pdf>
File: tiles/mahjong-5m.pdf Graphic file (type pdf)
<use tiles/mahjong-5m.pdf>
File: tiles/mahjong-Front.pdf Graphic file (type pdf)
<use tiles/mahjong-Front.pdf>
File: tiles/mahjong-4m.pdf Graphic file (type pdf)
<use tiles/mahjong-4m.pdf>
File: tiles/mahjong-Front.pdf Graphic file (type pdf)
<use tiles/mahjong-Front.pdf>
File: tiles/mahjong-4m.pdf Graphic file (type pdf)
<use tiles/mahjong-4m.pdf>
File: tiles/mahjong-Front.pdf Graphic file (type pdf)
<use tiles/mahjong-Front.pdf>
File: tiles/mahjong-3m.pdf Graphic file (type pdf)
<use tiles/mahjong-3m.pdf>
File: tiles/mahjong-Front.pdf Graphic file (type pdf)
<use tiles/mahjong-Front.pdf>
File: tiles/mahjong-4m.pdf Graphic file (type pdf)
<use tiles/mahjong-4m.pdf>
File: tiles/mahjong-Front.pdf Graphic file (type pdf)
<use tiles/mahjong-Front.pdf>
File: tiles/mahjong-4m.pdf Graphic file (type pdf)
<use tiles/mahjong-4m.pdf>
File: tiles/mahjong-Front.pdf Graphic file (type pdf)
<use tiles/mahjong-Front.pdf>
File: tiles/mahjong-4m.pdf Graphic file (type pdf)
<use tiles/mahjong-4m.pdf>
File: tiles/mahjong-Front.pdf Graphic file (type pdf)
<use tiles/mahjong-Front.pdf>
File: tiles/mahjong-5m.pdf Graphic file (type pdf)
<use tiles/mahjong-5m.pdf>
File: tiles/mahjong-Front.pdf Graphic file (type pdf)
<use tiles/mahjong-Front.pdf>
File: tiles/mahjong-6m.pdf Graphic file (type pdf)
<use tiles/mahjong-6m.pdf>
File: tiles/mahjong-Front.pdf Graphic file (type pdf)
<use tiles/mahjong-Front.pdf>
File: tiles/mahjong-7m.pdf Graphic file (type pdf)
<use tiles/mahjong-7m.pdf>
File: tiles/mahjong-Front.pdf Graphic file (type pdf)
<use tiles/mahjong-Front.pdf>
File: tiles/mahjong-3m.pdf Graphic file (type pdf)
<use tiles/mahjong-3m.pdf>
File: tiles/mahjong-Front.pdf Graphic file (type pdf)
<use tiles/mahjong-Front.pdf>
File: tiles/mahjong-4m.pdf Graphic file (type pdf)
<use tiles/mahjong-4m.pdf>
File: tiles/mahjong-Front.pdf Graphic file (type pdf)
<use tiles/mahjong-Front.pdf>
File: tiles/mahjong-5m.pdf Graphic file (type pdf)
<use tiles/mahjong-5m.pdf>
File: tiles/mahjong-Front.pdf Graphic file (type pdf)
<use tiles/mahjong-Front.pdf>
File: tiles/mahjong-6m.pdf Graphic file (type pdf)
<use tiles/mahjong-6m.pdf>
File: tiles/mahjong-Front.pdf Graphic file (type pdf)
<use tiles/mahjong-Front.pdf>
File: tiles/mahjong-7m.pdf Graphic file (type pdf)
<use tiles/mahjong-7m.pdf>
File: tiles/mahjong-Front.pdf Graphic file (type pdf)
<use tiles/mahjong-Front.pdf>
File: tiles/mahjong-4m.pdf Graphic file (type pdf)
<use tiles/mahjong-4m.pdf>
File: tiles/mahjong-Front.pdf Graphic file (type pdf)
<use tiles/mahjong-Front.pdf>
File: tiles/mahjong-4m.pdf Graphic file (type pdf)
<use tiles/mahjong-4m.pdf>
File: tiles/mahjong-Front.pdf Graphic file (type pdf)
<use tiles/mahjong-Front.pdf>
File: tiles/mahjong-2m.pdf Graphic file (type pdf)
<use tiles/mahjong-2m.pdf>
File: tiles/mahjong-Front.pdf Graphic file (type pdf)
<use tiles/mahjong-Front.pdf>
File: tiles/mahjong-5m.pdf Graphic file (type pdf)
<use tiles/mahjong-5m.pdf>
File: tiles/mahjong-Front.pdf Graphic file (type pdf)
<use tiles/mahjong-Front.pdf>
File: tiles/mahjong-8m.pdf Graphic file (type pdf)
<use tiles/mahjong-8m.pdf>
File: tiles/mahjong-Front.pdf Graphic file (type pdf)
<use tiles/mahjong-Front.pdf>
File: tiles/mahjong-3m.pdf Graphic file (type pdf)
<use tiles/mahjong-3m.pdf>
File: tiles/mahjong-Front.pdf Graphic file (type pdf)
<use tiles/mahjong-Front.pdf>
File: tiles/mahjong-4m.pdf Graphic file (type pdf)
<use tiles/mahjong-4m.pdf>
File: tiles/mahjong-Front.pdf Graphic file (type pdf)
<use tiles/mahjong-Front.pdf>
File: tiles/mahjong-4m.pdf Graphic file (type pdf)
<use tiles/mahjong-4m.pdf>
File: tiles/mahjong-Front.pdf Graphic file (type pdf)
<use tiles/mahjong-Front.pdf>
File: tiles/mahjong-4m.pdf Graphic file (type pdf)
<use tiles/mahjong-4m.pdf>
File: tiles/mahjong-Front.pdf Graphic file (type pdf)
<use tiles/mahjong-Front.pdf>
File: tiles/mahjong-5m.pdf Graphic file (type pdf)
<use tiles/mahjong-5m.pdf>
File: tiles/mahjong-Front.pdf Graphic file (type pdf)
<use tiles/mahjong-Front.pdf>
File: tiles/mahjong-6m.pdf Graphic file (type pdf)
<use tiles/mahjong-6m.pdf>
File: tiles/mahjong-Front.pdf Graphic file (type pdf)
<use tiles/mahjong-Front.pdf>
File: tiles/mahjong-7m.pdf Graphic file (type pdf)
<use tiles/mahjong-7m.pdf>
File: tiles/mahjong-Front.pdf Graphic file (type pdf)
<use tiles/mahjong-Front.pdf>
File: tiles/mahjong-3m.pdf Graphic file (type pdf)
<use tiles/mahjong-3m.pdf>
File: tiles/mahjong-Front.pdf Graphic file (type pdf)
<use tiles/mahjong-Front.pdf>
File: tiles/mahjong-3m.pdf Graphic file (type pdf)
<use tiles/mahjong-3m.pdf>
File: tiles/mahjong-Front.pdf Graphic file (type pdf)
<use tiles/mahjong-Front.pdf>
File: tiles/mahjong-3m.pdf Graphic file (type pdf)
<use tiles/mahjong-3m.pdf>
File: tiles/mahjong-Front.pdf Graphic file (type pdf)
<use tiles/mahjong-Front.pdf>
File: tiles/mahjong-3m.pdf Graphic file (type pdf)
<use tiles/mahjong-3m.pdf>
File: tiles/mahjong-Front.pdf Graphic file (type pdf)
<use tiles/mahjong-Front.pdf>
File: tiles/mahjong-4m.pdf Graphic file (type pdf)
<use tiles/mahjong-4m.pdf>
File: tiles/mahjong-Front.pdf Graphic file (type pdf)
<use tiles/mahjong-Front.pdf>
File: tiles/mahjong-4m.pdf Graphic file (type pdf)
<use tiles/mahjong-4m.pdf>
File: tiles/mahjong-Front.pdf Graphic file (type pdf)
<use tiles/mahjong-Front.pdf>
File: tiles/mahjong-4m.pdf Graphic file (type pdf)
<use tiles/mahjong-4m.pdf>
File: tiles/mahjong-Front.pdf Graphic file (type pdf)
<use tiles/mahjong-Front.pdf>
File: tiles/mahjong-5m.pdf Graphic file (type pdf)
<use tiles/mahjong-5m.pdf>
File: tiles/mahjong-Front.pdf Graphic file (type pdf)
<use tiles/mahjong-Front.pdf>
File: tiles/mahjong-3m.pdf Graphic file (type pdf)
<use tiles/mahjong-3m.pdf>
File: tiles/mahjong-Front.pdf Graphic file (type pdf)
<use tiles/mahjong-Front.pdf>
File: tiles/mahjong-3m.pdf Graphic file (type pdf)
<use tiles/mahjong-3m.pdf>
File: tiles/mahjong-Front.pdf Graphic file (type pdf)
<use tiles/mahjong-Front.pdf>
File: tiles/mahjong-3m.pdf Graphic file (type pdf)
<use tiles/mahjong-3m.pdf>
File: tiles/mahjong-Front.pdf Graphic file (type pdf)
<use tiles/mahjong-Front.pdf>
File: tiles/mahjong-4m.pdf Graphic file (type pdf)
<use tiles/mahjong-4m.pdf>
File: tiles/mahjong-Front.pdf Graphic file (type pdf)
<use tiles/mahjong-Front.pdf>
File: tiles/mahjong-4m.pdf Graphic file (type pdf)
<use tiles/mahjong-4m.pdf>
File: tiles/mahjong-Front.pdf Graphic file (type pdf)
<use tiles/mahjong-Front.pdf>
File: tiles/mahjong-4m.pdf Graphic file (type pdf)
<use tiles/mahjong-4m.pdf>
File: tiles/mahjong-Front.pdf Graphic file (type pdf)
<use tiles/mahjong-Front.pdf>
File: tiles/mahjong-5m.pdf Graphic file (type pdf)
<use tiles/mahjong-5m.pdf>
File: tiles/mahjong-Front.pdf Graphic file (type pdf)
<use tiles/mahjong-Front.pdf>
File: tiles/mahjong-5m.pdf Graphic file (type pdf)
<use tiles/mahjong-5m.pdf>
File: tiles/mahjong-Front.pdf Graphic file (type pdf)
<use tiles/mahjong-Front.pdf>
File: tiles/mahjong-3m.pdf Graphic file (type pdf)
<use tiles/mahjong-3m.pdf>
File: tiles/mahjong-Front.pdf Graphic file (type pdf)
<use tiles/mahjong-Front.pdf>
File: tiles/mahjong-3m.pdf Graphic file (type pdf)
<use tiles/mahjong-3m.pdf>
File: tiles/mahjong-Front.pdf Graphic file (type pdf)
<use tiles/mahjong-Front.pdf>
File: tiles/mahjong-3m.pdf Graphic file (type pdf)
<use tiles/mahjong-3m.pdf>
File: tiles/mahjong-Front.pdf Graphic file (type pdf)
<use tiles/mahjong-Front.pdf>
File: tiles/mahjong-4m.pdf Graphic file (type pdf)
<use tiles/mahjong-4m.pdf>
File: tiles/mahjong-Front.pdf Graphic file (type pdf)
<use tiles/mahjong-Front.pdf>
File: tiles/mahjong-4m.pdf Graphic file (type pdf)
<use tiles/mahjong-4m.pdf>
File: tiles/mahjong-Front.pdf Graphic file (type pdf)
<use tiles/mahjong-Front.pdf>
File: tiles/mahjong-4m.pdf Graphic file (type pdf)
<use tiles/mahjong-4m.pdf>
File: tiles/mahjong-Front.pdf Graphic file (type pdf)
<use tiles/mahjong-Front.pdf>
File: tiles/mahjong-5m.pdf Graphic file (type pdf)
<use tiles/mahjong-5m.pdf>
File: tiles/mahjong-Front.pdf Graphic file (type pdf)
<use tiles/mahjong-Front.pdf>
File: tiles/mahjong-3m.pdf Graphic file (type pdf)
<use tiles/mahjong-3m.pdf>
File: tiles/mahjong-Front.pdf Graphic file (type pdf)
<use tiles/mahjong-Front.pdf>
File: tiles/mahjong-6m.pdf Graphic file (type pdf)
<use tiles/mahjong-6m.pdf>
File: tiles/mahjong-Front.pdf Graphic file (type pdf)
<use tiles/mahjong-Front.pdf>
File: tiles/mahjong-3m.pdf Graphic file (type pdf)
<use tiles/mahjong-3m.pdf>
File: tiles/mahjong-Front.pdf Graphic file (type pdf)
<use tiles/mahjong-Front.pdf>
File: tiles/mahjong-4m.pdf Graphic file (type pdf)
<use tiles/mahjong-4m.pdf>
File: tiles/mahjong-Front.pdf Graphic file (type pdf)
<use tiles/mahjong-Front.pdf>
File: tiles/mahjong-5m.pdf Graphic file (type pdf)
<use tiles/mahjong-5m.pdf>
File: tiles/mahjong-Front.pdf Graphic file (type pdf)
<use tiles/mahjong-Front.pdf>
File: tiles/mahjong-3m.pdf Graphic file (type pdf)
<use tiles/mahjong-3m.pdf>
File: tiles/mahjong-Front.pdf Graphic file (type pdf)
<use tiles/mahjong-Front.pdf>
File: tiles/mahjong-3m.pdf Graphic file (type pdf)
<use tiles/mahjong-3m.pdf>
File: tiles/mahjong-Front.pdf Graphic file (type pdf)
<use tiles/mahjong-Front.pdf>
File: tiles/mahjong-4m.pdf Graphic file (type pdf)
<use tiles/mahjong-4m.pdf>
File: tiles/mahjong-Front.pdf Graphic file (type pdf)
<use tiles/mahjong-Front.pdf>
File: tiles/mahjong-4m.pdf Graphic file (type pdf)
<use tiles/mahjong-4m.pdf>
File: tiles/mahjong-Front.pdf Graphic file (type pdf)
<use tiles/mahjong-Front.pdf>
File: tiles/mahjong-3m.pdf Graphic file (type pdf)
<use tiles/mahjong-3m.pdf>
File: tiles/mahjong-Front.pdf Graphic file (type pdf)
<use tiles/mahjong-Front.pdf>
File: tiles/mahjong-4m.pdf Graphic file (type pdf)
<use tiles/mahjong-4m.pdf>
File: tiles/mahjong-Front.pdf Graphic file (type pdf)
<use tiles/mahjong-Front.pdf>
File: tiles/mahjong-3m.pdf Graphic file (type pdf)
<use tiles/mahjong-3m.pdf>
File: tiles/mahjong-Front.pdf Graphic file (type pdf)
<use tiles/mahjong-Front.pdf>
File: tiles/mahjong-3m.pdf Graphic file (type pdf)
<use tiles/mahjong-3m.pdf>
File: tiles/mahjong-Front.pdf Graphic file (type pdf)
<use tiles/mahjong-Front.pdf>
File: tiles/mahjong-3m.pdf Graphic file (type pdf)
<use tiles/mahjong-3m.pdf>
File: tiles/mahjong-Front.pdf Graphic file (type pdf)
<use tiles/mahjong-Front.pdf>
File: tiles/mahjong-4m.pdf Graphic file (type pdf)
<use tiles/mahjong-4m.pdf>
File: tiles/mahjong-Front.pdf Graphic file (type pdf)
<use tiles/mahjong-Front.pdf>
File: tiles/mahjong-4m.pdf Graphic file (type pdf)
<use tiles/mahjong-4m.pdf>
File: tiles/mahjong-Front.pdf Graphic file (type pdf)
<use tiles/mahjong-Front.pdf>
File: tiles/mahjong-5m.pdf Graphic file (type pdf)
<use tiles/mahjong-5m.pdf>
File: tiles/mahjong-Front.pdf Graphic file (type pdf)
<use tiles/mahjong-Front.pdf>
File: tiles/mahjong-5m.pdf Graphic file (type pdf)
<use tiles/mahjong-5m.pdf>
File: tiles/mahjong-Front.pdf Graphic file (type pdf)
<use tiles/mahjong-Front.pdf>
File: tiles/mahjong-3m.pdf Graphic file (type pdf)
<use tiles/mahjong-3m.pdf>
File: tiles/mahjong-Front.pdf Graphic file (type pdf)
<use tiles/mahjong-Front.pdf>
File: tiles/mahjong-3m.pdf Graphic file (type pdf)
<use tiles/mahjong-3m.pdf>
File: tiles/mahjong-Front.pdf Graphic file (type pdf)
<use tiles/mahjong-Front.pdf>
File: tiles/mahjong-3m.pdf Graphic file (type pdf)
<use tiles/mahjong-3m.pdf>
File: tiles/mahjong-Front.pdf Graphic file (type pdf)
<use tiles/mahjong-Front.pdf>
File: tiles/mahjong-4m.pdf Graphic file (type pdf)
<use tiles/mahjong-4m.pdf>
File: tiles/mahjong-Front.pdf Graphic file (type pdf)
<use tiles/mahjong-Front.pdf>
File: tiles/mahjong-4m.pdf Graphic file (type pdf)
<use tiles/mahjong-4m.pdf>
File: tiles/mahjong-Front.pdf Graphic file (type pdf)
<use tiles/mahjong-Front.pdf>
File: tiles/mahjong-5m.pdf Graphic file (type pdf)
<use tiles/mahjong-5m.pdf>
File: tiles/mahjong-Front.pdf Graphic file (type pdf)
<use tiles/mahjong-Front.pdf>
File: tiles/mahjong-5m.pdf Graphic file (type pdf)
<use tiles/mahjong-5m.pdf>
File: tiles/mahjong-Front.pdf Graphic file (type pdf)
<use tiles/mahjong-Front.pdf>
File: tiles/mahjong-4m.pdf Graphic file (type pdf)
<use tiles/mahjong-4m.pdf>
File: tiles/mahjong-Front.pdf Graphic file (type pdf)
<use tiles/mahjong-Front.pdf>
File: tiles/mahjong-5m.pdf Graphic file (type pdf)
<use tiles/mahjong-5m.pdf>
File: tiles/mahjong-Front.pdf Graphic file (type pdf)
<use tiles/mahjong-Front.pdf>
File: tiles/mahjong-3m.pdf Graphic file (type pdf)
<use tiles/mahjong-3m.pdf>
File: tiles/mahjong-Front.pdf Graphic file (type pdf)
<use tiles/mahjong-Front.pdf>
File: tiles/mahjong-3m.pdf Graphic file (type pdf)
<use tiles/mahjong-3m.pdf>
File: tiles/mahjong-Front.pdf Graphic file (type pdf)
<use tiles/mahjong-Front.pdf>
File: tiles/mahjong-3m.pdf Graphic file (type pdf)
<use tiles/mahjong-3m.pdf>
File: tiles/mahjong-Front.pdf Graphic file (type pdf)
<use tiles/mahjong-Front.pdf>
File: tiles/mahjong-4m.pdf Graphic file (type pdf)
<use tiles/mahjong-4m.pdf>
File: tiles/mahjong-Front.pdf Graphic file (type pdf)
<use tiles/mahjong-Front.pdf>
File: tiles/mahjong-5m.pdf Graphic file (type pdf)
<use tiles/mahjong-5m.pdf>
File: tiles/mahjong-Front.pdf Graphic file (type pdf)
<use tiles/mahjong-Front.pdf>
File: tiles/mahjong-4m.pdf Graphic file (type pdf)
<use tiles/mahjong-4m.pdf>
File: tiles/mahjong-Front.pdf Graphic file (type pdf)
<use tiles/mahjong-Front.pdf>
File: tiles/mahjong-5m.pdf Graphic file (type pdf)
<use tiles/mahjong-5m.pdf>
File: tiles/mahjong-Front.pdf Graphic file (type pdf)
<use tiles/mahjong-Front.pdf>
File: tiles/mahjong-3m.pdf Graphic file (type pdf)
<use tiles/mahjong-3m.pdf>
File: tiles/mahjong-Front.pdf Graphic file (type pdf)
<use tiles/mahjong-Front.pdf>
File: tiles/mahjong-6m.pdf Graphic file (type pdf)
<use tiles/mahjong-6m.pdf>
File: tiles/mahjong-Front.pdf Graphic file (type pdf)
<use tiles/mahjong-Front.pdf>
File: tiles/mahjong-3m.pdf Graphic file (type pdf)
<use tiles/mahjong-3m.pdf>
File: tiles/mahjong-Front.pdf Graphic file (type pdf)
<use tiles/mahjong-Front.pdf>
File: tiles/mahjong-3m.pdf Graphic file (type pdf)
<use tiles/mahjong-3m.pdf>
File: tiles/mahjong-Front.pdf Graphic file (type pdf)
<use tiles/mahjong-Front.pdf>
File: tiles/mahjong-3m.pdf Graphic file (type pdf)
<use tiles/mahjong-3m.pdf>
File: tiles/mahjong-Front.pdf Graphic file (type pdf)
<use tiles/mahjong-Front.pdf>
File: tiles/mahjong-4m.pdf Graphic file (type pdf)
<use tiles/mahjong-4m.pdf>
File: tiles/mahjong-Front.pdf Graphic file (type pdf)
<use tiles/mahjong-Front.pdf>
File: tiles/mahjong-4m.pdf Graphic file (type pdf)
<use tiles/mahjong-4m.pdf>
File: tiles/mahjong-Front.pdf Graphic file (type pdf)
<use tiles/mahjong-Front.pdf>
File: tiles/mahjong-5m.pdf Graphic file (type pdf)
<use tiles/mahjong-5m.pdf>
File: tiles/mahjong-Front.pdf Graphic file (type pdf)
<use tiles/mahjong-Front.pdf>
File: tiles/mahjong-6m.pdf Graphic file (type pdf)
<use tiles/mahjong-6m.pdf>
File: tiles/mahjong-Front.pdf Graphic file (type pdf)
<use tiles/mahjong-Front.pdf>
File: tiles/mahjong-3m.pdf Graphic file (type pdf)
<use tiles/mahjong-3m.pdf>
File: tiles/mahjong-Front.pdf Graphic file (type pdf)
<use tiles/mahjong-Front.pdf>
File: tiles/mahjong-3m.pdf Graphic file (type pdf)
<use tiles/mahjong-3m.pdf>
File: tiles/mahjong-Front.pdf Graphic file (type pdf)
<use tiles/mahjong-Front.pdf>
File: tiles/mahjong-3m.pdf Graphic file (type pdf)
<use tiles/mahjong-3m.pdf>
File: tiles/mahjong-Front.pdf Graphic file (type pdf)
<use tiles/mahjong-Front.pdf>
File: tiles/mahjong-4m.pdf Graphic file (type pdf)
<use tiles/mahjong-4m.pdf>
File: tiles/mahjong-Front.pdf Graphic file (type pdf)
<use tiles/mahjong-Front.pdf>
File: tiles/mahjong-4m.pdf Graphic file (type pdf)
<use tiles/mahjong-4m.pdf>
File: tiles/mahjong-Front.pdf Graphic file (type pdf)
<use tiles/mahjong-Front.pdf>
File: tiles/mahjong-5m.pdf Graphic file (type pdf)
<use tiles/mahjong-5m.pdf>
File: tiles/mahjong-Front.pdf Graphic file (type pdf)
<use tiles/mahjong-Front.pdf>
File: tiles/mahjong-6m.pdf Graphic file (type pdf)
<use tiles/mahjong-6m.pdf>
File: tiles/mahjong-Front.pdf Graphic file (type pdf)
<use tiles/mahjong-Front.pdf>
File: tiles/mahjong-4m.pdf Graphic file (type pdf)
<use tiles/mahjong-4m.pdf>
File: tiles/mahjong-Front.pdf Graphic file (type pdf)
<use tiles/mahjong-Front.pdf>
File: tiles/mahjong-7m.pdf Graphic file (type pdf)
<use tiles/mahjong-7m.pdf>
File: tiles/mahjong-Front.pdf Graphic file (type pdf)
<use tiles/mahjong-Front.pdf>
File: tiles/mahjong-3m.pdf Graphic file (type pdf)
<use tiles/mahjong-3m.pdf>
File: tiles/mahjong-Front.pdf Graphic file (type pdf)
<use tiles/mahjong-Front.pdf>
File: tiles/mahjong-3m.pdf Graphic file (type pdf)
<use tiles/mahjong-3m.pdf>
File: tiles/mahjong-Front.pdf Graphic file (type pdf)
<use tiles/mahjong-Front.pdf>
File: tiles/mahjong-3m.pdf Graphic file (type pdf)
<use tiles/mahjong-3m.pdf>
File: tiles/mahjong-Front.pdf Graphic file (type pdf)
<use tiles/mahjong-Front.pdf>
File: tiles/mahjong-4m.pdf Graphic file (type pdf)
<use tiles/mahjong-4m.pdf>
File: tiles/mahjong-Front.pdf Graphic file (type pdf)
<use tiles/mahjong-Front.pdf>
File: tiles/mahjong-4m.pdf Graphic file (type pdf)
<use tiles/mahjong-4m.pdf>
File: tiles/mahjong-Front.pdf Graphic file (type pdf)
<use tiles/mahjong-Front.pdf>
File: tiles/mahjong-5m.pdf Graphic file (type pdf)
<use tiles/mahjong-5m.pdf>
File: tiles/mahjong-Front.pdf Graphic file (type pdf)
<use tiles/mahjong-Front.pdf>
File: tiles/mahjong-6m.pdf Graphic file (type pdf)
<use tiles/mahjong-6m.pdf>
File: tiles/mahjong-Front.pdf Graphic file (type pdf)
<use tiles/mahjong-Front.pdf>
File: tiles/mahjong-2m.pdf Graphic file (type pdf)
<use tiles/mahjong-2m.pdf>
File: tiles/mahjong-Front.pdf Graphic file (type pdf)
<use tiles/mahjong-Front.pdf>
File: tiles/mahjong-5m.pdf Graphic file (type pdf)
<use tiles/mahjong-5m.pdf>
File: tiles/mahjong-Front.pdf Graphic file (type pdf)
<use tiles/mahjong-Front.pdf>
File: tiles/mahjong-3m.pdf Graphic file (type pdf)
<use tiles/mahjong-3m.pdf>
File: tiles/mahjong-Front.pdf Graphic file (type pdf)
<use tiles/mahjong-Front.pdf>
File: tiles/mahjong-3m.pdf Graphic file (type pdf)
<use tiles/mahjong-3m.pdf>
File: tiles/mahjong-Front.pdf Graphic file (type pdf)
<use tiles/mahjong-Front.pdf>
File: tiles/mahjong-3m.pdf Graphic file (type pdf)
<use tiles/mahjong-3m.pdf>
File: tiles/mahjong-Front.pdf Graphic file (type pdf)
<use tiles/mahjong-Front.pdf>
File: tiles/mahjong-4m.pdf Graphic file (type pdf)
<use tiles/mahjong-4m.pdf>
File: tiles/mahjong-Front.pdf Graphic file (type pdf)
<use tiles/mahjong-Front.pdf>
File: tiles/mahjong-5m.pdf Graphic file (type pdf)
<use tiles/mahjong-5m.pdf>
File: tiles/mahjong-Front.pdf Graphic file (type pdf)
<use tiles/mahjong-Front.pdf>
File: tiles/mahjong-6m.pdf Graphic file (type pdf)
<use tiles/mahjong-6m.pdf>
File: tiles/mahjong-Front.pdf Graphic file (type pdf)
<use tiles/mahjong-Front.pdf>
File: tiles/mahjong-7m.pdf Graphic file (type pdf)
<use tiles/mahjong-7m.pdf>
File: tiles/mahjong-Front.pdf Graphic file (type pdf)
<use tiles/mahjong-Front.pdf>
File: tiles/mahjong-3m.pdf Graphic file (type pdf)
<use tiles/mahjong-3m.pdf>
File: tiles/mahjong-Front.pdf Graphic file (type pdf)
<use tiles/mahjong-Front.pdf>
File: tiles/mahjong-3m.pdf Graphic file (type pdf)
<use tiles/mahjong-3m.pdf>
File: tiles/mahjong-Front.pdf Graphic file (type pdf)
<use tiles/mahjong-Front.pdf>
File: tiles/mahjong-3m.pdf Graphic file (type pdf)
<use tiles/mahjong-3m.pdf>
File: tiles/mahjong-Front.pdf Graphic file (type pdf)
<use tiles/mahjong-Front.pdf>
File: tiles/mahjong-4m.pdf Graphic file (type pdf)
<use tiles/mahjong-4m.pdf>
File: tiles/mahjong-Front.pdf Graphic file (type pdf)
<use tiles/mahjong-Front.pdf>
File: tiles/mahjong-5m.pdf Graphic file (type pdf)
<use tiles/mahjong-5m.pdf>
File: tiles/mahjong-Front.pdf Graphic file (type pdf)
<use tiles/mahjong-Front.pdf>
File: tiles/mahjong-6m.pdf Graphic file (type pdf)
<use tiles/mahjong-6m.pdf>
File: tiles/mahjong-Front.pdf Graphic file (type pdf)
<use tiles/mahjong-Front.pdf>
File: tiles/mahjong-7m.pdf Graphic file (type pdf)
<use tiles/mahjong-7m.pdf>
File: tiles/mahjong-Front.pdf Graphic file (type pdf)
<use tiles/mahjong-Front.pdf>
File: tiles/mahjong-4m.pdf Graphic file (type pdf)
<use tiles/mahjong-4m.pdf>
File: tiles/mahjong-Front.pdf Graphic file (type pdf)
<use tiles/mahjong-Front.pdf>
File: tiles/mahjong-7m.pdf Graphic file (type pdf)
<use tiles/mahjong-7m.pdf>
File: tiles/mahjong-Front.pdf Graphic file (type pdf)
<use tiles/mahjong-Front.pdf>
File: tiles/mahjong-3m.pdf Graphic file (type pdf)
<use tiles/mahjong-3m.pdf>
File: tiles/mahjong-Front.pdf Graphic file (type pdf)
<use tiles/mahjong-Front.pdf>
File: tiles/mahjong-3m.pdf Graphic file (type pdf)
<use tiles/mahjong-3m.pdf>
File: tiles/mahjong-Front.pdf Graphic file (type pdf)
<use tiles/mahjong-Front.pdf>
File: tiles/mahjong-3m.pdf Graphic file (type pdf)
<use tiles/mahjong-3m.pdf>
File: tiles/mahjong-Front.pdf Graphic file (type pdf)
<use tiles/mahjong-Front.pdf>
File: tiles/mahjong-4m.pdf Graphic file (type pdf)
<use tiles/mahjong-4m.pdf>
File: tiles/mahjong-Front.pdf Graphic file (type pdf)
<use tiles/mahjong-Front.pdf>
File: tiles/mahjong-5m.pdf Graphic file (type pdf)
<use tiles/mahjong-5m.pdf>
File: tiles/mahjong-Front.pdf Graphic file (type pdf)
<use tiles/mahjong-Front.pdf>
File: tiles/mahjong-6m.pdf Graphic file (type pdf)
<use tiles/mahjong-6m.pdf>
File: tiles/mahjong-Front.pdf Graphic file (type pdf)
<use tiles/mahjong-Front.pdf>
File: tiles/mahjong-7m.pdf Graphic file (type pdf)
<use tiles/mahjong-7m.pdf>
File: tiles/mahjong-Front.pdf Graphic file (type pdf)
<use tiles/mahjong-Front.pdf>
File: tiles/mahjong-2m.pdf Graphic file (type pdf)
<use tiles/mahjong-2m.pdf>
File: tiles/mahjong-Front.pdf Graphic file (type pdf)
<use tiles/mahjong-Front.pdf>
File: tiles/mahjong-5m.pdf Graphic file (type pdf)
<use tiles/mahjong-5m.pdf>
File: tiles/mahjong-Front.pdf Graphic file (type pdf)
<use tiles/mahjong-Front.pdf>
File: tiles/mahjong-8m.pdf Graphic file (type pdf)
<use tiles/mahjong-8m.pdf>
File: tiles/mahjong-Front.pdf Graphic file (type pdf)
<use tiles/mahjong-Front.pdf>
File: tiles/mahjong-3m.pdf Graphic file (type pdf)
<use tiles/mahjong-3m.pdf>
File: tiles/mahjong-Front.pdf Graphic file (type pdf)
<use tiles/mahjong-Front.pdf>
File: tiles/mahjong-3m.pdf Graphic file (type pdf)
<use tiles/mahjong-3m.pdf>
File: tiles/mahjong-Front.pdf Graphic file (type pdf)
<use tiles/mahjong-Front.pdf>
File: tiles/mahjong-3m.pdf Graphic file (type pdf)
<use tiles/mahjong-3m.pdf>
File: tiles/mahjong-Front.pdf Graphic file (type pdf)
<use tiles/mahjong-Front.pdf>
File: tiles/mahjong-4m.pdf Graphic file (type pdf)
<use tiles/mahjong-4m.pdf>
File: tiles/mahjong-Front.pdf Graphic file (type pdf)
<use tiles/mahjong-Front.pdf>
File: tiles/mahjong-5m.pdf Graphic file (type pdf)
<use tiles/mahjong-5m.pdf>
File: tiles/mahjong-Front.pdf Graphic file (type pdf)
<use tiles/mahjong-Front.pdf>
File: tiles/mahjong-5m.pdf Graphic file (type pdf)
<use tiles/mahjong-5m.pdf>
File: tiles/mahjong-Front.pdf Graphic file (type pdf)
<use tiles/mahjong-Front.pdf>
File: tiles/mahjong-5m.pdf Graphic file (type pdf)
<use tiles/mahjong-5m.pdf>
File: tiles/mahjong-Front.pdf Graphic file (type pdf)
<use tiles/mahjong-Front.pdf>
File: tiles/mahjong-3m.pdf Graphic file (type pdf)
<use tiles/mahjong-3m.pdf>
File: tiles/mahjong-Front.pdf Graphic file (type pdf)
<use tiles/mahjong-Front.pdf>
File: tiles/mahjong-3m.pdf Graphic file (type pdf)
<use tiles/mahjong-3m.pdf>
File: tiles/mahjong-Front.pdf Graphic file (type pdf)
<use tiles/mahjong-Front.pdf>
File: tiles/mahjong-3m.pdf Graphic file (type pdf)
<use tiles/mahjong-3m.pdf>
File: tiles/mahjong-Front.pdf Graphic file (type pdf)
<use tiles/mahjong-Front.pdf>
File: tiles/mahjong-4m.pdf Graphic file (type pdf)
<use tiles/mahjong-4m.pdf>
File: tiles/mahjong-Front.pdf Graphic file (type pdf)
<use tiles/mahjong-Front.pdf>
File: tiles/mahjong-5m.pdf Graphic file (type pdf)
<use tiles/mahjong-5m.pdf>
File: tiles/mahjong-Front.pdf Graphic file (type pdf)
<use tiles/mahjong-Front.pdf>
File: tiles/mahjong-5m.pdf Graphic file (type pdf)
<use tiles/mahjong-5m.pdf>
File: tiles/mahjong-Front.pdf Graphic file (type pdf)
<use tiles/mahjong-Front.pdf>
File: tiles/mahjong-5m.pdf Graphic file (type pdf)
<use tiles/mahjong-5m.pdf>
File: tiles/mahjong-Front.pdf Graphic file (type pdf)
<use tiles/mahjong-Front.pdf>
File: tiles/mahjong-3m.pdf Graphic file (type pdf)
<use tiles/mahjong-3m.pdf>
File: tiles/mahjong-Front.pdf Graphic file (type pdf)
<use tiles/mahjong-Front.pdf>
File: tiles/mahjong-6m.pdf Graphic file (type pdf)
<use tiles/mahjong-6m.pdf>
File: tiles/mahjong-Front.pdf Graphic file (type pdf)
<use tiles/mahjong-Front.pdf>
File: tiles/mahjong-3m.pdf Graphic file (type pdf)
<use tiles/mahjong-3m.pdf>
File: tiles/mahjong-Front.pdf Graphic file (type pdf)
<use tiles/mahjong-Front.pdf>
File: tiles/mahjong-3m.pdf Graphic file (type pdf)
<use tiles/mahjong-3m.pdf>
File: tiles/mahjong-Front.pdf Graphic file (type pdf)
<use tiles/mahjong-Front.pdf>
File: tiles/mahjong-3m.pdf Graphic file (type pdf)
<use tiles/mahjong-3m.pdf>
File: tiles/mahjong-Front.pdf Graphic file (type pdf)
<use tiles/mahjong-Front.pdf>
File: tiles/mahjong-4m.pdf Graphic file (type pdf)
<use tiles/mahjong-4m.pdf>
File: tiles/mahjong-Front.pdf Graphic file (type pdf)
<use tiles/mahjong-Front.pdf>
File: tiles/mahjong-5m.pdf Graphic file (type pdf)
<use tiles/mahjong-5m.pdf>
File: tiles/mahjong-Front.pdf Graphic file (type pdf)
<use tiles/mahjong-Front.pdf>
File: tiles/mahjong-5m.pdf Graphic file (type pdf)
<use tiles/mahjong-5m.pdf>
File: tiles/mahjong-Front.pdf Graphic file (type pdf)
<use tiles/mahjong-Front.pdf>
File: tiles/mahjong-5m.pdf Graphic file (type pdf)
<use tiles/mahjong-5m.pdf>
File: tiles/mahjong-Front.pdf Graphic file (type pdf)
<use tiles/mahjong-Front.pdf>
File: tiles/mahjong-4m.pdf Graphic file (type pdf)
<use tiles/mahjong-4m.pdf>
File: tiles/mahjong-Front.pdf Graphic file (type pdf)
<use tiles/mahjong-Front.pdf>
File: tiles/mahjong-3m.pdf Graphic file (type pdf)
<use tiles/mahjong-3m.pdf>
File: tiles/mahjong-Front.pdf Graphic file (type pdf)
<use tiles/mahjong-Front.pdf>
File: tiles/mahjong-3m.pdf Graphic file (type pdf)
<use tiles/mahjong-3m.pdf>
File: tiles/mahjong-Front.pdf Graphic file (type pdf)
<use tiles/mahjong-Front.pdf>
File: tiles/mahjong-3m.pdf Graphic file (type pdf)
<use tiles/mahjong-3m.pdf>
File: tiles/mahjong-Front.pdf Graphic file (type pdf)
<use tiles/mahjong-Front.pdf>
File: tiles/mahjong-4m.pdf Graphic file (type pdf)
<use tiles/mahjong-4m.pdf>
File: tiles/mahjong-Front.pdf Graphic file (type pdf)
<use tiles/mahjong-Front.pdf>
File: tiles/mahjong-5m.pdf Graphic file (type pdf)
<use tiles/mahjong-5m.pdf>
File: tiles/mahjong-Front.pdf Graphic file (type pdf)
<use tiles/mahjong-Front.pdf>
File: tiles/mahjong-5m.pdf Graphic file (type pdf)
<use tiles/mahjong-5m.pdf>
File: tiles/mahjong-Front.pdf Graphic file (type pdf)
<use tiles/mahjong-Front.pdf>
File: tiles/mahjong-5m.pdf Graphic file (type pdf)
<use tiles/mahjong-5m.pdf>
File: tiles/mahjong-Front.pdf Graphic file (type pdf)
<use tiles/mahjong-Front.pdf>
File: tiles/mahjong-2m.pdf Graphic file (type pdf)
<use tiles/mahjong-2m.pdf>
File: tiles/mahjong-Front.pdf Graphic file (type pdf)
<use tiles/mahjong-Front.pdf>
File: tiles/mahjong-5m.pdf Graphic file (type pdf)
<use tiles/mahjong-5m.pdf>
File: tiles/mahjong-Front.pdf Graphic file (type pdf)
<use tiles/mahjong-Front.pdf>
File: tiles/mahjong-2m.pdf Graphic file (type pdf)
<use tiles/mahjong-2m.pdf>
File: tiles/mahjong-Front.pdf Graphic file (type pdf)
<use tiles/mahjong-Front.pdf>
File: tiles/mahjong-3m.pdf Graphic file (type pdf)
<use tiles/mahjong-3m.pdf>
File: tiles/mahjong-Front.pdf Graphic file (type pdf)
<use tiles/mahjong-Front.pdf>
File: tiles/mahjong-4m.pdf Graphic file (type pdf)
<use tiles/mahjong-4m.pdf>
File: tiles/mahjong-Front.pdf Graphic file (type pdf)
<use tiles/mahjong-Front.pdf>
File: tiles/mahjong-5m.pdf Graphic file (type pdf)
<use tiles/mahjong-5m.pdf>
File: tiles/mahjong-Front.pdf Graphic file (type pdf)
<use tiles/mahjong-Front.pdf>
File: tiles/mahjong-6m.pdf Graphic file (type pdf)
<use tiles/mahjong-6m.pdf>
File: tiles/mahjong-Front.pdf Graphic file (type pdf)
<use tiles/mahjong-Front.pdf>
File: tiles/mahjong-1m.pdf Graphic file (type pdf)
<use tiles/mahjong-1m.pdf>
File: tiles/mahjong-Front.pdf Graphic file (type pdf)
<use tiles/mahjong-Front.pdf>
File: tiles/mahjong-4m.pdf Graphic file (type pdf)
<use tiles/mahjong-4m.pdf>
File: tiles/mahjong-Front.pdf Graphic file (type pdf)
<use tiles/mahjong-Front.pdf>
File: tiles/mahjong-7m.pdf Graphic file (type pdf)
<use tiles/mahjong-7m.pdf>

Package natbib Warning: Citation `uzaku-haikouritsu' on page 8 undefined on inp
ut line 781.

File: tiles/mahjong-Front.pdf Graphic file (type pdf)
<use tiles/mahjong-Front.pdf>
File: tiles/mahjong-3m.pdf Graphic file (type pdf)
<use tiles/mahjong-3m.pdf>
File: tiles/mahjong-Front.pdf Graphic file (type pdf)
<use tiles/mahjong-Front.pdf>
File: tiles/mahjong-3m.pdf Graphic file (type pdf)
<use tiles/mahjong-3m.pdf>
File: tiles/mahjong-Front.pdf Graphic file (type pdf)
<use tiles/mahjong-Front.pdf>
File: tiles/mahjong-3m.pdf Graphic file (type pdf)
<use tiles/mahjong-3m.pdf>
File: tiles/mahjong-Front.pdf Graphic file (type pdf)
<use tiles/mahjong-Front.pdf>
File: tiles/mahjong-4m.pdf Graphic file (type pdf)
<use tiles/mahjong-4m.pdf>
File: tiles/mahjong-Front.pdf Graphic file (type pdf)
<use tiles/mahjong-Front.pdf>
File: tiles/mahjong-5m.pdf Graphic file (type pdf)
<use tiles/mahjong-5m.pdf>
File: tiles/mahjong-Front.pdf Graphic file (type pdf)
<use tiles/mahjong-Front.pdf>
File: tiles/mahjong-6m.pdf Graphic file (type pdf)
<use tiles/mahjong-6m.pdf>
File: tiles/mahjong-Front.pdf Graphic file (type pdf)
<use tiles/mahjong-Front.pdf>
File: tiles/mahjong-8m.pdf Graphic file (type pdf)
<use tiles/mahjong-8m.pdf>
[8]
File: tiles/mahjong-Front.pdf Graphic file (type pdf)
<use tiles/mahjong-Front.pdf>
File: tiles/mahjong-3m.pdf Graphic file (type pdf)
<use tiles/mahjong-3m.pdf>
File: tiles/mahjong-Front.pdf Graphic file (type pdf)
<use tiles/mahjong-Front.pdf>
File: tiles/mahjong-3m.pdf Graphic file (type pdf)
<use tiles/mahjong-3m.pdf>
File: tiles/mahjong-Front.pdf Graphic file (type pdf)
<use tiles/mahjong-Front.pdf>
File: tiles/mahjong-3m.pdf Graphic file (type pdf)
<use tiles/mahjong-3m.pdf>
File: tiles/mahjong-Front.pdf Graphic file (type pdf)
<use tiles/mahjong-Front.pdf>
File: tiles/mahjong-4m.pdf Graphic file (type pdf)
<use tiles/mahjong-4m.pdf>
File: tiles/mahjong-Front.pdf Graphic file (type pdf)
<use tiles/mahjong-Front.pdf>
File: tiles/mahjong-5m.pdf Graphic file (type pdf)
<use tiles/mahjong-5m.pdf>
File: tiles/mahjong-Front.pdf Graphic file (type pdf)
<use tiles/mahjong-Front.pdf>
File: tiles/mahjong-5m.pdf Graphic file (type pdf)
<use tiles/mahjong-5m.pdf>
File: tiles/mahjong-Front.pdf Graphic file (type pdf)
<use tiles/mahjong-Front.pdf>
File: tiles/mahjong-5m.pdf Graphic file (type pdf)
<use tiles/mahjong-5m.pdf>
File: tiles/mahjong-Front.pdf Graphic file (type pdf)
<use tiles/mahjong-Front.pdf>
File: tiles/mahjong-1p.pdf Graphic file (type pdf)
<use tiles/mahjong-1p.pdf>
File: tiles/mahjong-Front.pdf Graphic file (type pdf)
<use tiles/mahjong-Front.pdf>
File: tiles/mahjong-2p.pdf Graphic file (type pdf)
<use tiles/mahjong-2p.pdf>
File: tiles/mahjong-Front.pdf Graphic file (type pdf)
<use tiles/mahjong-Front.pdf>
File: tiles/mahjong-3p.pdf Graphic file (type pdf)
<use tiles/mahjong-3p.pdf>
File: tiles/mahjong-Front.pdf Graphic file (type pdf)
<use tiles/mahjong-Front.pdf>
File: tiles/mahjong-3s.pdf Graphic file (type pdf)
<use tiles/mahjong-3s.pdf>
File: tiles/mahjong-Front.pdf Graphic file (type pdf)
<use tiles/mahjong-Front.pdf>
File: tiles/mahjong-4s.pdf Graphic file (type pdf)
<use tiles/mahjong-4s.pdf>
File: tiles/mahjong-Front.pdf Graphic file (type pdf)
<use tiles/mahjong-Front.pdf>
File: tiles/mahjong-7s.pdf Graphic file (type pdf)
<use tiles/mahjong-7s.pdf>
File: tiles/mahjong-Front.pdf Graphic file (type pdf)
<use tiles/mahjong-Front.pdf>
File: tiles/mahjong-8s.pdf Graphic file (type pdf)
<use tiles/mahjong-8s.pdf>
File: tiles/mahjong-Front.pdf Graphic file (type pdf)
<use tiles/mahjong-Front.pdf>
File: tiles/mahjong-4m.pdf Graphic file (type pdf)
<use tiles/mahjong-4m.pdf>
File: tiles/mahjong-Front.pdf Graphic file (type pdf)
<use tiles/mahjong-Front.pdf>
File: tiles/mahjong-2s.pdf Graphic file (type pdf)
<use tiles/mahjong-2s.pdf>
File: tiles/mahjong-Front.pdf Graphic file (type pdf)
<use tiles/mahjong-Front.pdf>
File: tiles/mahjong-9s.pdf Graphic file (type pdf)
<use tiles/mahjong-9s.pdf>
File: tiles/mahjong-Front.pdf Graphic file (type pdf)
<use tiles/mahjong-Front.pdf>
File: tiles/mahjong-3m.pdf Graphic file (type pdf)
<use tiles/mahjong-3m.pdf>
File: tiles/mahjong-Front.pdf Graphic file (type pdf)
<use tiles/mahjong-Front.pdf>
File: tiles/mahjong-3m.pdf Graphic file (type pdf)
<use tiles/mahjong-3m.pdf>
File: tiles/mahjong-Front.pdf Graphic file (type pdf)
<use tiles/mahjong-Front.pdf>
File: tiles/mahjong-3m.pdf Graphic file (type pdf)
<use tiles/mahjong-3m.pdf>
File: tiles/mahjong-Front.pdf Graphic file (type pdf)
<use tiles/mahjong-Front.pdf>
File: tiles/mahjong-4m.pdf Graphic file (type pdf)
<use tiles/mahjong-4m.pdf>
File: tiles/mahjong-Front.pdf Graphic file (type pdf)
<use tiles/mahjong-Front.pdf>
File: tiles/mahjong-5m.pdf Graphic file (type pdf)
<use tiles/mahjong-5m.pdf>
File: tiles/mahjong-Front.pdf Graphic file (type pdf)
<use tiles/mahjong-Front.pdf>
File: tiles/mahjong-5m.pdf Graphic file (type pdf)
<use tiles/mahjong-5m.pdf>
File: tiles/mahjong-Front.pdf Graphic file (type pdf)
<use tiles/mahjong-Front.pdf>
File: tiles/mahjong-5m.pdf Graphic file (type pdf)
<use tiles/mahjong-5m.pdf>
File: tiles/mahjong-Front.pdf Graphic file (type pdf)
<use tiles/mahjong-Front.pdf>
File: tiles/mahjong-1p.pdf Graphic file (type pdf)
<use tiles/mahjong-1p.pdf>
File: tiles/mahjong-Front.pdf Graphic file (type pdf)
<use tiles/mahjong-Front.pdf>
File: tiles/mahjong-2p.pdf Graphic file (type pdf)
<use tiles/mahjong-2p.pdf>
File: tiles/mahjong-Front.pdf Graphic file (type pdf)
<use tiles/mahjong-Front.pdf>
File: tiles/mahjong-3p.pdf Graphic file (type pdf)
<use tiles/mahjong-3p.pdf>
File: tiles/mahjong-Front.pdf Graphic file (type pdf)
<use tiles/mahjong-Front.pdf>
File: tiles/mahjong-3s.pdf Graphic file (type pdf)
<use tiles/mahjong-3s.pdf>
File: tiles/mahjong-Front.pdf Graphic file (type pdf)
<use tiles/mahjong-Front.pdf>
File: tiles/mahjong-4s.pdf Graphic file (type pdf)
<use tiles/mahjong-4s.pdf>
File: tiles/mahjong-Front.pdf Graphic file (type pdf)
<use tiles/mahjong-Front.pdf>
File: tiles/mahjong-6s.pdf Graphic file (type pdf)
<use tiles/mahjong-6s.pdf>
File: tiles/mahjong-Front.pdf Graphic file (type pdf)
<use tiles/mahjong-Front.pdf>
File: tiles/mahjong-8s.pdf Graphic file (type pdf)
<use tiles/mahjong-8s.pdf>
File: tiles/mahjong-Front.pdf Graphic file (type pdf)
<use tiles/mahjong-Front.pdf>
File: tiles/mahjong-6s.pdf Graphic file (type pdf)
<use tiles/mahjong-6s.pdf>
File: tiles/mahjong-Front.pdf Graphic file (type pdf)
<use tiles/mahjong-Front.pdf>
File: tiles/mahjong-8s.pdf Graphic file (type pdf)
<use tiles/mahjong-8s.pdf>
File: tiles/mahjong-Front.pdf Graphic file (type pdf)
<use tiles/mahjong-Front.pdf>
File: tiles/mahjong-3m.pdf Graphic file (type pdf)
<use tiles/mahjong-3m.pdf>
File: tiles/mahjong-Front.pdf Graphic file (type pdf)
<use tiles/mahjong-Front.pdf>
File: tiles/mahjong-3m.pdf Graphic file (type pdf)
<use tiles/mahjong-3m.pdf>
File: tiles/mahjong-Front.pdf Graphic file (type pdf)
<use tiles/mahjong-Front.pdf>
File: tiles/mahjong-3m.pdf Graphic file (type pdf)
<use tiles/mahjong-3m.pdf>
File: tiles/mahjong-Front.pdf Graphic file (type pdf)
<use tiles/mahjong-Front.pdf>
File: tiles/mahjong-4m.pdf Graphic file (type pdf)
<use tiles/mahjong-4m.pdf>
File: tiles/mahjong-Front.pdf Graphic file (type pdf)
<use tiles/mahjong-Front.pdf>
File: tiles/mahjong-5m.pdf Graphic file (type pdf)
<use tiles/mahjong-5m.pdf>
File: tiles/mahjong-Front.pdf Graphic file (type pdf)
<use tiles/mahjong-Front.pdf>
File: tiles/mahjong-5m.pdf Graphic file (type pdf)
<use tiles/mahjong-5m.pdf>
File: tiles/mahjong-Front.pdf Graphic file (type pdf)
<use tiles/mahjong-Front.pdf>
File: tiles/mahjong-5m.pdf Graphic file (type pdf)
<use tiles/mahjong-5m.pdf>
File: tiles/mahjong-Front.pdf Graphic file (type pdf)
<use tiles/mahjong-Front.pdf>
File: tiles/mahjong-1p.pdf Graphic file (type pdf)
<use tiles/mahjong-1p.pdf>
File: tiles/mahjong-Front.pdf Graphic file (type pdf)
<use tiles/mahjong-Front.pdf>
File: tiles/mahjong-3p.pdf Graphic file (type pdf)
<use tiles/mahjong-3p.pdf>
File: tiles/mahjong-Front.pdf Graphic file (type pdf)
<use tiles/mahjong-Front.pdf>
File: tiles/mahjong-9p.pdf Graphic file (type pdf)
<use tiles/mahjong-9p.pdf>
File: tiles/mahjong-Front.pdf Graphic file (type pdf)
<use tiles/mahjong-Front.pdf>
File: tiles/mahjong-4s.pdf Graphic file (type pdf)
<use tiles/mahjong-4s.pdf>
File: tiles/mahjong-Front.pdf Graphic file (type pdf)
<use tiles/mahjong-Front.pdf>
File: tiles/mahjong-4s.pdf Graphic file (type pdf)
<use tiles/mahjong-4s.pdf>
File: tiles/mahjong-Front.pdf Graphic file (type pdf)
<use tiles/mahjong-Front.pdf>
File: tiles/mahjong-7s.pdf Graphic file (type pdf)
<use tiles/mahjong-7s.pdf>
File: tiles/mahjong-Front.pdf Graphic file (type pdf)
<use tiles/mahjong-Front.pdf>
File: tiles/mahjong-8s.pdf Graphic file (type pdf)
<use tiles/mahjong-8s.pdf>
File: tiles/mahjong-Front.pdf Graphic file (type pdf)
<use tiles/mahjong-Front.pdf>
File: tiles/mahjong-4m.pdf Graphic file (type pdf)
<use tiles/mahjong-4m.pdf>
File: tiles/mahjong-Front.pdf Graphic file (type pdf)
<use tiles/mahjong-Front.pdf>
File: tiles/mahjong-9p.pdf Graphic file (type pdf)
<use tiles/mahjong-9p.pdf>
File: tiles/mahjong-Front.pdf Graphic file (type pdf)
<use tiles/mahjong-Front.pdf>
File: tiles/mahjong-9p.pdf Graphic file (type pdf)
<use tiles/mahjong-9p.pdf>
File: tiles/mahjong-Front.pdf Graphic file (type pdf)
<use tiles/mahjong-Front.pdf>
File: tiles/mahjong-4m.pdf Graphic file (type pdf)
<use tiles/mahjong-4m.pdf>
File: tiles/mahjong-Front.pdf Graphic file (type pdf)
<use tiles/mahjong-Front.pdf>
File: tiles/mahjong-3m.pdf Graphic file (type pdf)
<use tiles/mahjong-3m.pdf>
File: tiles/mahjong-Front.pdf Graphic file (type pdf)
<use tiles/mahjong-Front.pdf>
File: tiles/mahjong-3m.pdf Graphic file (type pdf)
<use tiles/mahjong-3m.pdf>
File: tiles/mahjong-Front.pdf Graphic file (type pdf)
<use tiles/mahjong-Front.pdf>
File: tiles/mahjong-3m.pdf Graphic file (type pdf)
<use tiles/mahjong-3m.pdf>
File: tiles/mahjong-Front.pdf Graphic file (type pdf)
<use tiles/mahjong-Front.pdf>
File: tiles/mahjong-4m.pdf Graphic file (type pdf)
<use tiles/mahjong-4m.pdf>
File: tiles/mahjong-Front.pdf Graphic file (type pdf)
<use tiles/mahjong-Front.pdf>
File: tiles/mahjong-5m.pdf Graphic file (type pdf)
<use tiles/mahjong-5m.pdf>
File: tiles/mahjong-Front.pdf Graphic file (type pdf)
<use tiles/mahjong-Front.pdf>
File: tiles/mahjong-5m.pdf Graphic file (type pdf)
<use tiles/mahjong-5m.pdf>
File: tiles/mahjong-Front.pdf Graphic file (type pdf)
<use tiles/mahjong-Front.pdf>
File: tiles/mahjong-5m.pdf Graphic file (type pdf)
<use tiles/mahjong-5m.pdf>
File: tiles/mahjong-Front.pdf Graphic file (type pdf)
<use tiles/mahjong-Front.pdf>
File: tiles/mahjong-1p.pdf Graphic file (type pdf)
<use tiles/mahjong-1p.pdf>
File: tiles/mahjong-Front.pdf Graphic file (type pdf)
<use tiles/mahjong-Front.pdf>
File: tiles/mahjong-7p.pdf Graphic file (type pdf)
<use tiles/mahjong-7p.pdf>
File: tiles/mahjong-Front.pdf Graphic file (type pdf)
<use tiles/mahjong-Front.pdf>
File: tiles/mahjong-9p.pdf Graphic file (type pdf)
<use tiles/mahjong-9p.pdf>
File: tiles/mahjong-Front.pdf Graphic file (type pdf)
<use tiles/mahjong-Front.pdf>
File: tiles/mahjong-2s.pdf Graphic file (type pdf)
<use tiles/mahjong-2s.pdf>
File: tiles/mahjong-Front.pdf Graphic file (type pdf)
<use tiles/mahjong-Front.pdf>
File: tiles/mahjong-2s.pdf Graphic file (type pdf)
<use tiles/mahjong-2s.pdf>
File: tiles/mahjong-Front.pdf Graphic file (type pdf)
<use tiles/mahjong-Front.pdf>
File: tiles/mahjong-6s.pdf Graphic file (type pdf)
<use tiles/mahjong-6s.pdf>
File: tiles/mahjong-Front.pdf Graphic file (type pdf)
<use tiles/mahjong-Front.pdf>
File: tiles/mahjong-6s.pdf Graphic file (type pdf)
<use tiles/mahjong-6s.pdf>
File: tiles/mahjong-Front.pdf Graphic file (type pdf)
<use tiles/mahjong-Front.pdf>
File: tiles/mahjong-8p.pdf Graphic file (type pdf)
<use tiles/mahjong-8p.pdf>
File: tiles/mahjong-Front.pdf Graphic file (type pdf)
<use tiles/mahjong-Front.pdf>
File: tiles/mahjong-2s.pdf Graphic file (type pdf)
<use tiles/mahjong-2s.pdf>
File: tiles/mahjong-Front.pdf Graphic file (type pdf)
<use tiles/mahjong-Front.pdf>
File: tiles/mahjong-6s.pdf Graphic file (type pdf)
<use tiles/mahjong-6s.pdf>
File: tiles/mahjong-Front.pdf Graphic file (type pdf)
<use tiles/mahjong-Front.pdf>
File: tiles/mahjong-9m.pdf Graphic file (type pdf)
<use tiles/mahjong-9m.pdf>
File: tiles/mahjong-Front.pdf Graphic file (type pdf)
<use tiles/mahjong-Front.pdf>
File: tiles/mahjong-9m.pdf Graphic file (type pdf)
<use tiles/mahjong-9m.pdf>
File: tiles/mahjong-Front.pdf Graphic file (type pdf)
<use tiles/mahjong-Front.pdf>
File: tiles/mahjong-1p.pdf Graphic file (type pdf)
<use tiles/mahjong-1p.pdf>
File: tiles/mahjong-Front.pdf Graphic file (type pdf)
<use tiles/mahjong-Front.pdf>
File: tiles/mahjong-1p.pdf Graphic file (type pdf)
<use tiles/mahjong-1p.pdf>
File: tiles/mahjong-Front.pdf Graphic file (type pdf)
<use tiles/mahjong-Front.pdf>
File: tiles/mahjong-1p.pdf Graphic file (type pdf)
<use tiles/mahjong-1p.pdf>
File: tiles/mahjong-Front.pdf Graphic file (type pdf)
<use tiles/mahjong-Front.pdf>
File: tiles/mahjong-2p.pdf Graphic file (type pdf)
<use tiles/mahjong-2p.pdf>
File: tiles/mahjong-Front.pdf Graphic file (type pdf)
<use tiles/mahjong-Front.pdf>
File: tiles/mahjong-3p.pdf Graphic file (type pdf)
<use tiles/mahjong-3p.pdf>
File: tiles/mahjong-Front.pdf Graphic file (type pdf)
<use tiles/mahjong-Front.pdf>
File: tiles/mahjong-4p.pdf Graphic file (type pdf)
<use tiles/mahjong-4p.pdf>
File: tiles/mahjong-Front.pdf Graphic file (type pdf)
<use tiles/mahjong-Front.pdf>
File: tiles/mahjong-5p.pdf Graphic file (type pdf)
<use tiles/mahjong-5p.pdf>
File: tiles/mahjong-Front.pdf Graphic file (type pdf)
<use tiles/mahjong-Front.pdf>
File: tiles/mahjong-6p.pdf Graphic file (type pdf)
<use tiles/mahjong-6p.pdf>
File: tiles/mahjong-Front.pdf Graphic file (type pdf)
<use tiles/mahjong-Front.pdf>
File: tiles/mahjong-4s.pdf Graphic file (type pdf)
<use tiles/mahjong-4s.pdf>
File: tiles/mahjong-Front.pdf Graphic file (type pdf)
<use tiles/mahjong-Front.pdf>
File: tiles/mahjong-5s.pdf Graphic file (type pdf)
<use tiles/mahjong-5s.pdf>
File: tiles/mahjong-Front.pdf Graphic file (type pdf)
<use tiles/mahjong-Front.pdf>
File: tiles/mahjong-6s.pdf Graphic file (type pdf)
<use tiles/mahjong-6s.pdf>
File: tiles/mahjong-Front.pdf Graphic file (type pdf)
<use tiles/mahjong-Front.pdf>
File: tiles/mahjong-9m.pdf Graphic file (type pdf)
<use tiles/mahjong-9m.pdf>
File: tiles/mahjong-Front.pdf Graphic file (type pdf)
<use tiles/mahjong-Front.pdf>
File: tiles/mahjong-1p.pdf Graphic file (type pdf)
<use tiles/mahjong-1p.pdf>
File: tiles/mahjong-Front.pdf Graphic file (type pdf)
<use tiles/mahjong-Front.pdf>
File: tiles/mahjong-4p.pdf Graphic file (type pdf)
<use tiles/mahjong-4p.pdf>
File: tiles/mahjong-Front.pdf Graphic file (type pdf)
<use tiles/mahjong-Front.pdf>
File: tiles/mahjong-7p.pdf Graphic file (type pdf)
<use tiles/mahjong-7p.pdf>


Package natbib Warning: Citation `uzaku-haikouritsu' on page 9 undefined on inp
ut line 815.

File: tiles/mahjong-Front.pdf Graphic file (type pdf)
<use tiles/mahjong-Front.pdf>
File: tiles/mahjong-2m.pdf Graphic file (type pdf)
<use tiles/mahjong-2m.pdf>
File: tiles/mahjong-Front.pdf Graphic file (type pdf)
<use tiles/mahjong-Front.pdf>
File: tiles/mahjong-3m.pdf Graphic file (type pdf)
<use tiles/mahjong-3m.pdf>
File: tiles/mahjong-Front.pdf Graphic file (type pdf)
<use tiles/mahjong-Front.pdf>
File: tiles/mahjong-9p.pdf Graphic file (type pdf)
<use tiles/mahjong-9p.pdf>
File: tiles/mahjong-Front.pdf Graphic file (type pdf)
<use tiles/mahjong-Front.pdf>
File: tiles/mahjong-7m.pdf Graphic file (type pdf)
<use tiles/mahjong-7m.pdf>

Package natbib Warning: Citation `uzaku-haikouritsu' on page 9 undefined on inp
ut line 815.

File: tiles/mahjong-Front.pdf Graphic file (type pdf)
<use tiles/mahjong-Front.pdf>
File: tiles/mahjong-4p.pdf Graphic file (type pdf)
<use tiles/mahjong-4p.pdf>
File: tiles/mahjong-Front.pdf Graphic file (type pdf)
<use tiles/mahjong-Front.pdf>
File: tiles/mahjong-2m.pdf Graphic file (type pdf)
<use tiles/mahjong-2m.pdf>
File: tiles/mahjong-Front.pdf Graphic file (type pdf)
<use tiles/mahjong-Front.pdf>
File: tiles/mahjong-3m.pdf Graphic file (type pdf)
<use tiles/mahjong-3m.pdf>
File: tiles/mahjong-Front.pdf Graphic file (type pdf)
<use tiles/mahjong-Front.pdf>
File: tiles/mahjong-6m.pdf Graphic file (type pdf)
<use tiles/mahjong-6m.pdf>
File: tiles/mahjong-Front.pdf Graphic file (type pdf)
<use tiles/mahjong-Front.pdf>
File: tiles/mahjong-7m.pdf Graphic file (type pdf)
<use tiles/mahjong-7m.pdf>
File: tiles/mahjong-Front.pdf Graphic file (type pdf)
<use tiles/mahjong-Front.pdf>
File: tiles/mahjong-7m.pdf Graphic file (type pdf)
<use tiles/mahjong-7m.pdf>
File: tiles/mahjong-Front.pdf Graphic file (type pdf)
<use tiles/mahjong-Front.pdf>
File: tiles/mahjong-2p.pdf Graphic file (type pdf)
<use tiles/mahjong-2p.pdf>
File: tiles/mahjong-Front.pdf Graphic file (type pdf)
<use tiles/mahjong-Front.pdf>
File: tiles/mahjong-3p.pdf Graphic file (type pdf)
<use tiles/mahjong-3p.pdf>
File: tiles/mahjong-Front.pdf Graphic file (type pdf)
<use tiles/mahjong-Front.pdf>
File: tiles/mahjong-9p.pdf Graphic file (type pdf)
<use tiles/mahjong-9p.pdf>
File: tiles/mahjong-Front.pdf Graphic file (type pdf)
<use tiles/mahjong-Front.pdf>
File: tiles/mahjong-9p.pdf Graphic file (type pdf)
<use tiles/mahjong-9p.pdf>
File: tiles/mahjong-Front.pdf Graphic file (type pdf)
<use tiles/mahjong-Front.pdf>
File: tiles/mahjong-2s.pdf Graphic file (type pdf)
<use tiles/mahjong-2s.pdf>
File: tiles/mahjong-Front.pdf Graphic file (type pdf)
<use tiles/mahjong-Front.pdf>
File: tiles/mahjong-3s.pdf Graphic file (type pdf)
<use tiles/mahjong-3s.pdf>
File: tiles/mahjong-Front.pdf Graphic file (type pdf)
<use tiles/mahjong-Front.pdf>
File: tiles/mahjong-4s.pdf Graphic file (type pdf)
<use tiles/mahjong-4s.pdf>
File: tiles/mahjong-Front.pdf Graphic file (type pdf)
<use tiles/mahjong-Front.pdf>
File: tiles/mahjong-5s.pdf Graphic file (type pdf)
<use tiles/mahjong-5s.pdf>
File: tiles/mahjong-Front.pdf Graphic file (type pdf)
<use tiles/mahjong-Front.pdf>
File: tiles/mahjong-6s.pdf Graphic file (type pdf)
<use tiles/mahjong-6s.pdf>
File: tiles/mahjong-Front.pdf Graphic file (type pdf)
<use tiles/mahjong-Front.pdf>
File: tiles/mahjong-6m.pdf Graphic file (type pdf)
<use tiles/mahjong-6m.pdf>
File: tiles/mahjong-Front.pdf Graphic file (type pdf)
<use tiles/mahjong-Front.pdf>
File: tiles/mahjong-7p.pdf Graphic file (type pdf)
<use tiles/mahjong-7p.pdf>
File: tiles/mahjong-Front.pdf Graphic file (type pdf)
<use tiles/mahjong-Front.pdf>
File: tiles/mahjong-2s.pdf Graphic file (type pdf)
<use tiles/mahjong-2s.pdf>
File: tiles/mahjong-Front.pdf Graphic file (type pdf)
<use tiles/mahjong-Front.pdf>
File: tiles/mahjong-5s.pdf Graphic file (type pdf)
<use tiles/mahjong-5s.pdf>
File: tiles/mahjong-Front.pdf Graphic file (type pdf)
<use tiles/mahjong-Front.pdf>
File: tiles/mahjong-8s.pdf Graphic file (type pdf)
<use tiles/mahjong-8s.pdf>
File: tiles/mahjong-Front.pdf Graphic file (type pdf)
<use tiles/mahjong-Front.pdf>
File: tiles/mahjong-9s.pdf Graphic file (type pdf)
<use tiles/mahjong-9s.pdf>

Package natbib Warning: Citation `ishibashi-black' on page 9 undefined on input
 line 819.

File: tiles/mahjong-Front.pdf Graphic file (type pdf)
<use tiles/mahjong-Front.pdf>
File: tiles/mahjong-1m.pdf Graphic file (type pdf)
<use tiles/mahjong-1m.pdf>
File: tiles/mahjong-Front.pdf Graphic file (type pdf)
<use tiles/mahjong-Front.pdf>
File: tiles/mahjong-1m.pdf Graphic file (type pdf)
<use tiles/mahjong-1m.pdf>
File: tiles/mahjong-Front.pdf Graphic file (type pdf)
<use tiles/mahjong-Front.pdf>
File: tiles/mahjong-6m.pdf Graphic file (type pdf)
<use tiles/mahjong-6m.pdf>
File: tiles/mahjong-Front.pdf Graphic file (type pdf)
<use tiles/mahjong-Front.pdf>
File: tiles/mahjong-6m.pdf Graphic file (type pdf)
<use tiles/mahjong-6m.pdf>
File: tiles/mahjong-Front.pdf Graphic file (type pdf)
<use tiles/mahjong-Front.pdf>
File: tiles/mahjong-7m.pdf Graphic file (type pdf)
<use tiles/mahjong-7m.pdf>
File: tiles/mahjong-Front.pdf Graphic file (type pdf)
<use tiles/mahjong-Front.pdf>
File: tiles/mahjong-6p.pdf Graphic file (type pdf)
<use tiles/mahjong-6p.pdf>
File: tiles/mahjong-Front.pdf Graphic file (type pdf)
<use tiles/mahjong-Front.pdf>
File: tiles/mahjong-8p.pdf Graphic file (type pdf)
<use tiles/mahjong-8p.pdf>
File: tiles/mahjong-Front.pdf Graphic file (type pdf)
<use tiles/mahjong-Front.pdf>
File: tiles/mahjong-3s.pdf Graphic file (type pdf)
<use tiles/mahjong-3s.pdf>
File: tiles/mahjong-Front.pdf Graphic file (type pdf)
<use tiles/mahjong-Front.pdf>
File: tiles/mahjong-4s.pdf Graphic file (type pdf)
<use tiles/mahjong-4s.pdf>
File: tiles/mahjong-Front.pdf Graphic file (type pdf)
<use tiles/mahjong-Front.pdf>
File: tiles/mahjong-8s.pdf Graphic file (type pdf)
<use tiles/mahjong-8s.pdf>
File: tiles/mahjong-Front.pdf Graphic file (type pdf)
<use tiles/mahjong-Front.pdf>
File: tiles/mahjong-9s.pdf Graphic file (type pdf)
<use tiles/mahjong-9s.pdf>
File: tiles/mahjong-Front.pdf Graphic file (type pdf)
<use tiles/mahjong-Front.pdf>
File: tiles/mahjong-3z.pdf Graphic file (type pdf)
<use tiles/mahjong-3z.pdf>
File: tiles/mahjong-Front.pdf Graphic file (type pdf)
<use tiles/mahjong-Front.pdf>
File: tiles/mahjong-3z.pdf Graphic file (type pdf)
<use tiles/mahjong-3z.pdf>
File: tiles/mahjong-Front.pdf Graphic file (type pdf)
<use tiles/mahjong-Front.pdf>
File: tiles/mahjong-3z.pdf Graphic file (type pdf)
<use tiles/mahjong-3z.pdf>

Package natbib Warning: Citation `uzaku-haikouritsu' on page 9 undefined on inp
ut line 823.

File: tiles/mahjong-Front.pdf Graphic file (type pdf)
<use tiles/mahjong-Front.pdf>
File: tiles/mahjong-7m.pdf Graphic file (type pdf)
<use tiles/mahjong-7m.pdf>
File: tiles/mahjong-Front.pdf Graphic file (type pdf)
<use tiles/mahjong-Front.pdf>
File: tiles/mahjong-2p.pdf Graphic file (type pdf)
<use tiles/mahjong-2p.pdf>
File: tiles/mahjong-Front.pdf Graphic file (type pdf)
<use tiles/mahjong-Front.pdf>
File: tiles/mahjong-4p.pdf Graphic file (type pdf)
<use tiles/mahjong-4p.pdf>
File: tiles/mahjong-Front.pdf Graphic file (type pdf)
<use tiles/mahjong-Front.pdf>
File: tiles/mahjong-2m.pdf Graphic file (type pdf)
<use tiles/mahjong-2m.pdf>
File: tiles/mahjong-Front.pdf Graphic file (type pdf)
<use tiles/mahjong-Front.pdf>
File: tiles/mahjong-3m.pdf Graphic file (type pdf)
<use tiles/mahjong-3m.pdf>
File: tiles/mahjong-Front.pdf Graphic file (type pdf)
<use tiles/mahjong-Front.pdf>
File: tiles/mahjong-4m.pdf Graphic file (type pdf)
<use tiles/mahjong-4m.pdf>
File: tiles/mahjong-Front.pdf Graphic file (type pdf)
<use tiles/mahjong-Front.pdf>
File: tiles/mahjong-6m.pdf Graphic file (type pdf)
<use tiles/mahjong-6m.pdf>
File: tiles/mahjong-Front.pdf Graphic file (type pdf)
<use tiles/mahjong-Front.pdf>
File: tiles/mahjong-7m.pdf Graphic file (type pdf)
<use tiles/mahjong-7m.pdf>
File: tiles/mahjong-Front.pdf Graphic file (type pdf)
<use tiles/mahjong-Front.pdf>
File: tiles/mahjong-7m.pdf Graphic file (type pdf)
<use tiles/mahjong-7m.pdf>
File: tiles/mahjong-Front.pdf Graphic file (type pdf)
<use tiles/mahjong-Front.pdf>
File: tiles/mahjong-3p.pdf Graphic file (type pdf)
<use tiles/mahjong-3p.pdf>
File: tiles/mahjong-Front.pdf Graphic file (type pdf)
<use tiles/mahjong-Front.pdf>
File: tiles/mahjong-8p.pdf Graphic file (type pdf)
<use tiles/mahjong-8p.pdf>
File: tiles/mahjong-Front.pdf Graphic file (type pdf)
<use tiles/mahjong-Front.pdf>
File: tiles/mahjong-8p.pdf Graphic file (type pdf)
<use tiles/mahjong-8p.pdf>
File: tiles/mahjong-Front.pdf Graphic file (type pdf)
<use tiles/mahjong-Front.pdf>
File: tiles/mahjong-2s.pdf Graphic file (type pdf)
<use tiles/mahjong-2s.pdf>
File: tiles/mahjong-Front.pdf Graphic file (type pdf)
<use tiles/mahjong-Front.pdf>
File: tiles/mahjong-3s.pdf Graphic file (type pdf)
<use tiles/mahjong-3s.pdf>
File: tiles/mahjong-Front.pdf Graphic file (type pdf)
<use tiles/mahjong-Front.pdf>
File: tiles/mahjong-4s.pdf Graphic file (type pdf)
<use tiles/mahjong-4s.pdf>
File: tiles/mahjong-Front.pdf Graphic file (type pdf)
<use tiles/mahjong-Front.pdf>
File: tiles/mahjong-7s.pdf Graphic file (type pdf)
<use tiles/mahjong-7s.pdf>
File: tiles/mahjong-Front.pdf Graphic file (type pdf)
<use tiles/mahjong-Front.pdf>
File: tiles/mahjong-8s.pdf Graphic file (type pdf)
<use tiles/mahjong-8s.pdf>
File: tiles/mahjong-Front.pdf Graphic file (type pdf)
<use tiles/mahjong-Front.pdf>
File: tiles/mahjong-1m.pdf Graphic file (type pdf)
<use tiles/mahjong-1m.pdf>
File: tiles/mahjong-Front.pdf Graphic file (type pdf)
<use tiles/mahjong-Front.pdf>
File: tiles/mahjong-1p.pdf Graphic file (type pdf)
<use tiles/mahjong-1p.pdf>
File: tiles/mahjong-Front.pdf Graphic file (type pdf)
<use tiles/mahjong-Front.pdf>
File: tiles/mahjong-2p.pdf Graphic file (type pdf)
<use tiles/mahjong-2p.pdf>

Package natbib Warning: Citation `ishibashi-black' on page 9 undefined on input
 line 827.

[9]
File: tiles/mahjong-Front.pdf Graphic file (type pdf)
<use tiles/mahjong-Front.pdf>
File: tiles/mahjong-1m.pdf Graphic file (type pdf)
<use tiles/mahjong-1m.pdf>
File: tiles/mahjong-Front.pdf Graphic file (type pdf)
<use tiles/mahjong-Front.pdf>
File: tiles/mahjong-1m.pdf Graphic file (type pdf)
<use tiles/mahjong-1m.pdf>
File: tiles/mahjong-Front.pdf Graphic file (type pdf)
<use tiles/mahjong-Front.pdf>
File: tiles/mahjong-6m.pdf Graphic file (type pdf)
<use tiles/mahjong-6m.pdf>
File: tiles/mahjong-Front.pdf Graphic file (type pdf)
<use tiles/mahjong-Front.pdf>
File: tiles/mahjong-6m.pdf Graphic file (type pdf)
<use tiles/mahjong-6m.pdf>
File: tiles/mahjong-Front.pdf Graphic file (type pdf)
<use tiles/mahjong-Front.pdf>
File: tiles/mahjong-8m.pdf Graphic file (type pdf)
<use tiles/mahjong-8m.pdf>
File: tiles/mahjong-Front.pdf Graphic file (type pdf)
<use tiles/mahjong-Front.pdf>
File: tiles/mahjong-2p.pdf Graphic file (type pdf)
<use tiles/mahjong-2p.pdf>
File: tiles/mahjong-Front.pdf Graphic file (type pdf)
<use tiles/mahjong-Front.pdf>
File: tiles/mahjong-3p.pdf Graphic file (type pdf)
<use tiles/mahjong-3p.pdf>
File: tiles/mahjong-Front.pdf Graphic file (type pdf)
<use tiles/mahjong-Front.pdf>
File: tiles/mahjong-5p.pdf Graphic file (type pdf)
<use tiles/mahjong-5p.pdf>
File: tiles/mahjong-Front.pdf Graphic file (type pdf)
<use tiles/mahjong-Front.pdf>
File: tiles/mahjong-6p.pdf Graphic file (type pdf)
<use tiles/mahjong-6p.pdf>
File: tiles/mahjong-Front.pdf Graphic file (type pdf)
<use tiles/mahjong-Front.pdf>
File: tiles/mahjong-3s.pdf Graphic file (type pdf)
<use tiles/mahjong-3s.pdf>
File: tiles/mahjong-Front.pdf Graphic file (type pdf)
<use tiles/mahjong-Front.pdf>
File: tiles/mahjong-4s.pdf Graphic file (type pdf)
<use tiles/mahjong-4s.pdf>
File: tiles/mahjong-Front.pdf Graphic file (type pdf)
<use tiles/mahjong-Front.pdf>
File: tiles/mahjong-3z.pdf Graphic file (type pdf)
<use tiles/mahjong-3z.pdf>
File: tiles/mahjong-Front.pdf Graphic file (type pdf)
<use tiles/mahjong-Front.pdf>
File: tiles/mahjong-3z.pdf Graphic file (type pdf)
<use tiles/mahjong-3z.pdf>
File: tiles/mahjong-Front.pdf Graphic file (type pdf)
<use tiles/mahjong-Front.pdf>
File: tiles/mahjong-3z.pdf Graphic file (type pdf)
<use tiles/mahjong-3z.pdf>
File: tiles/mahjong-Front.pdf Graphic file (type pdf)
<use tiles/mahjong-Front.pdf>
File: tiles/mahjong-1m.pdf Graphic file (type pdf)
<use tiles/mahjong-1m.pdf>
File: tiles/mahjong-Front.pdf Graphic file (type pdf)
<use tiles/mahjong-Front.pdf>
File: tiles/mahjong-1m.pdf Graphic file (type pdf)
<use tiles/mahjong-1m.pdf>
File: tiles/mahjong-Front.pdf Graphic file (type pdf)
<use tiles/mahjong-Front.pdf>
File: tiles/mahjong-6m.pdf Graphic file (type pdf)
<use tiles/mahjong-6m.pdf>
File: tiles/mahjong-Front.pdf Graphic file (type pdf)
<use tiles/mahjong-Front.pdf>
File: tiles/mahjong-6m.pdf Graphic file (type pdf)
<use tiles/mahjong-6m.pdf>
File: tiles/mahjong-Front.pdf Graphic file (type pdf)
<use tiles/mahjong-Front.pdf>
File: tiles/mahjong-8m.pdf Graphic file (type pdf)
<use tiles/mahjong-8m.pdf>
File: tiles/mahjong-Front.pdf Graphic file (type pdf)
<use tiles/mahjong-Front.pdf>
File: tiles/mahjong-1p.pdf Graphic file (type pdf)
<use tiles/mahjong-1p.pdf>
File: tiles/mahjong-Front.pdf Graphic file (type pdf)
<use tiles/mahjong-Front.pdf>
File: tiles/mahjong-2p.pdf Graphic file (type pdf)
<use tiles/mahjong-2p.pdf>
File: tiles/mahjong-Front.pdf Graphic file (type pdf)
<use tiles/mahjong-Front.pdf>
File: tiles/mahjong-6p.pdf Graphic file (type pdf)
<use tiles/mahjong-6p.pdf>
File: tiles/mahjong-Front.pdf Graphic file (type pdf)
<use tiles/mahjong-Front.pdf>
File: tiles/mahjong-8p.pdf Graphic file (type pdf)
<use tiles/mahjong-8p.pdf>
File: tiles/mahjong-Front.pdf Graphic file (type pdf)
<use tiles/mahjong-Front.pdf>
File: tiles/mahjong-3s.pdf Graphic file (type pdf)
<use tiles/mahjong-3s.pdf>
File: tiles/mahjong-Front.pdf Graphic file (type pdf)
<use tiles/mahjong-Front.pdf>
File: tiles/mahjong-5s.pdf Graphic file (type pdf)
<use tiles/mahjong-5s.pdf>
File: tiles/mahjong-Front.pdf Graphic file (type pdf)
<use tiles/mahjong-Front.pdf>
File: tiles/mahjong-3z.pdf Graphic file (type pdf)
<use tiles/mahjong-3z.pdf>
File: tiles/mahjong-Front.pdf Graphic file (type pdf)
<use tiles/mahjong-Front.pdf>
File: tiles/mahjong-3z.pdf Graphic file (type pdf)
<use tiles/mahjong-3z.pdf>
File: tiles/mahjong-Front.pdf Graphic file (type pdf)
<use tiles/mahjong-Front.pdf>
File: tiles/mahjong-3z.pdf Graphic file (type pdf)
<use tiles/mahjong-3z.pdf>


Package natbib Warning: Citation `tomo-iishanten' on page 10 undefined on input
 line 837.


Overfull \hbox (4.75809pt too wide) in paragraph at lines 841--849
 [][] 
 []

File: tiles/mahjong-Front.pdf Graphic file (type pdf)
<use tiles/mahjong-Front.pdf>
File: tiles/mahjong-1m.pdf Graphic file (type pdf)
<use tiles/mahjong-1m.pdf>
File: tiles/mahjong-Front.pdf Graphic file (type pdf)
<use tiles/mahjong-Front.pdf>
File: tiles/mahjong-2m.pdf Graphic file (type pdf)
<use tiles/mahjong-2m.pdf>
File: tiles/mahjong-Front.pdf Graphic file (type pdf)
<use tiles/mahjong-Front.pdf>
File: tiles/mahjong-3m.pdf Graphic file (type pdf)
<use tiles/mahjong-3m.pdf>
File: tiles/mahjong-Front.pdf Graphic file (type pdf)
<use tiles/mahjong-Front.pdf>
File: tiles/mahjong-8m.pdf Graphic file (type pdf)
<use tiles/mahjong-8m.pdf>
File: tiles/mahjong-Front.pdf Graphic file (type pdf)
<use tiles/mahjong-Front.pdf>
File: tiles/mahjong-9m.pdf Graphic file (type pdf)
<use tiles/mahjong-9m.pdf>
File: tiles/mahjong-Front.pdf Graphic file (type pdf)
<use tiles/mahjong-Front.pdf>
File: tiles/mahjong-1p.pdf Graphic file (type pdf)
<use tiles/mahjong-1p.pdf>
File: tiles/mahjong-Front.pdf Graphic file (type pdf)
<use tiles/mahjong-Front.pdf>
File: tiles/mahjong-2p.pdf Graphic file (type pdf)
<use tiles/mahjong-2p.pdf>
File: tiles/mahjong-Front.pdf Graphic file (type pdf)
<use tiles/mahjong-Front.pdf>
File: tiles/mahjong-3p.pdf Graphic file (type pdf)
<use tiles/mahjong-3p.pdf>
File: tiles/mahjong-Front.pdf Graphic file (type pdf)
<use tiles/mahjong-Front.pdf>
File: tiles/mahjong-6p.pdf Graphic file (type pdf)
<use tiles/mahjong-6p.pdf>
File: tiles/mahjong-Front.pdf Graphic file (type pdf)
<use tiles/mahjong-Front.pdf>
File: tiles/mahjong-6p.pdf Graphic file (type pdf)
<use tiles/mahjong-6p.pdf>
File: tiles/mahjong-Front.pdf Graphic file (type pdf)
<use tiles/mahjong-Front.pdf>
File: tiles/mahjong-7s.pdf Graphic file (type pdf)
<use tiles/mahjong-7s.pdf>
File: tiles/mahjong-Front.pdf Graphic file (type pdf)
<use tiles/mahjong-Front.pdf>
File: tiles/mahjong-8s.pdf Graphic file (type pdf)
<use tiles/mahjong-8s.pdf>
File: tiles/mahjong-Space.pdf Graphic file (type pdf)
<use tiles/mahjong-Space.pdf>
File: tiles/mahjong-Front.pdf Graphic file (type pdf)
<use tiles/mahjong-Front.pdf>
File: tiles/mahjong-Blank.pdf Graphic file (type pdf)
<use tiles/mahjong-Blank.pdf>
File: tiles/mahjong-Front.pdf Graphic file (type pdf)
<use tiles/mahjong-Front.pdf>
File: tiles/mahjong-Blank.pdf Graphic file (type pdf)
<use tiles/mahjong-Blank.pdf>
File: tiles/mahjong-Front.pdf Graphic file (type pdf)
<use tiles/mahjong-Front.pdf>
File: tiles/mahjong-4z.pdf Graphic file (type pdf)
<use tiles/mahjong-4z.pdf>
File: tiles/mahjong-Front.pdf Graphic file (type pdf)
<use tiles/mahjong-Front.pdf>
File: tiles/mahjong-4s.pdf Graphic file (type pdf)
<use tiles/mahjong-4s.pdf>
File: tiles/mahjong-Front.pdf Graphic file (type pdf)
<use tiles/mahjong-Front.pdf>
File: tiles/mahjong-3s.pdf Graphic file (type pdf)
<use tiles/mahjong-3s.pdf>
File: tiles/mahjong-Front.pdf Graphic file (type pdf)
<use tiles/mahjong-Front.pdf>
File: tiles/mahjong-5s.pdf Graphic file (type pdf)
<use tiles/mahjong-5s.pdf>
File: tiles/mahjong-Front.pdf Graphic file (type pdf)
<use tiles/mahjong-Front.pdf>
File: tiles/mahjong-8m.pdf Graphic file (type pdf)
<use tiles/mahjong-8m.pdf>
File: tiles/mahjong-Front.pdf Graphic file (type pdf)
<use tiles/mahjong-Front.pdf>
File: tiles/mahjong-9m.pdf Graphic file (type pdf)
<use tiles/mahjong-9m.pdf>
File: tiles/mahjong-Front.pdf Graphic file (type pdf)
<use tiles/mahjong-Front.pdf>
File: tiles/mahjong-2s.pdf Graphic file (type pdf)
<use tiles/mahjong-2s.pdf>
File: tiles/mahjong-Front.pdf Graphic file (type pdf)
<use tiles/mahjong-Front.pdf>
File: tiles/mahjong-1s.pdf Graphic file (type pdf)
<use tiles/mahjong-1s.pdf>
File: tiles/mahjong-Front.pdf Graphic file (type pdf)
<use tiles/mahjong-Front.pdf>
File: tiles/mahjong-3s.pdf Graphic file (type pdf)
<use tiles/mahjong-3s.pdf>
File: tiles/mahjong-Front.pdf Graphic file (type pdf)
<use tiles/mahjong-Front.pdf>
File: tiles/mahjong-7m.pdf Graphic file (type pdf)
<use tiles/mahjong-7m.pdf>
File: tiles/mahjong-Front.pdf Graphic file (type pdf)
<use tiles/mahjong-Front.pdf>
File: tiles/mahjong-6s.pdf Graphic file (type pdf)
<use tiles/mahjong-6s.pdf>
File: tiles/mahjong-Front.pdf Graphic file (type pdf)
<use tiles/mahjong-Front.pdf>
File: tiles/mahjong-9s.pdf Graphic file (type pdf)
<use tiles/mahjong-9s.pdf>
File: tiles/mahjong-Front.pdf Graphic file (type pdf)
<use tiles/mahjong-Front.pdf>
File: tiles/mahjong-8m.pdf Graphic file (type pdf)
<use tiles/mahjong-8m.pdf>
File: tiles/mahjong-Front.pdf Graphic file (type pdf)
<use tiles/mahjong-Front.pdf>
File: tiles/mahjong-9m.pdf Graphic file (type pdf)
<use tiles/mahjong-9m.pdf>
File: tiles/mahjong-Front.pdf Graphic file (type pdf)
<use tiles/mahjong-Front.pdf>
File: tiles/mahjong-7m.pdf Graphic file (type pdf)
<use tiles/mahjong-7m.pdf>
File: tiles/mahjong-Front.pdf Graphic file (type pdf)
<use tiles/mahjong-Front.pdf>
File: tiles/mahjong-8m.pdf Graphic file (type pdf)
<use tiles/mahjong-8m.pdf>
File: tiles/mahjong-Front.pdf Graphic file (type pdf)
<use tiles/mahjong-Front.pdf>
File: tiles/mahjong-1m.pdf Graphic file (type pdf)
<use tiles/mahjong-1m.pdf>
File: tiles/mahjong-Front.pdf Graphic file (type pdf)
<use tiles/mahjong-Front.pdf>
File: tiles/mahjong-2m.pdf Graphic file (type pdf)
<use tiles/mahjong-2m.pdf>
File: tiles/mahjong-Front.pdf Graphic file (type pdf)
<use tiles/mahjong-Front.pdf>
File: tiles/mahjong-3m.pdf Graphic file (type pdf)
<use tiles/mahjong-3m.pdf>
File: tiles/mahjong-Front.pdf Graphic file (type pdf)
<use tiles/mahjong-Front.pdf>
File: tiles/mahjong-7m.pdf Graphic file (type pdf)
<use tiles/mahjong-7m.pdf>
File: tiles/mahjong-Front.pdf Graphic file (type pdf)
<use tiles/mahjong-Front.pdf>
File: tiles/mahjong-8m.pdf Graphic file (type pdf)
<use tiles/mahjong-8m.pdf>
File: tiles/mahjong-Front.pdf Graphic file (type pdf)
<use tiles/mahjong-Front.pdf>
File: tiles/mahjong-9m.pdf Graphic file (type pdf)
<use tiles/mahjong-9m.pdf>
File: tiles/mahjong-Front.pdf Graphic file (type pdf)
<use tiles/mahjong-Front.pdf>
File: tiles/mahjong-2p.pdf Graphic file (type pdf)
<use tiles/mahjong-2p.pdf>
File: tiles/mahjong-Front.pdf Graphic file (type pdf)
<use tiles/mahjong-Front.pdf>
File: tiles/mahjong-3p.pdf Graphic file (type pdf)
<use tiles/mahjong-3p.pdf>
File: tiles/mahjong-Front.pdf Graphic file (type pdf)
<use tiles/mahjong-Front.pdf>
File: tiles/mahjong-5p.pdf Graphic file (type pdf)
<use tiles/mahjong-5p.pdf>
File: tiles/mahjong-Front.pdf Graphic file (type pdf)
<use tiles/mahjong-Front.pdf>
File: tiles/mahjong-6p.pdf Graphic file (type pdf)
<use tiles/mahjong-6p.pdf>
File: tiles/mahjong-Front.pdf Graphic file (type pdf)
<use tiles/mahjong-Front.pdf>
File: tiles/mahjong-6p.pdf Graphic file (type pdf)
<use tiles/mahjong-6p.pdf>
File: tiles/mahjong-Front.pdf Graphic file (type pdf)
<use tiles/mahjong-Front.pdf>
File: tiles/mahjong-8s.pdf Graphic file (type pdf)
<use tiles/mahjong-8s.pdf>
File: tiles/mahjong-Front.pdf Graphic file (type pdf)
<use tiles/mahjong-Front.pdf>
File: tiles/mahjong-8s.pdf Graphic file (type pdf)
<use tiles/mahjong-8s.pdf>
File: tiles/mahjong-Front.pdf Graphic file (type pdf)
<use tiles/mahjong-Front.pdf>
File: tiles/mahjong-1m.pdf Graphic file (type pdf)
<use tiles/mahjong-1m.pdf>
File: tiles/mahjong-Front.pdf Graphic file (type pdf)
<use tiles/mahjong-Front.pdf>
File: tiles/mahjong-2m.pdf Graphic file (type pdf)
<use tiles/mahjong-2m.pdf>
File: tiles/mahjong-Front.pdf Graphic file (type pdf)
<use tiles/mahjong-Front.pdf>
File: tiles/mahjong-3m.pdf Graphic file (type pdf)
<use tiles/mahjong-3m.pdf>
File: tiles/mahjong-Front.pdf Graphic file (type pdf)
<use tiles/mahjong-Front.pdf>
File: tiles/mahjong-7m.pdf Graphic file (type pdf)
<use tiles/mahjong-7m.pdf>
File: tiles/mahjong-Front.pdf Graphic file (type pdf)
<use tiles/mahjong-Front.pdf>
File: tiles/mahjong-8m.pdf Graphic file (type pdf)
<use tiles/mahjong-8m.pdf>
File: tiles/mahjong-Front.pdf Graphic file (type pdf)
<use tiles/mahjong-Front.pdf>
File: tiles/mahjong-8m.pdf Graphic file (type pdf)
<use tiles/mahjong-8m.pdf>
File: tiles/mahjong-Front.pdf Graphic file (type pdf)
<use tiles/mahjong-Front.pdf>
File: tiles/mahjong-2p.pdf Graphic file (type pdf)
<use tiles/mahjong-2p.pdf>
File: tiles/mahjong-Front.pdf Graphic file (type pdf)
<use tiles/mahjong-Front.pdf>
File: tiles/mahjong-3p.pdf Graphic file (type pdf)
<use tiles/mahjong-3p.pdf>
File: tiles/mahjong-Front.pdf Graphic file (type pdf)
<use tiles/mahjong-Front.pdf>
File: tiles/mahjong-4p.pdf Graphic file (type pdf)
<use tiles/mahjong-4p.pdf>
File: tiles/mahjong-Front.pdf Graphic file (type pdf)
<use tiles/mahjong-Front.pdf>
File: tiles/mahjong-5p.pdf Graphic file (type pdf)
<use tiles/mahjong-5p.pdf>
File: tiles/mahjong-Front.pdf Graphic file (type pdf)
<use tiles/mahjong-Front.pdf>
File: tiles/mahjong-6p.pdf Graphic file (type pdf)
<use tiles/mahjong-6p.pdf>
File: tiles/mahjong-Front.pdf Graphic file (type pdf)
<use tiles/mahjong-Front.pdf>
File: tiles/mahjong-8s.pdf Graphic file (type pdf)
<use tiles/mahjong-8s.pdf>
File: tiles/mahjong-Front.pdf Graphic file (type pdf)
<use tiles/mahjong-Front.pdf>
File: tiles/mahjong-8s.pdf Graphic file (type pdf)
<use tiles/mahjong-8s.pdf>
File: tiles/mahjong-Front.pdf Graphic file (type pdf)
<use tiles/mahjong-Front.pdf>
File: tiles/mahjong-6m.pdf Graphic file (type pdf)
<use tiles/mahjong-6m.pdf>
File: tiles/mahjong-Front.pdf Graphic file (type pdf)
<use tiles/mahjong-Front.pdf>
File: tiles/mahjong-8m.pdf Graphic file (type pdf)
<use tiles/mahjong-8m.pdf>
File: tiles/mahjong-Front.pdf Graphic file (type pdf)
<use tiles/mahjong-Front.pdf>
File: tiles/mahjong-9m.pdf Graphic file (type pdf)
<use tiles/mahjong-9m.pdf>
File: tiles/mahjong-Front.pdf Graphic file (type pdf)
<use tiles/mahjong-Front.pdf>
File: tiles/mahjong-1p.pdf Graphic file (type pdf)
<use tiles/mahjong-1p.pdf>
File: tiles/mahjong-Front.pdf Graphic file (type pdf)
<use tiles/mahjong-Front.pdf>
File: tiles/mahjong-4p.pdf Graphic file (type pdf)
<use tiles/mahjong-4p.pdf>
File: tiles/mahjong-Front.pdf Graphic file (type pdf)
<use tiles/mahjong-Front.pdf>
File: tiles/mahjong-7p.pdf Graphic file (type pdf)
<use tiles/mahjong-7p.pdf>
File: tiles/mahjong-Front.pdf Graphic file (type pdf)
<use tiles/mahjong-Front.pdf>
File: tiles/mahjong-8s.pdf Graphic file (type pdf)
<use tiles/mahjong-8s.pdf>
File: tiles/mahjong-Front.pdf Graphic file (type pdf)
<use tiles/mahjong-Front.pdf>
File: tiles/mahjong-2m.pdf Graphic file (type pdf)
<use tiles/mahjong-2m.pdf>
File: tiles/mahjong-Front.pdf Graphic file (type pdf)
<use tiles/mahjong-Front.pdf>
File: tiles/mahjong-2m.pdf Graphic file (type pdf)
<use tiles/mahjong-2m.pdf>
File: tiles/mahjong-Front.pdf Graphic file (type pdf)
<use tiles/mahjong-Front.pdf>
File: tiles/mahjong-5p.pdf Graphic file (type pdf)
<use tiles/mahjong-5p.pdf>
File: tiles/mahjong-Front.pdf Graphic file (type pdf)
<use tiles/mahjong-Front.pdf>
File: tiles/mahjong-6p.pdf Graphic file (type pdf)
<use tiles/mahjong-6p.pdf>
File: tiles/mahjong-Front.pdf Graphic file (type pdf)
<use tiles/mahjong-Front.pdf>
File: tiles/mahjong-6p.pdf Graphic file (type pdf)
<use tiles/mahjong-6p.pdf>
File: tiles/mahjong-Front.pdf Graphic file (type pdf)
<use tiles/mahjong-Front.pdf>
File: tiles/mahjong-7p.pdf Graphic file (type pdf)
<use tiles/mahjong-7p.pdf>
File: tiles/mahjong-Front.pdf Graphic file (type pdf)
<use tiles/mahjong-Front.pdf>
File: tiles/mahjong-8p.pdf Graphic file (type pdf)
<use tiles/mahjong-8p.pdf>
File: tiles/mahjong-Front.pdf Graphic file (type pdf)
<use tiles/mahjong-Front.pdf>
File: tiles/mahjong-8p.pdf Graphic file (type pdf)
<use tiles/mahjong-8p.pdf>
File: tiles/mahjong-Front.pdf Graphic file (type pdf)
<use tiles/mahjong-Front.pdf>
File: tiles/mahjong-3s.pdf Graphic file (type pdf)
<use tiles/mahjong-3s.pdf>
File: tiles/mahjong-Front.pdf Graphic file (type pdf)
<use tiles/mahjong-Front.pdf>
File: tiles/mahjong-4s.pdf Graphic file (type pdf)
<use tiles/mahjong-4s.pdf>
File: tiles/mahjong-Front.pdf Graphic file (type pdf)
<use tiles/mahjong-Front.pdf>
File: tiles/mahjong-6s.pdf Graphic file (type pdf)
<use tiles/mahjong-6s.pdf>
File: tiles/mahjong-Front.pdf Graphic file (type pdf)
<use tiles/mahjong-Front.pdf>
File: tiles/mahjong-7s.pdf Graphic file (type pdf)
<use tiles/mahjong-7s.pdf>
File: tiles/mahjong-Front.pdf Graphic file (type pdf)
<use tiles/mahjong-Front.pdf>
File: tiles/mahjong-8s.pdf Graphic file (type pdf)
<use tiles/mahjong-8s.pdf>
File: tiles/mahjong-Front.pdf Graphic file (type pdf)
<use tiles/mahjong-Front.pdf>
File: tiles/mahjong-6m.pdf Graphic file (type pdf)
<use tiles/mahjong-6m.pdf>
File: tiles/mahjong-Front.pdf Graphic file (type pdf)
<use tiles/mahjong-Front.pdf>
File: tiles/mahjong-8m.pdf Graphic file (type pdf)
<use tiles/mahjong-8m.pdf>
File: tiles/mahjong-Front.pdf Graphic file (type pdf)
<use tiles/mahjong-Front.pdf>
File: tiles/mahjong-8m.pdf Graphic file (type pdf)
<use tiles/mahjong-8m.pdf>
File: tiles/mahjong-Front.pdf Graphic file (type pdf)
<use tiles/mahjong-Front.pdf>
File: tiles/mahjong-2p.pdf Graphic file (type pdf)
<use tiles/mahjong-2p.pdf>
File: tiles/mahjong-Front.pdf Graphic file (type pdf)
<use tiles/mahjong-Front.pdf>
File: tiles/mahjong-2p.pdf Graphic file (type pdf)
<use tiles/mahjong-2p.pdf>
File: tiles/mahjong-Front.pdf Graphic file (type pdf)
<use tiles/mahjong-Front.pdf>
File: tiles/mahjong-5p.pdf Graphic file (type pdf)
<use tiles/mahjong-5p.pdf>
File: tiles/mahjong-Front.pdf Graphic file (type pdf)
<use tiles/mahjong-Front.pdf>
File: tiles/mahjong-6p.pdf Graphic file (type pdf)
<use tiles/mahjong-6p.pdf>
File: tiles/mahjong-Front.pdf Graphic file (type pdf)
<use tiles/mahjong-Front.pdf>
File: tiles/mahjong-7p.pdf Graphic file (type pdf)
<use tiles/mahjong-7p.pdf>
File: tiles/mahjong-Front.pdf Graphic file (type pdf)
<use tiles/mahjong-Front.pdf>
File: tiles/mahjong-3s.pdf Graphic file (type pdf)
<use tiles/mahjong-3s.pdf>
File: tiles/mahjong-Front.pdf Graphic file (type pdf)
<use tiles/mahjong-Front.pdf>
File: tiles/mahjong-4s.pdf Graphic file (type pdf)
<use tiles/mahjong-4s.pdf>
File: tiles/mahjong-Front.pdf Graphic file (type pdf)
<use tiles/mahjong-Front.pdf>
File: tiles/mahjong-6s.pdf Graphic file (type pdf)
<use tiles/mahjong-6s.pdf>
File: tiles/mahjong-Front.pdf Graphic file (type pdf)
<use tiles/mahjong-Front.pdf>
File: tiles/mahjong-7s.pdf Graphic file (type pdf)
<use tiles/mahjong-7s.pdf>
File: tiles/mahjong-Front.pdf Graphic file (type pdf)
<use tiles/mahjong-Front.pdf>
File: tiles/mahjong-8s.pdf Graphic file (type pdf)
<use tiles/mahjong-8s.pdf>
File: tiles/mahjong-Front.pdf Graphic file (type pdf)
<use tiles/mahjong-Front.pdf>
File: tiles/mahjong-5p.pdf Graphic file (type pdf)
<use tiles/mahjong-5p.pdf>
File: tiles/mahjong-Front.pdf Graphic file (type pdf)
<use tiles/mahjong-Front.pdf>
File: tiles/mahjong-6p.pdf Graphic file (type pdf)
<use tiles/mahjong-6p.pdf>
File: tiles/mahjong-Front.pdf Graphic file (type pdf)
<use tiles/mahjong-Front.pdf>
File: tiles/mahjong-6p.pdf Graphic file (type pdf)
<use tiles/mahjong-6p.pdf>
File: tiles/mahjong-Front.pdf Graphic file (type pdf)
<use tiles/mahjong-Front.pdf>
File: tiles/mahjong-7p.pdf Graphic file (type pdf)
<use tiles/mahjong-7p.pdf>
File: tiles/mahjong-Front.pdf Graphic file (type pdf)
<use tiles/mahjong-Front.pdf>
File: tiles/mahjong-8p.pdf Graphic file (type pdf)
<use tiles/mahjong-8p.pdf>
File: tiles/mahjong-Front.pdf Graphic file (type pdf)
<use tiles/mahjong-Front.pdf>
File: tiles/mahjong-8p.pdf Graphic file (type pdf)
<use tiles/mahjong-8p.pdf>
File: tiles/mahjong-Front.pdf Graphic file (type pdf)
<use tiles/mahjong-Front.pdf>
File: tiles/mahjong-2p.pdf Graphic file (type pdf)
<use tiles/mahjong-2p.pdf>
File: tiles/mahjong-Front.pdf Graphic file (type pdf)
<use tiles/mahjong-Front.pdf>
File: tiles/mahjong-4p.pdf Graphic file (type pdf)
<use tiles/mahjong-4p.pdf>
File: tiles/mahjong-Front.pdf Graphic file (type pdf)
<use tiles/mahjong-Front.pdf>
File: tiles/mahjong-7p.pdf Graphic file (type pdf)
<use tiles/mahjong-7p.pdf>
File: tiles/mahjong-Front.pdf Graphic file (type pdf)
<use tiles/mahjong-Front.pdf>
File: tiles/mahjong-8p.pdf Graphic file (type pdf)
<use tiles/mahjong-8p.pdf>
File: tiles/mahjong-Front.pdf Graphic file (type pdf)
<use tiles/mahjong-Front.pdf>
File: tiles/mahjong-2s.pdf Graphic file (type pdf)
<use tiles/mahjong-2s.pdf>
File: tiles/mahjong-Front.pdf Graphic file (type pdf)
<use tiles/mahjong-Front.pdf>
File: tiles/mahjong-5s.pdf Graphic file (type pdf)
<use tiles/mahjong-5s.pdf>
File: tiles/mahjong-Front.pdf Graphic file (type pdf)
<use tiles/mahjong-Front.pdf>
File: tiles/mahjong-5p.pdf Graphic file (type pdf)
<use tiles/mahjong-5p.pdf>
File: tiles/mahjong-Front.pdf Graphic file (type pdf)
<use tiles/mahjong-Front.pdf>
File: tiles/mahjong-6p.pdf Graphic file (type pdf)
<use tiles/mahjong-6p.pdf>
File: tiles/mahjong-Front.pdf Graphic file (type pdf)
<use tiles/mahjong-Front.pdf>
File: tiles/mahjong-7p.pdf Graphic file (type pdf)
<use tiles/mahjong-7p.pdf>
File: tiles/mahjong-Front.pdf Graphic file (type pdf)
<use tiles/mahjong-Front.pdf>
File: tiles/mahjong-6p.pdf Graphic file (type pdf)
<use tiles/mahjong-6p.pdf>
File: tiles/mahjong-Front.pdf Graphic file (type pdf)
<use tiles/mahjong-Front.pdf>
File: tiles/mahjong-8p.pdf Graphic file (type pdf)
<use tiles/mahjong-8p.pdf>
File: tiles/mahjong-Front.pdf Graphic file (type pdf)
<use tiles/mahjong-Front.pdf>
File: tiles/mahjong-8p.pdf Graphic file (type pdf)
<use tiles/mahjong-8p.pdf>
File: tiles/mahjong-Front.pdf Graphic file (type pdf)
<use tiles/mahjong-Front.pdf>
File: tiles/mahjong-6p.pdf Graphic file (type pdf)
<use tiles/mahjong-6p.pdf>
File: tiles/mahjong-Front.pdf Graphic file (type pdf)
<use tiles/mahjong-Front.pdf>
File: tiles/mahjong-8p.pdf Graphic file (type pdf)
<use tiles/mahjong-8p.pdf>
File: tiles/mahjong-Front.pdf Graphic file (type pdf)
<use tiles/mahjong-Front.pdf>
File: tiles/mahjong-8p.pdf Graphic file (type pdf)
<use tiles/mahjong-8p.pdf>
File: tiles/mahjong-Front.pdf Graphic file (type pdf)
<use tiles/mahjong-Front.pdf>
File: tiles/mahjong-6m.pdf Graphic file (type pdf)
<use tiles/mahjong-6m.pdf>
File: tiles/mahjong-Front.pdf Graphic file (type pdf)
<use tiles/mahjong-Front.pdf>
File: tiles/mahjong-8m.pdf Graphic file (type pdf)
<use tiles/mahjong-8m.pdf>
File: tiles/mahjong-Front.pdf Graphic file (type pdf)
<use tiles/mahjong-Front.pdf>
File: tiles/mahjong-8m.pdf Graphic file (type pdf)
<use tiles/mahjong-8m.pdf>
File: tiles/mahjong-Front.pdf Graphic file (type pdf)
<use tiles/mahjong-Front.pdf>
File: tiles/mahjong-7m.pdf Graphic file (type pdf)
<use tiles/mahjong-7m.pdf>
File: tiles/mahjong-Front.pdf Graphic file (type pdf)
<use tiles/mahjong-Front.pdf>
File: tiles/mahjong-8m.pdf Graphic file (type pdf)
<use tiles/mahjong-8m.pdf>
File: tiles/mahjong-Front.pdf Graphic file (type pdf)
<use tiles/mahjong-Front.pdf>
File: tiles/mahjong-2p.pdf Graphic file (type pdf)
<use tiles/mahjong-2p.pdf>
File: tiles/mahjong-Front.pdf Graphic file (type pdf)
<use tiles/mahjong-Front.pdf>
File: tiles/mahjong-2s.pdf Graphic file (type pdf)
<use tiles/mahjong-2s.pdf>
File: tiles/mahjong-Front.pdf Graphic file (type pdf)
<use tiles/mahjong-Front.pdf>
File: tiles/mahjong-5s.pdf Graphic file (type pdf)
<use tiles/mahjong-5s.pdf>
File: tiles/mahjong-Front.pdf Graphic file (type pdf)
<use tiles/mahjong-Front.pdf>
File: tiles/mahjong-1m.pdf Graphic file (type pdf)
<use tiles/mahjong-1m.pdf>
File: tiles/mahjong-Front.pdf Graphic file (type pdf)
<use tiles/mahjong-Front.pdf>
File: tiles/mahjong-2m.pdf Graphic file (type pdf)
<use tiles/mahjong-2m.pdf>
File: tiles/mahjong-Front.pdf Graphic file (type pdf)
<use tiles/mahjong-Front.pdf>
File: tiles/mahjong-3m.pdf Graphic file (type pdf)
<use tiles/mahjong-3m.pdf>
File: tiles/mahjong-Front.pdf Graphic file (type pdf)
<use tiles/mahjong-Front.pdf>
File: tiles/mahjong-7m.pdf Graphic file (type pdf)
<use tiles/mahjong-7m.pdf>
File: tiles/mahjong-Front.pdf Graphic file (type pdf)
<use tiles/mahjong-Front.pdf>
File: tiles/mahjong-8m.pdf Graphic file (type pdf)
<use tiles/mahjong-8m.pdf>
File: tiles/mahjong-Front.pdf Graphic file (type pdf)
<use tiles/mahjong-Front.pdf>
File: tiles/mahjong-2p.pdf Graphic file (type pdf)
<use tiles/mahjong-2p.pdf>
File: tiles/mahjong-Front.pdf Graphic file (type pdf)
<use tiles/mahjong-Front.pdf>
File: tiles/mahjong-2p.pdf Graphic file (type pdf)
<use tiles/mahjong-2p.pdf>
File: tiles/mahjong-Front.pdf Graphic file (type pdf)
<use tiles/mahjong-Front.pdf>
File: tiles/mahjong-3p.pdf Graphic file (type pdf)
<use tiles/mahjong-3p.pdf>
File: tiles/mahjong-Front.pdf Graphic file (type pdf)
<use tiles/mahjong-Front.pdf>
File: tiles/mahjong-4p.pdf Graphic file (type pdf)
<use tiles/mahjong-4p.pdf>
File: tiles/mahjong-Front.pdf Graphic file (type pdf)
<use tiles/mahjong-Front.pdf>
File: tiles/mahjong-5p.pdf Graphic file (type pdf)
<use tiles/mahjong-5p.pdf>
File: tiles/mahjong-Front.pdf Graphic file (type pdf)
<use tiles/mahjong-Front.pdf>
File: tiles/mahjong-6p.pdf Graphic file (type pdf)
<use tiles/mahjong-6p.pdf>
File: tiles/mahjong-Front.pdf Graphic file (type pdf)
<use tiles/mahjong-Front.pdf>
File: tiles/mahjong-8s.pdf Graphic file (type pdf)
<use tiles/mahjong-8s.pdf>
File: tiles/mahjong-Front.pdf Graphic file (type pdf)
<use tiles/mahjong-Front.pdf>
File: tiles/mahjong-8s.pdf Graphic file (type pdf)
<use tiles/mahjong-8s.pdf>
File: tiles/mahjong-Front.pdf Graphic file (type pdf)
<use tiles/mahjong-Front.pdf>
File: tiles/mahjong-2p.pdf Graphic file (type pdf)
<use tiles/mahjong-2p.pdf>
File: tiles/mahjong-Front.pdf Graphic file (type pdf)
<use tiles/mahjong-Front.pdf>
File: tiles/mahjong-2p.pdf Graphic file (type pdf)
<use tiles/mahjong-2p.pdf>
File: tiles/mahjong-Front.pdf Graphic file (type pdf)
<use tiles/mahjong-Front.pdf>
File: tiles/mahjong-3p.pdf Graphic file (type pdf)
<use tiles/mahjong-3p.pdf>
File: tiles/mahjong-Front.pdf Graphic file (type pdf)
<use tiles/mahjong-Front.pdf>
File: tiles/mahjong-4p.pdf Graphic file (type pdf)
<use tiles/mahjong-4p.pdf>
File: tiles/mahjong-Front.pdf Graphic file (type pdf)
<use tiles/mahjong-Front.pdf>
File: tiles/mahjong-5p.pdf Graphic file (type pdf)
<use tiles/mahjong-5p.pdf>
File: tiles/mahjong-Front.pdf Graphic file (type pdf)
<use tiles/mahjong-Front.pdf>
File: tiles/mahjong-6p.pdf Graphic file (type pdf)
<use tiles/mahjong-6p.pdf>
File: tiles/mahjong-Front.pdf Graphic file (type pdf)
<use tiles/mahjong-Front.pdf>
File: tiles/mahjong-2p.pdf Graphic file (type pdf)
<use tiles/mahjong-2p.pdf>
File: tiles/mahjong-Front.pdf Graphic file (type pdf)
<use tiles/mahjong-Front.pdf>
File: tiles/mahjong-3p.pdf Graphic file (type pdf)
<use tiles/mahjong-3p.pdf>
File: tiles/mahjong-Front.pdf Graphic file (type pdf)
<use tiles/mahjong-Front.pdf>
File: tiles/mahjong-3p.pdf Graphic file (type pdf)
<use tiles/mahjong-3p.pdf>
File: tiles/mahjong-Front.pdf Graphic file (type pdf)
<use tiles/mahjong-Front.pdf>
File: tiles/mahjong-4p.pdf Graphic file (type pdf)
<use tiles/mahjong-4p.pdf>
File: tiles/mahjong-Front.pdf Graphic file (type pdf)
<use tiles/mahjong-Front.pdf>
File: tiles/mahjong-5p.pdf Graphic file (type pdf)
<use tiles/mahjong-5p.pdf>
File: tiles/mahjong-Front.pdf Graphic file (type pdf)
<use tiles/mahjong-Front.pdf>
File: tiles/mahjong-6p.pdf Graphic file (type pdf)
<use tiles/mahjong-6p.pdf>
File: tiles/mahjong-Front.pdf Graphic file (type pdf)
<use tiles/mahjong-Front.pdf>
File: tiles/mahjong-1m.pdf Graphic file (type pdf)
<use tiles/mahjong-1m.pdf>
File: tiles/mahjong-Front.pdf Graphic file (type pdf)
<use tiles/mahjong-Front.pdf>
File: tiles/mahjong-2m.pdf Graphic file (type pdf)
<use tiles/mahjong-2m.pdf>
File: tiles/mahjong-Front.pdf Graphic file (type pdf)
<use tiles/mahjong-Front.pdf>
File: tiles/mahjong-3m.pdf Graphic file (type pdf)
<use tiles/mahjong-3m.pdf>
File: tiles/mahjong-Front.pdf Graphic file (type pdf)
<use tiles/mahjong-Front.pdf>
File: tiles/mahjong-7m.pdf Graphic file (type pdf)
<use tiles/mahjong-7m.pdf>
File: tiles/mahjong-Front.pdf Graphic file (type pdf)
<use tiles/mahjong-Front.pdf>
File: tiles/mahjong-8m.pdf Graphic file (type pdf)
<use tiles/mahjong-8m.pdf>
File: tiles/mahjong-Front.pdf Graphic file (type pdf)
<use tiles/mahjong-Front.pdf>
File: tiles/mahjong-9m.pdf Graphic file (type pdf)
<use tiles/mahjong-9m.pdf>
File: tiles/mahjong-Front.pdf Graphic file (type pdf)
<use tiles/mahjong-Front.pdf>
File: tiles/mahjong-2p.pdf Graphic file (type pdf)
<use tiles/mahjong-2p.pdf>
File: tiles/mahjong-Front.pdf Graphic file (type pdf)
<use tiles/mahjong-Front.pdf>
File: tiles/mahjong-3p.pdf Graphic file (type pdf)
<use tiles/mahjong-3p.pdf>
File: tiles/mahjong-Front.pdf Graphic file (type pdf)
<use tiles/mahjong-Front.pdf>
File: tiles/mahjong-5p.pdf Graphic file (type pdf)
<use tiles/mahjong-5p.pdf>
File: tiles/mahjong-Front.pdf Graphic file (type pdf)
<use tiles/mahjong-Front.pdf>
File: tiles/mahjong-6p.pdf Graphic file (type pdf)
<use tiles/mahjong-6p.pdf>
File: tiles/mahjong-Front.pdf Graphic file (type pdf)
<use tiles/mahjong-Front.pdf>
File: tiles/mahjong-7p.pdf Graphic file (type pdf)
<use tiles/mahjong-7p.pdf>
File: tiles/mahjong-Front.pdf Graphic file (type pdf)
<use tiles/mahjong-Front.pdf>
File: tiles/mahjong-7s.pdf Graphic file (type pdf)
<use tiles/mahjong-7s.pdf>
File: tiles/mahjong-Front.pdf Graphic file (type pdf)
<use tiles/mahjong-Front.pdf>
File: tiles/mahjong-8s.pdf Graphic file (type pdf)
<use tiles/mahjong-8s.pdf>
File: tiles/mahjong-Front.pdf Graphic file (type pdf)
<use tiles/mahjong-Front.pdf>
File: tiles/mahjong-1m.pdf Graphic file (type pdf)
<use tiles/mahjong-1m.pdf>
File: tiles/mahjong-Front.pdf Graphic file (type pdf)
<use tiles/mahjong-Front.pdf>
File: tiles/mahjong-1m.pdf Graphic file (type pdf)
<use tiles/mahjong-1m.pdf>
File: tiles/mahjong-Front.pdf Graphic file (type pdf)
<use tiles/mahjong-Front.pdf>
File: tiles/mahjong-1m.pdf Graphic file (type pdf)
<use tiles/mahjong-1m.pdf>
File: tiles/mahjong-Front.pdf Graphic file (type pdf)
<use tiles/mahjong-Front.pdf>
File: tiles/mahjong-7m.pdf Graphic file (type pdf)
<use tiles/mahjong-7m.pdf>
File: tiles/mahjong-Front.pdf Graphic file (type pdf)
<use tiles/mahjong-Front.pdf>
File: tiles/mahjong-8m.pdf Graphic file (type pdf)
<use tiles/mahjong-8m.pdf>
File: tiles/mahjong-Front.pdf Graphic file (type pdf)
<use tiles/mahjong-Front.pdf>
File: tiles/mahjong-9m.pdf Graphic file (type pdf)
<use tiles/mahjong-9m.pdf>
File: tiles/mahjong-Front.pdf Graphic file (type pdf)
<use tiles/mahjong-Front.pdf>
File: tiles/mahjong-2p.pdf Graphic file (type pdf)
<use tiles/mahjong-2p.pdf>
File: tiles/mahjong-Front.pdf Graphic file (type pdf)
<use tiles/mahjong-Front.pdf>
File: tiles/mahjong-3p.pdf Graphic file (type pdf)
<use tiles/mahjong-3p.pdf>
File: tiles/mahjong-Front.pdf Graphic file (type pdf)
<use tiles/mahjong-Front.pdf>
File: tiles/mahjong-5p.pdf Graphic file (type pdf)
<use tiles/mahjong-5p.pdf>
File: tiles/mahjong-Front.pdf Graphic file (type pdf)
<use tiles/mahjong-Front.pdf>
File: tiles/mahjong-6p.pdf Graphic file (type pdf)
<use tiles/mahjong-6p.pdf>
File: tiles/mahjong-Front.pdf Graphic file (type pdf)
<use tiles/mahjong-Front.pdf>
File: tiles/mahjong-7p.pdf Graphic file (type pdf)
<use tiles/mahjong-7p.pdf>
File: tiles/mahjong-Front.pdf Graphic file (type pdf)
<use tiles/mahjong-Front.pdf>
File: tiles/mahjong-7s.pdf Graphic file (type pdf)
<use tiles/mahjong-7s.pdf>
File: tiles/mahjong-Front.pdf Graphic file (type pdf)
<use tiles/mahjong-Front.pdf>
File: tiles/mahjong-8s.pdf Graphic file (type pdf)
<use tiles/mahjong-8s.pdf>
File: tiles/mahjong-Front.pdf Graphic file (type pdf)
<use tiles/mahjong-Front.pdf>
File: tiles/mahjong-1m.pdf Graphic file (type pdf)
<use tiles/mahjong-1m.pdf>
File: tiles/mahjong-Front.pdf Graphic file (type pdf)
<use tiles/mahjong-Front.pdf>
File: tiles/mahjong-1m.pdf Graphic file (type pdf)
<use tiles/mahjong-1m.pdf>
File: tiles/mahjong-Front.pdf Graphic file (type pdf)
<use tiles/mahjong-Front.pdf>
File: tiles/mahjong-1m.pdf Graphic file (type pdf)
<use tiles/mahjong-1m.pdf>
File: tiles/mahjong-Front.pdf Graphic file (type pdf)
<use tiles/mahjong-Front.pdf>
File: tiles/mahjong-7m.pdf Graphic file (type pdf)
<use tiles/mahjong-7m.pdf>
File: tiles/mahjong-Front.pdf Graphic file (type pdf)
<use tiles/mahjong-Front.pdf>
File: tiles/mahjong-8m.pdf Graphic file (type pdf)
<use tiles/mahjong-8m.pdf>
File: tiles/mahjong-Front.pdf Graphic file (type pdf)
<use tiles/mahjong-Front.pdf>
File: tiles/mahjong-9m.pdf Graphic file (type pdf)
<use tiles/mahjong-9m.pdf>
File: tiles/mahjong-Front.pdf Graphic file (type pdf)
<use tiles/mahjong-Front.pdf>
File: tiles/mahjong-3p.pdf Graphic file (type pdf)
<use tiles/mahjong-3p.pdf>
File: tiles/mahjong-Front.pdf Graphic file (type pdf)
<use tiles/mahjong-Front.pdf>
File: tiles/mahjong-4p.pdf Graphic file (type pdf)
<use tiles/mahjong-4p.pdf>
File: tiles/mahjong-Front.pdf Graphic file (type pdf)
<use tiles/mahjong-Front.pdf>
File: tiles/mahjong-5p.pdf Graphic file (type pdf)
<use tiles/mahjong-5p.pdf>
File: tiles/mahjong-Front.pdf Graphic file (type pdf)
<use tiles/mahjong-Front.pdf>
File: tiles/mahjong-6p.pdf Graphic file (type pdf)
<use tiles/mahjong-6p.pdf>
File: tiles/mahjong-Front.pdf Graphic file (type pdf)
<use tiles/mahjong-Front.pdf>
File: tiles/mahjong-7p.pdf Graphic file (type pdf)
<use tiles/mahjong-7p.pdf>
File: tiles/mahjong-Front.pdf Graphic file (type pdf)
<use tiles/mahjong-Front.pdf>
File: tiles/mahjong-7s.pdf Graphic file (type pdf)
<use tiles/mahjong-7s.pdf>
File: tiles/mahjong-Front.pdf Graphic file (type pdf)
<use tiles/mahjong-Front.pdf>
File: tiles/mahjong-8s.pdf Graphic file (type pdf)
<use tiles/mahjong-8s.pdf>
File: tiles/mahjong-Front.pdf Graphic file (type pdf)
<use tiles/mahjong-Front.pdf>
File: tiles/mahjong-2p.pdf Graphic file (type pdf)
<use tiles/mahjong-2p.pdf>
File: tiles/mahjong-Front.pdf Graphic file (type pdf)
<use tiles/mahjong-Front.pdf>
File: tiles/mahjong-3p.pdf Graphic file (type pdf)
<use tiles/mahjong-3p.pdf>
File: tiles/mahjong-Front.pdf Graphic file (type pdf)
<use tiles/mahjong-Front.pdf>
File: tiles/mahjong-7s.pdf Graphic file (type pdf)
<use tiles/mahjong-7s.pdf>
File: tiles/mahjong-Front.pdf Graphic file (type pdf)
<use tiles/mahjong-Front.pdf>
File: tiles/mahjong-8s.pdf Graphic file (type pdf)
<use tiles/mahjong-8s.pdf>
File: tiles/mahjong-Front.pdf Graphic file (type pdf)
<use tiles/mahjong-Front.pdf>
File: tiles/mahjong-1p.pdf Graphic file (type pdf)
<use tiles/mahjong-1p.pdf>
File: tiles/mahjong-Front.pdf Graphic file (type pdf)
<use tiles/mahjong-Front.pdf>
File: tiles/mahjong-4p.pdf Graphic file (type pdf)
<use tiles/mahjong-4p.pdf>
File: tiles/mahjong-Front.pdf Graphic file (type pdf)
<use tiles/mahjong-Front.pdf>
File: tiles/mahjong-6s.pdf Graphic file (type pdf)
<use tiles/mahjong-6s.pdf>
File: tiles/mahjong-Front.pdf Graphic file (type pdf)
<use tiles/mahjong-Front.pdf>
File: tiles/mahjong-9s.pdf Graphic file (type pdf)
<use tiles/mahjong-9s.pdf>
File: tiles/mahjong-Front.pdf Graphic file (type pdf)
<use tiles/mahjong-Front.pdf>
File: tiles/mahjong-1p.pdf Graphic file (type pdf)
<use tiles/mahjong-1p.pdf>
File: tiles/mahjong-Front.pdf Graphic file (type pdf)
<use tiles/mahjong-Front.pdf>
File: tiles/mahjong-2p.pdf Graphic file (type pdf)
<use tiles/mahjong-2p.pdf>
File: tiles/mahjong-Front.pdf Graphic file (type pdf)
<use tiles/mahjong-Front.pdf>
File: tiles/mahjong-3p.pdf Graphic file (type pdf)
<use tiles/mahjong-3p.pdf>
File: tiles/mahjong-Front.pdf Graphic file (type pdf)
<use tiles/mahjong-Front.pdf>
File: tiles/mahjong-4p.pdf Graphic file (type pdf)
<use tiles/mahjong-4p.pdf>
File: tiles/mahjong-Front.pdf Graphic file (type pdf)
<use tiles/mahjong-Front.pdf>
File: tiles/mahjong-6s.pdf Graphic file (type pdf)
<use tiles/mahjong-6s.pdf>
File: tiles/mahjong-Front.pdf Graphic file (type pdf)
<use tiles/mahjong-Front.pdf>
File: tiles/mahjong-7s.pdf Graphic file (type pdf)
<use tiles/mahjong-7s.pdf>
File: tiles/mahjong-Front.pdf Graphic file (type pdf)
<use tiles/mahjong-Front.pdf>
File: tiles/mahjong-8s.pdf Graphic file (type pdf)
<use tiles/mahjong-8s.pdf>
File: tiles/mahjong-Front.pdf Graphic file (type pdf)
<use tiles/mahjong-Front.pdf>
File: tiles/mahjong-9s.pdf Graphic file (type pdf)
<use tiles/mahjong-9s.pdf>
File: tiles/mahjong-Front.pdf Graphic file (type pdf)
<use tiles/mahjong-Front.pdf>
File: tiles/mahjong-1p.pdf Graphic file (type pdf)
<use tiles/mahjong-1p.pdf>
File: tiles/mahjong-Front.pdf Graphic file (type pdf)
<use tiles/mahjong-Front.pdf>
File: tiles/mahjong-4p.pdf Graphic file (type pdf)
<use tiles/mahjong-4p.pdf>
File: tiles/mahjong-Front.pdf Graphic file (type pdf)
<use tiles/mahjong-Front.pdf>
File: tiles/mahjong-6s.pdf Graphic file (type pdf)
<use tiles/mahjong-6s.pdf>
File: tiles/mahjong-Front.pdf Graphic file (type pdf)
<use tiles/mahjong-Front.pdf>
File: tiles/mahjong-9s.pdf Graphic file (type pdf)
<use tiles/mahjong-9s.pdf>
File: tiles/mahjong-Front.pdf Graphic file (type pdf)
<use tiles/mahjong-Front.pdf>
File: tiles/mahjong-1m.pdf Graphic file (type pdf)
<use tiles/mahjong-1m.pdf>
File: tiles/mahjong-Front.pdf Graphic file (type pdf)
<use tiles/mahjong-Front.pdf>
File: tiles/mahjong-1m.pdf Graphic file (type pdf)
<use tiles/mahjong-1m.pdf>
File: tiles/mahjong-Front.pdf Graphic file (type pdf)
<use tiles/mahjong-Front.pdf>
File: tiles/mahjong-2m.pdf Graphic file (type pdf)
<use tiles/mahjong-2m.pdf>
File: tiles/mahjong-Front.pdf Graphic file (type pdf)
<use tiles/mahjong-Front.pdf>
File: tiles/mahjong-3m.pdf Graphic file (type pdf)
<use tiles/mahjong-3m.pdf>
File: tiles/mahjong-Front.pdf Graphic file (type pdf)
<use tiles/mahjong-Front.pdf>
File: tiles/mahjong-5m.pdf Graphic file (type pdf)
<use tiles/mahjong-5m.pdf>
File: tiles/mahjong-Front.pdf Graphic file (type pdf)
<use tiles/mahjong-Front.pdf>
File: tiles/mahjong-5m.pdf Graphic file (type pdf)
<use tiles/mahjong-5m.pdf>
File: tiles/mahjong-Front.pdf Graphic file (type pdf)
<use tiles/mahjong-Front.pdf>
File: tiles/mahjong-7m.pdf Graphic file (type pdf)
<use tiles/mahjong-7m.pdf>
File: tiles/mahjong-Front.pdf Graphic file (type pdf)
<use tiles/mahjong-Front.pdf>
File: tiles/mahjong-8m.pdf Graphic file (type pdf)
<use tiles/mahjong-8m.pdf>
File: tiles/mahjong-Front.pdf Graphic file (type pdf)
<use tiles/mahjong-Front.pdf>
File: tiles/mahjong-9m.pdf Graphic file (type pdf)
<use tiles/mahjong-9m.pdf>
File: tiles/mahjong-Front.pdf Graphic file (type pdf)
<use tiles/mahjong-Front.pdf>
File: tiles/mahjong-3p.pdf Graphic file (type pdf)
<use tiles/mahjong-3p.pdf>
File: tiles/mahjong-Front.pdf Graphic file (type pdf)
<use tiles/mahjong-Front.pdf>
File: tiles/mahjong-7p.pdf Graphic file (type pdf)
<use tiles/mahjong-7p.pdf>
File: tiles/mahjong-Front.pdf Graphic file (type pdf)
<use tiles/mahjong-Front.pdf>
File: tiles/mahjong-8p.pdf Graphic file (type pdf)
<use tiles/mahjong-8p.pdf>
File: tiles/mahjong-Front.pdf Graphic file (type pdf)
<use tiles/mahjong-Front.pdf>
File: tiles/mahjong-9p.pdf Graphic file (type pdf)
<use tiles/mahjong-9p.pdf>
File: tiles/mahjong-Front.pdf Graphic file (type pdf)
<use tiles/mahjong-Front.pdf>
File: tiles/mahjong-3s.pdf Graphic file (type pdf)
<use tiles/mahjong-3s.pdf>
File: tiles/mahjong-Front.pdf Graphic file (type pdf)
<use tiles/mahjong-Front.pdf>
File: tiles/mahjong-1m.pdf Graphic file (type pdf)
<use tiles/mahjong-1m.pdf>
File: tiles/mahjong-Front.pdf Graphic file (type pdf)
<use tiles/mahjong-Front.pdf>
File: tiles/mahjong-2m.pdf Graphic file (type pdf)
<use tiles/mahjong-2m.pdf>
File: tiles/mahjong-Front.pdf Graphic file (type pdf)
<use tiles/mahjong-Front.pdf>
File: tiles/mahjong-3m.pdf Graphic file (type pdf)
<use tiles/mahjong-3m.pdf>
File: tiles/mahjong-Front.pdf Graphic file (type pdf)
<use tiles/mahjong-Front.pdf>
File: tiles/mahjong-5m.pdf Graphic file (type pdf)
<use tiles/mahjong-5m.pdf>
File: tiles/mahjong-Front.pdf Graphic file (type pdf)
<use tiles/mahjong-Front.pdf>
File: tiles/mahjong-5m.pdf Graphic file (type pdf)
<use tiles/mahjong-5m.pdf>
File: tiles/mahjong-Front.pdf Graphic file (type pdf)
<use tiles/mahjong-Front.pdf>
File: tiles/mahjong-7m.pdf Graphic file (type pdf)
<use tiles/mahjong-7m.pdf>
File: tiles/mahjong-Front.pdf Graphic file (type pdf)
<use tiles/mahjong-Front.pdf>
File: tiles/mahjong-8m.pdf Graphic file (type pdf)
<use tiles/mahjong-8m.pdf>
File: tiles/mahjong-Front.pdf Graphic file (type pdf)
<use tiles/mahjong-Front.pdf>
File: tiles/mahjong-9m.pdf Graphic file (type pdf)
<use tiles/mahjong-9m.pdf>
File: tiles/mahjong-Front.pdf Graphic file (type pdf)
<use tiles/mahjong-Front.pdf>
File: tiles/mahjong-1p.pdf Graphic file (type pdf)
<use tiles/mahjong-1p.pdf>
File: tiles/mahjong-Front.pdf Graphic file (type pdf)
<use tiles/mahjong-Front.pdf>
File: tiles/mahjong-7p.pdf Graphic file (type pdf)
<use tiles/mahjong-7p.pdf>
File: tiles/mahjong-Front.pdf Graphic file (type pdf)
<use tiles/mahjong-Front.pdf>
File: tiles/mahjong-8p.pdf Graphic file (type pdf)
<use tiles/mahjong-8p.pdf>
File: tiles/mahjong-Front.pdf Graphic file (type pdf)
<use tiles/mahjong-Front.pdf>
File: tiles/mahjong-9p.pdf Graphic file (type pdf)
<use tiles/mahjong-9p.pdf>
File: tiles/mahjong-Front.pdf Graphic file (type pdf)
<use tiles/mahjong-Front.pdf>
File: tiles/mahjong-1s.pdf Graphic file (type pdf)
<use tiles/mahjong-1s.pdf>
File: tiles/mahjong-Front.pdf Graphic file (type pdf)
<use tiles/mahjong-Front.pdf>
File: tiles/mahjong-5m.pdf Graphic file (type pdf)
<use tiles/mahjong-5m.pdf>
File: tiles/mahjong-Front.pdf Graphic file (type pdf)
<use tiles/mahjong-Front.pdf>
File: tiles/mahjong-1p.pdf Graphic file (type pdf)
<use tiles/mahjong-1p.pdf>
File: tiles/mahjong-Front.pdf Graphic file (type pdf)
<use tiles/mahjong-Front.pdf>
File: tiles/mahjong-2p.pdf Graphic file (type pdf)
<use tiles/mahjong-2p.pdf>
File: tiles/mahjong-Front.pdf Graphic file (type pdf)
<use tiles/mahjong-Front.pdf>
File: tiles/mahjong-3p.pdf Graphic file (type pdf)
<use tiles/mahjong-3p.pdf>
File: tiles/mahjong-Front.pdf Graphic file (type pdf)
<use tiles/mahjong-Front.pdf>
File: tiles/mahjong-4p.pdf Graphic file (type pdf)
<use tiles/mahjong-4p.pdf>
File: tiles/mahjong-Front.pdf Graphic file (type pdf)
<use tiles/mahjong-Front.pdf>
File: tiles/mahjong-5p.pdf Graphic file (type pdf)
<use tiles/mahjong-5p.pdf>
File: tiles/mahjong-Front.pdf Graphic file (type pdf)
<use tiles/mahjong-Front.pdf>
File: tiles/mahjong-1s.pdf Graphic file (type pdf)
<use tiles/mahjong-1s.pdf>
File: tiles/mahjong-Front.pdf Graphic file (type pdf)
<use tiles/mahjong-Front.pdf>
File: tiles/mahjong-2s.pdf Graphic file (type pdf)
<use tiles/mahjong-2s.pdf>
File: tiles/mahjong-Front.pdf Graphic file (type pdf)
<use tiles/mahjong-Front.pdf>
File: tiles/mahjong-3s.pdf Graphic file (type pdf)
<use tiles/mahjong-3s.pdf>
File: tiles/mahjong-Front.pdf Graphic file (type pdf)
<use tiles/mahjong-Front.pdf>
File: tiles/mahjong-4s.pdf Graphic file (type pdf)
<use tiles/mahjong-4s.pdf>
File: tiles/mahjong-Front.pdf Graphic file (type pdf)
<use tiles/mahjong-Front.pdf>
File: tiles/mahjong-5s.pdf Graphic file (type pdf)
<use tiles/mahjong-5s.pdf>
File: tiles/mahjong-Front.pdf Graphic file (type pdf)
<use tiles/mahjong-Front.pdf>
File: tiles/mahjong-2p.pdf Graphic file (type pdf)
<use tiles/mahjong-2p.pdf>
File: tiles/mahjong-Front.pdf Graphic file (type pdf)
<use tiles/mahjong-Front.pdf>
File: tiles/mahjong-4p.pdf Graphic file (type pdf)
<use tiles/mahjong-4p.pdf>
File: tiles/mahjong-Front.pdf Graphic file (type pdf)
<use tiles/mahjong-Front.pdf>
File: tiles/mahjong-2s.pdf Graphic file (type pdf)
<use tiles/mahjong-2s.pdf>
File: tiles/mahjong-Front.pdf Graphic file (type pdf)
<use tiles/mahjong-Front.pdf>
File: tiles/mahjong-4s.pdf Graphic file (type pdf)
<use tiles/mahjong-4s.pdf>
[10]

Package natbib Warning: Citation `manboo-iishanten' on page 11 undefined on inp
ut line 909.

File: tiles/mahjong-Front.pdf Graphic file (type pdf)
<use tiles/mahjong-Front.pdf>
File: tiles/mahjong-1m.pdf Graphic file (type pdf)
<use tiles/mahjong-1m.pdf>
File: tiles/mahjong-Front.pdf Graphic file (type pdf)
<use tiles/mahjong-Front.pdf>
File: tiles/mahjong-2m.pdf Graphic file (type pdf)
<use tiles/mahjong-2m.pdf>
File: tiles/mahjong-Front.pdf Graphic file (type pdf)
<use tiles/mahjong-Front.pdf>
File: tiles/mahjong-2m.pdf Graphic file (type pdf)
<use tiles/mahjong-2m.pdf>
File: tiles/mahjong-Front.pdf Graphic file (type pdf)
<use tiles/mahjong-Front.pdf>
File: tiles/mahjong-3m.pdf Graphic file (type pdf)
<use tiles/mahjong-3m.pdf>
File: tiles/mahjong-Front.pdf Graphic file (type pdf)
<use tiles/mahjong-Front.pdf>
File: tiles/mahjong-5m.pdf Graphic file (type pdf)
<use tiles/mahjong-5m.pdf>
File: tiles/mahjong-Front.pdf Graphic file (type pdf)
<use tiles/mahjong-Front.pdf>
File: tiles/mahjong-7m.pdf Graphic file (type pdf)
<use tiles/mahjong-7m.pdf>
File: tiles/mahjong-Front.pdf Graphic file (type pdf)
<use tiles/mahjong-Front.pdf>
File: tiles/mahjong-5p.pdf Graphic file (type pdf)
<use tiles/mahjong-5p.pdf>
File: tiles/mahjong-Front.pdf Graphic file (type pdf)
<use tiles/mahjong-Front.pdf>
File: tiles/mahjong-6p.pdf Graphic file (type pdf)
<use tiles/mahjong-6p.pdf>
File: tiles/mahjong-Front.pdf Graphic file (type pdf)
<use tiles/mahjong-Front.pdf>
File: tiles/mahjong-7p.pdf Graphic file (type pdf)
<use tiles/mahjong-7p.pdf>
File: tiles/mahjong-Front.pdf Graphic file (type pdf)
<use tiles/mahjong-Front.pdf>
File: tiles/mahjong-8p.pdf Graphic file (type pdf)
<use tiles/mahjong-8p.pdf>
File: tiles/mahjong-Front.pdf Graphic file (type pdf)
<use tiles/mahjong-Front.pdf>
File: tiles/mahjong-2s.pdf Graphic file (type pdf)
<use tiles/mahjong-2s.pdf>
File: tiles/mahjong-Front.pdf Graphic file (type pdf)
<use tiles/mahjong-Front.pdf>
File: tiles/mahjong-2s.pdf Graphic file (type pdf)
<use tiles/mahjong-2s.pdf>
File: tiles/mahjong-Front.pdf Graphic file (type pdf)
<use tiles/mahjong-Front.pdf>
File: tiles/mahjong-4s.pdf Graphic file (type pdf)
<use tiles/mahjong-4s.pdf>
File: tiles/mahjong-Front.pdf Graphic file (type pdf)
<use tiles/mahjong-Front.pdf>
File: tiles/mahjong-5s.pdf Graphic file (type pdf)
<use tiles/mahjong-5s.pdf>
File: tiles/mahjong-Front.pdf Graphic file (type pdf)
<use tiles/mahjong-Front.pdf>
File: tiles/mahjong-2m.pdf Graphic file (type pdf)
<use tiles/mahjong-2m.pdf>
File: tiles/mahjong-Front.pdf Graphic file (type pdf)
<use tiles/mahjong-Front.pdf>
File: tiles/mahjong-5p.pdf Graphic file (type pdf)
<use tiles/mahjong-5p.pdf>
File: tiles/mahjong-Front.pdf Graphic file (type pdf)
<use tiles/mahjong-Front.pdf>
File: tiles/mahjong-8p.pdf Graphic file (type pdf)
<use tiles/mahjong-8p.pdf>
File: tiles/mahjong-Front.pdf Graphic file (type pdf)
<use tiles/mahjong-Front.pdf>
File: tiles/mahjong-6m.pdf Graphic file (type pdf)
<use tiles/mahjong-6m.pdf>
File: tiles/mahjong-Front.pdf Graphic file (type pdf)
<use tiles/mahjong-Front.pdf>
File: tiles/mahjong-3s.pdf Graphic file (type pdf)
<use tiles/mahjong-3s.pdf>
File: tiles/mahjong-Front.pdf Graphic file (type pdf)
<use tiles/mahjong-Front.pdf>
File: tiles/mahjong-6s.pdf Graphic file (type pdf)
<use tiles/mahjong-6s.pdf>
File: tiles/mahjong-Front.pdf Graphic file (type pdf)
<use tiles/mahjong-Front.pdf>
File: tiles/mahjong-5p.pdf Graphic file (type pdf)
<use tiles/mahjong-5p.pdf>
File: tiles/mahjong-Front.pdf Graphic file (type pdf)
<use tiles/mahjong-Front.pdf>
File: tiles/mahjong-8p.pdf Graphic file (type pdf)
<use tiles/mahjong-8p.pdf>
File: tiles/mahjong-Front.pdf Graphic file (type pdf)
<use tiles/mahjong-Front.pdf>
File: tiles/mahjong-4p.pdf Graphic file (type pdf)
<use tiles/mahjong-4p.pdf>
File: tiles/mahjong-Front.pdf Graphic file (type pdf)
<use tiles/mahjong-Front.pdf>
File: tiles/mahjong-6p.pdf Graphic file (type pdf)
<use tiles/mahjong-6p.pdf>
File: tiles/mahjong-Front.pdf Graphic file (type pdf)
<use tiles/mahjong-Front.pdf>
File: tiles/mahjong-7p.pdf Graphic file (type pdf)
<use tiles/mahjong-7p.pdf>
File: tiles/mahjong-Front.pdf Graphic file (type pdf)
<use tiles/mahjong-Front.pdf>
File: tiles/mahjong-9p.pdf Graphic file (type pdf)
<use tiles/mahjong-9p.pdf>
File: tiles/mahjong-Front.pdf Graphic file (type pdf)
<use tiles/mahjong-Front.pdf>
File: tiles/mahjong-2m.pdf Graphic file (type pdf)
<use tiles/mahjong-2m.pdf>
File: tiles/mahjong-Front.pdf Graphic file (type pdf)
<use tiles/mahjong-Front.pdf>
File: tiles/mahjong-1p.pdf Graphic file (type pdf)
<use tiles/mahjong-1p.pdf>
File: tiles/mahjong-Front.pdf Graphic file (type pdf)
<use tiles/mahjong-Front.pdf>
File: tiles/mahjong-2p.pdf Graphic file (type pdf)
<use tiles/mahjong-2p.pdf>
File: tiles/mahjong-Front.pdf Graphic file (type pdf)
<use tiles/mahjong-Front.pdf>
File: tiles/mahjong-2p.pdf Graphic file (type pdf)
<use tiles/mahjong-2p.pdf>
File: tiles/mahjong-Front.pdf Graphic file (type pdf)
<use tiles/mahjong-Front.pdf>
File: tiles/mahjong-3p.pdf Graphic file (type pdf)
<use tiles/mahjong-3p.pdf>
File: tiles/mahjong-Front.pdf Graphic file (type pdf)
<use tiles/mahjong-Front.pdf>
File: tiles/mahjong-4p.pdf Graphic file (type pdf)
<use tiles/mahjong-4p.pdf>
File: tiles/mahjong-Front.pdf Graphic file (type pdf)
<use tiles/mahjong-Front.pdf>
File: tiles/mahjong-6p.pdf Graphic file (type pdf)
<use tiles/mahjong-6p.pdf>
File: tiles/mahjong-Front.pdf Graphic file (type pdf)
<use tiles/mahjong-Front.pdf>
File: tiles/mahjong-7p.pdf Graphic file (type pdf)
<use tiles/mahjong-7p.pdf>
File: tiles/mahjong-Front.pdf Graphic file (type pdf)
<use tiles/mahjong-Front.pdf>
File: tiles/mahjong-2s.pdf Graphic file (type pdf)
<use tiles/mahjong-2s.pdf>
File: tiles/mahjong-Front.pdf Graphic file (type pdf)
<use tiles/mahjong-Front.pdf>
File: tiles/mahjong-3s.pdf Graphic file (type pdf)
<use tiles/mahjong-3s.pdf>
File: tiles/mahjong-Front.pdf Graphic file (type pdf)
<use tiles/mahjong-Front.pdf>
File: tiles/mahjong-4s.pdf Graphic file (type pdf)
<use tiles/mahjong-4s.pdf>
File: tiles/mahjong-Front.pdf Graphic file (type pdf)
<use tiles/mahjong-Front.pdf>
File: tiles/mahjong-5s.pdf Graphic file (type pdf)
<use tiles/mahjong-5s.pdf>
File: tiles/mahjong-Front.pdf Graphic file (type pdf)
<use tiles/mahjong-Front.pdf>
File: tiles/mahjong-7s.pdf Graphic file (type pdf)
<use tiles/mahjong-7s.pdf>
File: tiles/mahjong-Front.pdf Graphic file (type pdf)
<use tiles/mahjong-Front.pdf>
File: tiles/mahjong-7s.pdf Graphic file (type pdf)
<use tiles/mahjong-7s.pdf>
File: tiles/mahjong-Front.pdf Graphic file (type pdf)
<use tiles/mahjong-Front.pdf>
File: tiles/mahjong-8s.pdf Graphic file (type pdf)
<use tiles/mahjong-8s.pdf>
File: tiles/mahjong-Front.pdf Graphic file (type pdf)
<use tiles/mahjong-Front.pdf>
File: tiles/mahjong-2s.pdf Graphic file (type pdf)
<use tiles/mahjong-2s.pdf>
File: tiles/mahjong-Front.pdf Graphic file (type pdf)
<use tiles/mahjong-Front.pdf>
File: tiles/mahjong-5s.pdf Graphic file (type pdf)
<use tiles/mahjong-5s.pdf>
File: tiles/mahjong-Front.pdf Graphic file (type pdf)
<use tiles/mahjong-Front.pdf>
File: tiles/mahjong-8s.pdf Graphic file (type pdf)
<use tiles/mahjong-8s.pdf>
File: tiles/mahjong-Front.pdf Graphic file (type pdf)
<use tiles/mahjong-Front.pdf>
File: tiles/mahjong-3p.pdf Graphic file (type pdf)
<use tiles/mahjong-3p.pdf>
File: tiles/mahjong-Front.pdf Graphic file (type pdf)
<use tiles/mahjong-Front.pdf>
File: tiles/mahjong-5p.pdf Graphic file (type pdf)
<use tiles/mahjong-5p.pdf>
File: tiles/mahjong-Front.pdf Graphic file (type pdf)
<use tiles/mahjong-Front.pdf>
File: tiles/mahjong-8p.pdf Graphic file (type pdf)
<use tiles/mahjong-8p.pdf>
File: tiles/mahjong-Front.pdf Graphic file (type pdf)
<use tiles/mahjong-Front.pdf>
File: tiles/mahjong-3p.pdf Graphic file (type pdf)
<use tiles/mahjong-3p.pdf>
File: tiles/mahjong-Front.pdf Graphic file (type pdf)
<use tiles/mahjong-Front.pdf>
File: tiles/mahjong-2p.pdf Graphic file (type pdf)
<use tiles/mahjong-2p.pdf>
File: tiles/mahjong-Front.pdf Graphic file (type pdf)
<use tiles/mahjong-Front.pdf>
File: tiles/mahjong-4m.pdf Graphic file (type pdf)
<use tiles/mahjong-4m.pdf>
File: tiles/mahjong-Front.pdf Graphic file (type pdf)
<use tiles/mahjong-Front.pdf>
File: tiles/mahjong-5m.pdf Graphic file (type pdf)
<use tiles/mahjong-5m.pdf>
File: tiles/mahjong-Front.pdf Graphic file (type pdf)
<use tiles/mahjong-Front.pdf>
File: tiles/mahjong-7m.pdf Graphic file (type pdf)
<use tiles/mahjong-7m.pdf>
File: tiles/mahjong-Front.pdf Graphic file (type pdf)
<use tiles/mahjong-Front.pdf>
File: tiles/mahjong-8m.pdf Graphic file (type pdf)
<use tiles/mahjong-8m.pdf>
File: tiles/mahjong-Front.pdf Graphic file (type pdf)
<use tiles/mahjong-Front.pdf>
File: tiles/mahjong-9m.pdf Graphic file (type pdf)
<use tiles/mahjong-9m.pdf>
File: tiles/mahjong-Front.pdf Graphic file (type pdf)
<use tiles/mahjong-Front.pdf>
File: tiles/mahjong-9m.pdf Graphic file (type pdf)
<use tiles/mahjong-9m.pdf>
File: tiles/mahjong-Front.pdf Graphic file (type pdf)
<use tiles/mahjong-Front.pdf>
File: tiles/mahjong-9m.pdf Graphic file (type pdf)
<use tiles/mahjong-9m.pdf>
File: tiles/mahjong-Front.pdf Graphic file (type pdf)
<use tiles/mahjong-Front.pdf>
File: tiles/mahjong-4p.pdf Graphic file (type pdf)
<use tiles/mahjong-4p.pdf>
File: tiles/mahjong-Front.pdf Graphic file (type pdf)
<use tiles/mahjong-Front.pdf>
File: tiles/mahjong-5p.pdf Graphic file (type pdf)
<use tiles/mahjong-5p.pdf>
File: tiles/mahjong-Front.pdf Graphic file (type pdf)
<use tiles/mahjong-Front.pdf>
File: tiles/mahjong-1s.pdf Graphic file (type pdf)
<use tiles/mahjong-1s.pdf>
File: tiles/mahjong-Front.pdf Graphic file (type pdf)
<use tiles/mahjong-Front.pdf>
File: tiles/mahjong-1s.pdf Graphic file (type pdf)
<use tiles/mahjong-1s.pdf>
File: tiles/mahjong-Front.pdf Graphic file (type pdf)
<use tiles/mahjong-Front.pdf>
File: tiles/mahjong-1s.pdf Graphic file (type pdf)
<use tiles/mahjong-1s.pdf>
File: tiles/mahjong-Front.pdf Graphic file (type pdf)
<use tiles/mahjong-Front.pdf>
File: tiles/mahjong-4s.pdf Graphic file (type pdf)
<use tiles/mahjong-4s.pdf>
File: tiles/mahjong-Front.pdf Graphic file (type pdf)
<use tiles/mahjong-Front.pdf>
File: tiles/mahjong-5s.pdf Graphic file (type pdf)
<use tiles/mahjong-5s.pdf>
File: tiles/mahjong-Front.pdf Graphic file (type pdf)
<use tiles/mahjong-Front.pdf>
File: tiles/mahjong-4m.pdf Graphic file (type pdf)
<use tiles/mahjong-4m.pdf>
File: tiles/mahjong-Front.pdf Graphic file (type pdf)
<use tiles/mahjong-Front.pdf>
File: tiles/mahjong-5m.pdf Graphic file (type pdf)
<use tiles/mahjong-5m.pdf>
File: tiles/mahjong-Front.pdf Graphic file (type pdf)
<use tiles/mahjong-Front.pdf>
File: tiles/mahjong-4p.pdf Graphic file (type pdf)
<use tiles/mahjong-4p.pdf>
File: tiles/mahjong-Front.pdf Graphic file (type pdf)
<use tiles/mahjong-Front.pdf>
File: tiles/mahjong-5p.pdf Graphic file (type pdf)
<use tiles/mahjong-5p.pdf>
File: tiles/mahjong-Front.pdf Graphic file (type pdf)
<use tiles/mahjong-Front.pdf>
File: tiles/mahjong-4s.pdf Graphic file (type pdf)
<use tiles/mahjong-4s.pdf>
File: tiles/mahjong-Front.pdf Graphic file (type pdf)
<use tiles/mahjong-Front.pdf>
File: tiles/mahjong-5s.pdf Graphic file (type pdf)
<use tiles/mahjong-5s.pdf>
File: tiles/mahjong-Front.pdf Graphic file (type pdf)
<use tiles/mahjong-Front.pdf>
File: tiles/mahjong-4m.pdf Graphic file (type pdf)
<use tiles/mahjong-4m.pdf>
File: tiles/mahjong-Front.pdf Graphic file (type pdf)
<use tiles/mahjong-Front.pdf>
File: tiles/mahjong-5m.pdf Graphic file (type pdf)
<use tiles/mahjong-5m.pdf>
File: tiles/mahjong-Front.pdf Graphic file (type pdf)
<use tiles/mahjong-Front.pdf>
File: tiles/mahjong-6m.pdf Graphic file (type pdf)
<use tiles/mahjong-6m.pdf>
File: tiles/mahjong-Front.pdf Graphic file (type pdf)
<use tiles/mahjong-Front.pdf>
File: tiles/mahjong-4m.pdf Graphic file (type pdf)
<use tiles/mahjong-4m.pdf>
File: tiles/mahjong-Front.pdf Graphic file (type pdf)
<use tiles/mahjong-Front.pdf>
File: tiles/mahjong-6m.pdf Graphic file (type pdf)
<use tiles/mahjong-6m.pdf>
File: tiles/mahjong-Front.pdf Graphic file (type pdf)
<use tiles/mahjong-Front.pdf>
File: tiles/mahjong-6m.pdf Graphic file (type pdf)
<use tiles/mahjong-6m.pdf>
File: tiles/mahjong-Front.pdf Graphic file (type pdf)
<use tiles/mahjong-Front.pdf>
File: tiles/mahjong-8m.pdf Graphic file (type pdf)
<use tiles/mahjong-8m.pdf>
File: tiles/mahjong-Front.pdf Graphic file (type pdf)
<use tiles/mahjong-Front.pdf>
File: tiles/mahjong-3p.pdf Graphic file (type pdf)
<use tiles/mahjong-3p.pdf>
File: tiles/mahjong-Front.pdf Graphic file (type pdf)
<use tiles/mahjong-Front.pdf>
File: tiles/mahjong-4p.pdf Graphic file (type pdf)
<use tiles/mahjong-4p.pdf>
File: tiles/mahjong-Front.pdf Graphic file (type pdf)
<use tiles/mahjong-Front.pdf>
File: tiles/mahjong-4p.pdf Graphic file (type pdf)
<use tiles/mahjong-4p.pdf>
File: tiles/mahjong-Front.pdf Graphic file (type pdf)
<use tiles/mahjong-Front.pdf>
File: tiles/mahjong-4p.pdf Graphic file (type pdf)
<use tiles/mahjong-4p.pdf>
File: tiles/mahjong-Front.pdf Graphic file (type pdf)
<use tiles/mahjong-Front.pdf>
File: tiles/mahjong-5p.pdf Graphic file (type pdf)
<use tiles/mahjong-5p.pdf>
File: tiles/mahjong-Front.pdf Graphic file (type pdf)
<use tiles/mahjong-Front.pdf>
File: tiles/mahjong-2s.pdf Graphic file (type pdf)
<use tiles/mahjong-2s.pdf>
File: tiles/mahjong-Front.pdf Graphic file (type pdf)
<use tiles/mahjong-Front.pdf>
File: tiles/mahjong-3s.pdf Graphic file (type pdf)
<use tiles/mahjong-3s.pdf>
File: tiles/mahjong-Front.pdf Graphic file (type pdf)
<use tiles/mahjong-Front.pdf>
File: tiles/mahjong-7s.pdf Graphic file (type pdf)
<use tiles/mahjong-7s.pdf>
File: tiles/mahjong-Front.pdf Graphic file (type pdf)
<use tiles/mahjong-Front.pdf>
File: tiles/mahjong-7s.pdf Graphic file (type pdf)
<use tiles/mahjong-7s.pdf>
File: tiles/mahjong-Front.pdf Graphic file (type pdf)
<use tiles/mahjong-Front.pdf>
File: tiles/mahjong-7s.pdf Graphic file (type pdf)
<use tiles/mahjong-7s.pdf>
File: tiles/mahjong-Front.pdf Graphic file (type pdf)
<use tiles/mahjong-Front.pdf>
File: tiles/mahjong-6m.pdf Graphic file (type pdf)
<use tiles/mahjong-6m.pdf>
File: tiles/mahjong-Front.pdf Graphic file (type pdf)
<use tiles/mahjong-Front.pdf>
File: tiles/mahjong-5m.pdf Graphic file (type pdf)
<use tiles/mahjong-5m.pdf>
File: tiles/mahjong-Front.pdf Graphic file (type pdf)
<use tiles/mahjong-Front.pdf>
File: tiles/mahjong-7m.pdf Graphic file (type pdf)
<use tiles/mahjong-7m.pdf>
File: tiles/mahjong-Front.pdf Graphic file (type pdf)
<use tiles/mahjong-Front.pdf>
File: tiles/mahjong-1s.pdf Graphic file (type pdf)
<use tiles/mahjong-1s.pdf>
File: tiles/mahjong-Front.pdf Graphic file (type pdf)
<use tiles/mahjong-Front.pdf>
File: tiles/mahjong-4s.pdf Graphic file (type pdf)
<use tiles/mahjong-4s.pdf>
File: tiles/mahjong-Front.pdf Graphic file (type pdf)
<use tiles/mahjong-Front.pdf>
File: tiles/mahjong-8m.pdf Graphic file (type pdf)
<use tiles/mahjong-8m.pdf>
File: tiles/mahjong-Front.pdf Graphic file (type pdf)
<use tiles/mahjong-Front.pdf>
File: tiles/mahjong-5m.pdf Graphic file (type pdf)
<use tiles/mahjong-5m.pdf>
File: tiles/mahjong-Front.pdf Graphic file (type pdf)
<use tiles/mahjong-Front.pdf>
File: tiles/mahjong-6m.pdf Graphic file (type pdf)
<use tiles/mahjong-6m.pdf>
File: tiles/mahjong-Front.pdf Graphic file (type pdf)
<use tiles/mahjong-Front.pdf>
File: tiles/mahjong-4p.pdf Graphic file (type pdf)
<use tiles/mahjong-4p.pdf>
File: tiles/mahjong-Front.pdf Graphic file (type pdf)
<use tiles/mahjong-Front.pdf>
File: tiles/mahjong-1s.pdf Graphic file (type pdf)
<use tiles/mahjong-1s.pdf>
File: tiles/mahjong-Front.pdf Graphic file (type pdf)
<use tiles/mahjong-Front.pdf>
File: tiles/mahjong-4s.pdf Graphic file (type pdf)
<use tiles/mahjong-4s.pdf>
File: tiles/mahjong-Front.pdf Graphic file (type pdf)
<use tiles/mahjong-Front.pdf>
File: tiles/mahjong-8m.pdf Graphic file (type pdf)
<use tiles/mahjong-8m.pdf>
File: tiles/mahjong-Front.pdf Graphic file (type pdf)
<use tiles/mahjong-Front.pdf>
File: tiles/mahjong-2p.pdf Graphic file (type pdf)
<use tiles/mahjong-2p.pdf>
File: tiles/mahjong-Front.pdf Graphic file (type pdf)
<use tiles/mahjong-Front.pdf>
File: tiles/mahjong-3p.pdf Graphic file (type pdf)
<use tiles/mahjong-3p.pdf>
File: tiles/mahjong-Front.pdf Graphic file (type pdf)
<use tiles/mahjong-Front.pdf>
File: tiles/mahjong-5p.pdf Graphic file (type pdf)
<use tiles/mahjong-5p.pdf>
File: tiles/mahjong-Front.pdf Graphic file (type pdf)
<use tiles/mahjong-Front.pdf>
File: tiles/mahjong-6p.pdf Graphic file (type pdf)
<use tiles/mahjong-6p.pdf>
File: tiles/mahjong-Front.pdf Graphic file (type pdf)
<use tiles/mahjong-Front.pdf>
File: tiles/mahjong-4m.pdf Graphic file (type pdf)
<use tiles/mahjong-4m.pdf>
File: tiles/mahjong-Front.pdf Graphic file (type pdf)
<use tiles/mahjong-Front.pdf>
File: tiles/mahjong-2p.pdf Graphic file (type pdf)
<use tiles/mahjong-2p.pdf>
File: tiles/mahjong-Front.pdf Graphic file (type pdf)
<use tiles/mahjong-Front.pdf>
File: tiles/mahjong-2p.pdf Graphic file (type pdf)
<use tiles/mahjong-2p.pdf>
File: tiles/mahjong-Front.pdf Graphic file (type pdf)
<use tiles/mahjong-Front.pdf>
File: tiles/mahjong-3p.pdf Graphic file (type pdf)
<use tiles/mahjong-3p.pdf>
File: tiles/mahjong-Front.pdf Graphic file (type pdf)
<use tiles/mahjong-Front.pdf>
File: tiles/mahjong-5p.pdf Graphic file (type pdf)
<use tiles/mahjong-5p.pdf>
File: tiles/mahjong-Front.pdf Graphic file (type pdf)
<use tiles/mahjong-Front.pdf>
File: tiles/mahjong-6p.pdf Graphic file (type pdf)
<use tiles/mahjong-6p.pdf>
File: tiles/mahjong-Front.pdf Graphic file (type pdf)
<use tiles/mahjong-Front.pdf>
File: tiles/mahjong-7p.pdf Graphic file (type pdf)
<use tiles/mahjong-7p.pdf>
File: tiles/mahjong-Front.pdf Graphic file (type pdf)
<use tiles/mahjong-Front.pdf>
File: tiles/mahjong-9p.pdf Graphic file (type pdf)
<use tiles/mahjong-9p.pdf>
File: tiles/mahjong-Front.pdf Graphic file (type pdf)
<use tiles/mahjong-Front.pdf>
File: tiles/mahjong-9p.pdf Graphic file (type pdf)
<use tiles/mahjong-9p.pdf>
File: tiles/mahjong-Front.pdf Graphic file (type pdf)
<use tiles/mahjong-Front.pdf>
File: tiles/mahjong-2s.pdf Graphic file (type pdf)
<use tiles/mahjong-2s.pdf>
File: tiles/mahjong-Front.pdf Graphic file (type pdf)
<use tiles/mahjong-Front.pdf>
File: tiles/mahjong-3s.pdf Graphic file (type pdf)
<use tiles/mahjong-3s.pdf>
File: tiles/mahjong-Front.pdf Graphic file (type pdf)
<use tiles/mahjong-Front.pdf>
File: tiles/mahjong-4s.pdf Graphic file (type pdf)
<use tiles/mahjong-4s.pdf>
File: tiles/mahjong-Front.pdf Graphic file (type pdf)
<use tiles/mahjong-Front.pdf>
File: tiles/mahjong-5s.pdf Graphic file (type pdf)
<use tiles/mahjong-5s.pdf>
File: tiles/mahjong-Front.pdf Graphic file (type pdf)
<use tiles/mahjong-Front.pdf>
File: tiles/mahjong-5s.pdf Graphic file (type pdf)
<use tiles/mahjong-5s.pdf>
File: tiles/mahjong-Front.pdf Graphic file (type pdf)
<use tiles/mahjong-Front.pdf>
File: tiles/mahjong-6s.pdf Graphic file (type pdf)
<use tiles/mahjong-6s.pdf>
File: tiles/mahjong-Front.pdf Graphic file (type pdf)
<use tiles/mahjong-Front.pdf>
File: tiles/mahjong-2p.pdf Graphic file (type pdf)
<use tiles/mahjong-2p.pdf>
File: tiles/mahjong-Front.pdf Graphic file (type pdf)
<use tiles/mahjong-Front.pdf>
File: tiles/mahjong-5s.pdf Graphic file (type pdf)
<use tiles/mahjong-5s.pdf>
File: tiles/mahjong-Front.pdf Graphic file (type pdf)
<use tiles/mahjong-Front.pdf>
File: tiles/mahjong-5s.pdf Graphic file (type pdf)
<use tiles/mahjong-5s.pdf>
File: tiles/mahjong-Front.pdf Graphic file (type pdf)
<use tiles/mahjong-Front.pdf>
File: tiles/mahjong-5s.pdf Graphic file (type pdf)
<use tiles/mahjong-5s.pdf>
File: tiles/mahjong-Front.pdf Graphic file (type pdf)
<use tiles/mahjong-Front.pdf>
File: tiles/mahjong-6s.pdf Graphic file (type pdf)
<use tiles/mahjong-6s.pdf>
File: tiles/mahjong-Front.pdf Graphic file (type pdf)
<use tiles/mahjong-Front.pdf>
File: tiles/mahjong-5s.pdf Graphic file (type pdf)
<use tiles/mahjong-5s.pdf>
File: tiles/mahjong-Front.pdf Graphic file (type pdf)
<use tiles/mahjong-Front.pdf>
File: tiles/mahjong-5s.pdf Graphic file (type pdf)
<use tiles/mahjong-5s.pdf>
File: tiles/mahjong-Front.pdf Graphic file (type pdf)
<use tiles/mahjong-Front.pdf>
File: tiles/mahjong-9p.pdf Graphic file (type pdf)
<use tiles/mahjong-9p.pdf>
File: tiles/mahjong-Front.pdf Graphic file (type pdf)
<use tiles/mahjong-Front.pdf>
File: tiles/mahjong-5s.pdf Graphic file (type pdf)
<use tiles/mahjong-5s.pdf>
File: tiles/mahjong-Front.pdf Graphic file (type pdf)
<use tiles/mahjong-Front.pdf>
File: tiles/mahjong-2m.pdf Graphic file (type pdf)
<use tiles/mahjong-2m.pdf>
File: tiles/mahjong-Front.pdf Graphic file (type pdf)
<use tiles/mahjong-Front.pdf>
File: tiles/mahjong-2m.pdf Graphic file (type pdf)
<use tiles/mahjong-2m.pdf>
File: tiles/mahjong-Front.pdf Graphic file (type pdf)
<use tiles/mahjong-Front.pdf>
File: tiles/mahjong-3m.pdf Graphic file (type pdf)
<use tiles/mahjong-3m.pdf>
File: tiles/mahjong-Front.pdf Graphic file (type pdf)
<use tiles/mahjong-Front.pdf>
File: tiles/mahjong-2p.pdf Graphic file (type pdf)
<use tiles/mahjong-2p.pdf>
File: tiles/mahjong-Front.pdf Graphic file (type pdf)
<use tiles/mahjong-Front.pdf>
File: tiles/mahjong-2p.pdf Graphic file (type pdf)
<use tiles/mahjong-2p.pdf>
File: tiles/mahjong-Front.pdf Graphic file (type pdf)
<use tiles/mahjong-Front.pdf>
File: tiles/mahjong-7p.pdf Graphic file (type pdf)
<use tiles/mahjong-7p.pdf>
File: tiles/mahjong-Front.pdf Graphic file (type pdf)
<use tiles/mahjong-Front.pdf>
File: tiles/mahjong-8p.pdf Graphic file (type pdf)
<use tiles/mahjong-8p.pdf>
File: tiles/mahjong-Front.pdf Graphic file (type pdf)
<use tiles/mahjong-Front.pdf>
File: tiles/mahjong-9p.pdf Graphic file (type pdf)
<use tiles/mahjong-9p.pdf>
File: tiles/mahjong-Front.pdf Graphic file (type pdf)
<use tiles/mahjong-Front.pdf>
File: tiles/mahjong-4s.pdf Graphic file (type pdf)
<use tiles/mahjong-4s.pdf>
File: tiles/mahjong-Front.pdf Graphic file (type pdf)
<use tiles/mahjong-Front.pdf>
File: tiles/mahjong-4s.pdf Graphic file (type pdf)
<use tiles/mahjong-4s.pdf>
File: tiles/mahjong-Front.pdf Graphic file (type pdf)
<use tiles/mahjong-Front.pdf>
File: tiles/mahjong-5s.pdf Graphic file (type pdf)
<use tiles/mahjong-5s.pdf>
File: tiles/mahjong-Space.pdf Graphic file (type pdf)
<use tiles/mahjong-Space.pdf>
File: tiles/mahjong-Front.pdf Graphic file (type pdf)
<use tiles/mahjong-Front.pdf>
File: tiles/mahjong-7z.pdf Graphic file (type pdf)
<use tiles/mahjong-7z.pdf>
File: tiles/mahjong-Front.pdf Graphic file (type pdf)
<use tiles/mahjong-Front.pdf>
File: tiles/mahjong-7z.pdf Graphic file (type pdf)
<use tiles/mahjong-7z.pdf>
File: tiles/mahjong-Front.pdf Graphic file (type pdf)
<use tiles/mahjong-Front.pdf>
File: tiles/mahjong-7z.pdf Graphic file (type pdf)
<use tiles/mahjong-7z.pdf>
File: tiles/mahjong-Front.pdf Graphic file (type pdf)
<use tiles/mahjong-Front.pdf>
File: tiles/mahjong-2m.pdf Graphic file (type pdf)
<use tiles/mahjong-2m.pdf>
File: tiles/mahjong-Front.pdf Graphic file (type pdf)
<use tiles/mahjong-Front.pdf>
File: tiles/mahjong-4s.pdf Graphic file (type pdf)
<use tiles/mahjong-4s.pdf>
File: tiles/mahjong-Front.pdf Graphic file (type pdf)
<use tiles/mahjong-Front.pdf>
File: tiles/mahjong-2m.pdf Graphic file (type pdf)
<use tiles/mahjong-2m.pdf>
File: tiles/mahjong-Front.pdf Graphic file (type pdf)
<use tiles/mahjong-Front.pdf>
File: tiles/mahjong-1m.pdf Graphic file (type pdf)
<use tiles/mahjong-1m.pdf>
File: tiles/mahjong-Front.pdf Graphic file (type pdf)
<use tiles/mahjong-Front.pdf>
File: tiles/mahjong-4m.pdf Graphic file (type pdf)
<use tiles/mahjong-4m.pdf>
File: tiles/mahjong-Front.pdf Graphic file (type pdf)
<use tiles/mahjong-Front.pdf>
File: tiles/mahjong-2m.pdf Graphic file (type pdf)
<use tiles/mahjong-2m.pdf>
File: tiles/mahjong-Front.pdf Graphic file (type pdf)
<use tiles/mahjong-Front.pdf>
File: tiles/mahjong-1m.pdf Graphic file (type pdf)
<use tiles/mahjong-1m.pdf>
File: tiles/mahjong-Front.pdf Graphic file (type pdf)
<use tiles/mahjong-Front.pdf>
File: tiles/mahjong-2m.pdf Graphic file (type pdf)
<use tiles/mahjong-2m.pdf>
File: tiles/mahjong-Front.pdf Graphic file (type pdf)
<use tiles/mahjong-Front.pdf>
File: tiles/mahjong-3m.pdf Graphic file (type pdf)
<use tiles/mahjong-3m.pdf>
File: tiles/mahjong-Front.pdf Graphic file (type pdf)
<use tiles/mahjong-Front.pdf>
File: tiles/mahjong-5m.pdf Graphic file (type pdf)
<use tiles/mahjong-5m.pdf>
File: tiles/mahjong-Front.pdf Graphic file (type pdf)
<use tiles/mahjong-Front.pdf>
File: tiles/mahjong-6m.pdf Graphic file (type pdf)
<use tiles/mahjong-6m.pdf>
File: tiles/mahjong-Front.pdf Graphic file (type pdf)
<use tiles/mahjong-Front.pdf>
File: tiles/mahjong-2p.pdf Graphic file (type pdf)
<use tiles/mahjong-2p.pdf>
File: tiles/mahjong-Front.pdf Graphic file (type pdf)
<use tiles/mahjong-Front.pdf>
File: tiles/mahjong-2p.pdf Graphic file (type pdf)
<use tiles/mahjong-2p.pdf>
File: tiles/mahjong-Front.pdf Graphic file (type pdf)
<use tiles/mahjong-Front.pdf>
File: tiles/mahjong-6p.pdf Graphic file (type pdf)
<use tiles/mahjong-6p.pdf>
File: tiles/mahjong-Front.pdf Graphic file (type pdf)
<use tiles/mahjong-Front.pdf>
File: tiles/mahjong-7p.pdf Graphic file (type pdf)
<use tiles/mahjong-7p.pdf>
File: tiles/mahjong-Front.pdf Graphic file (type pdf)
<use tiles/mahjong-Front.pdf>
File: tiles/mahjong-2s.pdf Graphic file (type pdf)
<use tiles/mahjong-2s.pdf>
File: tiles/mahjong-Front.pdf Graphic file (type pdf)
<use tiles/mahjong-Front.pdf>
File: tiles/mahjong-3s.pdf Graphic file (type pdf)
<use tiles/mahjong-3s.pdf>
File: tiles/mahjong-Front.pdf Graphic file (type pdf)
<use tiles/mahjong-Front.pdf>
File: tiles/mahjong-4s.pdf Graphic file (type pdf)
<use tiles/mahjong-4s.pdf>
File: tiles/mahjong-Front.pdf Graphic file (type pdf)
<use tiles/mahjong-Front.pdf>
File: tiles/mahjong-5s.pdf Graphic file (type pdf)
<use tiles/mahjong-5s.pdf>
File: tiles/mahjong-Front.pdf Graphic file (type pdf)
<use tiles/mahjong-Front.pdf>
File: tiles/mahjong-6s.pdf Graphic file (type pdf)
<use tiles/mahjong-6s.pdf>

Package natbib Warning: Citation `gendai-iishanten-yojouhai' on page 11 undefin
ed on input line 941.

File: tiles/mahjong-Front.pdf Graphic file (type pdf)
<use tiles/mahjong-Front.pdf>
File: tiles/mahjong-4m.pdf Graphic file (type pdf)
<use tiles/mahjong-4m.pdf>
File: tiles/mahjong-Front.pdf Graphic file (type pdf)
<use tiles/mahjong-Front.pdf>
File: tiles/mahjong-1m.pdf Graphic file (type pdf)
<use tiles/mahjong-1m.pdf>
File: tiles/mahjong-Front.pdf Graphic file (type pdf)
<use tiles/mahjong-Front.pdf>
File: tiles/mahjong-2m.pdf Graphic file (type pdf)
<use tiles/mahjong-2m.pdf>
File: tiles/mahjong-Front.pdf Graphic file (type pdf)
<use tiles/mahjong-Front.pdf>
File: tiles/mahjong-3m.pdf Graphic file (type pdf)
<use tiles/mahjong-3m.pdf>
File: tiles/mahjong-Front.pdf Graphic file (type pdf)
<use tiles/mahjong-Front.pdf>
File: tiles/mahjong-2m.pdf Graphic file (type pdf)
<use tiles/mahjong-2m.pdf>
File: tiles/mahjong-Front.pdf Graphic file (type pdf)
<use tiles/mahjong-Front.pdf>
File: tiles/mahjong-3m.pdf Graphic file (type pdf)
<use tiles/mahjong-3m.pdf>
File: tiles/mahjong-Front.pdf Graphic file (type pdf)
<use tiles/mahjong-Front.pdf>
File: tiles/mahjong-4m.pdf Graphic file (type pdf)
<use tiles/mahjong-4m.pdf>
File: tiles/mahjong-Front.pdf Graphic file (type pdf)
<use tiles/mahjong-Front.pdf>
File: tiles/mahjong-5m.pdf Graphic file (type pdf)
<use tiles/mahjong-5m.pdf>
File: tiles/mahjong-Front.pdf Graphic file (type pdf)
<use tiles/mahjong-Front.pdf>
File: tiles/mahjong-6m.pdf Graphic file (type pdf)
<use tiles/mahjong-6m.pdf>
File: tiles/mahjong-Front.pdf Graphic file (type pdf)
<use tiles/mahjong-Front.pdf>
File: tiles/mahjong-6m.pdf Graphic file (type pdf)
<use tiles/mahjong-6m.pdf>
File: tiles/mahjong-Front.pdf Graphic file (type pdf)
<use tiles/mahjong-Front.pdf>
File: tiles/mahjong-7m.pdf Graphic file (type pdf)
<use tiles/mahjong-7m.pdf>
File: tiles/mahjong-Front.pdf Graphic file (type pdf)
<use tiles/mahjong-Front.pdf>
File: tiles/mahjong-4p.pdf Graphic file (type pdf)
<use tiles/mahjong-4p.pdf>
File: tiles/mahjong-Front.pdf Graphic file (type pdf)
<use tiles/mahjong-Front.pdf>
File: tiles/mahjong-5p.pdf Graphic file (type pdf)
<use tiles/mahjong-5p.pdf>
File: tiles/mahjong-Front.pdf Graphic file (type pdf)
<use tiles/mahjong-Front.pdf>
File: tiles/mahjong-6p.pdf Graphic file (type pdf)
<use tiles/mahjong-6p.pdf>
File: tiles/mahjong-Front.pdf Graphic file (type pdf)
<use tiles/mahjong-Front.pdf>
File: tiles/mahjong-8p.pdf Graphic file (type pdf)
<use tiles/mahjong-8p.pdf>
File: tiles/mahjong-Front.pdf Graphic file (type pdf)
<use tiles/mahjong-Front.pdf>
File: tiles/mahjong-8p.pdf Graphic file (type pdf)
<use tiles/mahjong-8p.pdf>
File: tiles/mahjong-Front.pdf Graphic file (type pdf)
<use tiles/mahjong-Front.pdf>
File: tiles/mahjong-3s.pdf Graphic file (type pdf)
<use tiles/mahjong-3s.pdf>
File: tiles/mahjong-Front.pdf Graphic file (type pdf)
<use tiles/mahjong-Front.pdf>
File: tiles/mahjong-3s.pdf Graphic file (type pdf)
<use tiles/mahjong-3s.pdf>
File: tiles/mahjong-Front.pdf Graphic file (type pdf)
<use tiles/mahjong-Front.pdf>
File: tiles/mahjong-4s.pdf Graphic file (type pdf)
<use tiles/mahjong-4s.pdf>
File: tiles/mahjong-Front.pdf Graphic file (type pdf)
<use tiles/mahjong-Front.pdf>
File: tiles/mahjong-5s.pdf Graphic file (type pdf)
<use tiles/mahjong-5s.pdf>
File: tiles/mahjong-Front.pdf Graphic file (type pdf)
<use tiles/mahjong-Front.pdf>
File: tiles/mahjong-5s.pdf Graphic file (type pdf)
<use tiles/mahjong-5s.pdf>
File: tiles/mahjong-Front.pdf Graphic file (type pdf)
<use tiles/mahjong-Front.pdf>
File: tiles/mahjong-5s.pdf Graphic file (type pdf)
<use tiles/mahjong-5s.pdf>
File: tiles/mahjong-Front.pdf Graphic file (type pdf)
<use tiles/mahjong-Front.pdf>
File: tiles/mahjong-6s.pdf Graphic file (type pdf)
<use tiles/mahjong-6s.pdf>
File: tiles/mahjong-Front.pdf Graphic file (type pdf)
<use tiles/mahjong-Front.pdf>
File: tiles/mahjong-3s.pdf Graphic file (type pdf)
<use tiles/mahjong-3s.pdf>
File: tiles/mahjong-Front.pdf Graphic file (type pdf)
<use tiles/mahjong-Front.pdf>
File: tiles/mahjong-5m.pdf Graphic file (type pdf)
<use tiles/mahjong-5m.pdf>
File: tiles/mahjong-Front.pdf Graphic file (type pdf)
<use tiles/mahjong-Front.pdf>
File: tiles/mahjong-8m.pdf Graphic file (type pdf)
<use tiles/mahjong-8m.pdf>
File: tiles/mahjong-Front.pdf Graphic file (type pdf)
<use tiles/mahjong-Front.pdf>
File: tiles/mahjong-8p.pdf Graphic file (type pdf)
<use tiles/mahjong-8p.pdf>
File: tiles/mahjong-Front.pdf Graphic file (type pdf)
<use tiles/mahjong-Front.pdf>
File: tiles/mahjong-2s.pdf Graphic file (type pdf)
<use tiles/mahjong-2s.pdf>
File: tiles/mahjong-Front.pdf Graphic file (type pdf)
<use tiles/mahjong-Front.pdf>
File: tiles/mahjong-4s.pdf Graphic file (type pdf)
<use tiles/mahjong-4s.pdf>
File: tiles/mahjong-Front.pdf Graphic file (type pdf)
<use tiles/mahjong-Front.pdf>
File: tiles/mahjong-5s.pdf Graphic file (type pdf)
<use tiles/mahjong-5s.pdf>
File: tiles/mahjong-Front.pdf Graphic file (type pdf)
<use tiles/mahjong-Front.pdf>
File: tiles/mahjong-7s.pdf Graphic file (type pdf)
<use tiles/mahjong-7s.pdf>
File: tiles/mahjong-Front.pdf Graphic file (type pdf)
<use tiles/mahjong-Front.pdf>
File: tiles/mahjong-6s.pdf Graphic file (type pdf)
<use tiles/mahjong-6s.pdf>
File: tiles/mahjong-Front.pdf Graphic file (type pdf)
<use tiles/mahjong-Front.pdf>
File: tiles/mahjong-5m.pdf Graphic file (type pdf)
<use tiles/mahjong-5m.pdf>
File: tiles/mahjong-Front.pdf Graphic file (type pdf)
<use tiles/mahjong-Front.pdf>
File: tiles/mahjong-8m.pdf Graphic file (type pdf)
<use tiles/mahjong-8m.pdf>
File: tiles/mahjong-Front.pdf Graphic file (type pdf)
<use tiles/mahjong-Front.pdf>
File: tiles/mahjong-8p.pdf Graphic file (type pdf)
<use tiles/mahjong-8p.pdf>
File: tiles/mahjong-Front.pdf Graphic file (type pdf)
<use tiles/mahjong-Front.pdf>
File: tiles/mahjong-2s.pdf Graphic file (type pdf)
<use tiles/mahjong-2s.pdf>
File: tiles/mahjong-Front.pdf Graphic file (type pdf)
<use tiles/mahjong-Front.pdf>
File: tiles/mahjong-3s.pdf Graphic file (type pdf)
<use tiles/mahjong-3s.pdf>
File: tiles/mahjong-Front.pdf Graphic file (type pdf)
<use tiles/mahjong-Front.pdf>
File: tiles/mahjong-4s.pdf Graphic file (type pdf)
<use tiles/mahjong-4s.pdf>
File: tiles/mahjong-Front.pdf Graphic file (type pdf)
<use tiles/mahjong-Front.pdf>
File: tiles/mahjong-5s.pdf Graphic file (type pdf)
<use tiles/mahjong-5s.pdf>
File: tiles/mahjong-Front.pdf Graphic file (type pdf)
<use tiles/mahjong-Front.pdf>
File: tiles/mahjong-5s.pdf Graphic file (type pdf)
<use tiles/mahjong-5s.pdf>
File: tiles/mahjong-Front.pdf Graphic file (type pdf)
<use tiles/mahjong-Front.pdf>
File: tiles/mahjong-5m.pdf Graphic file (type pdf)
<use tiles/mahjong-5m.pdf>
File: tiles/mahjong-Front.pdf Graphic file (type pdf)
<use tiles/mahjong-Front.pdf>
File: tiles/mahjong-8m.pdf Graphic file (type pdf)
<use tiles/mahjong-8m.pdf>
File: tiles/mahjong-Front.pdf Graphic file (type pdf)
<use tiles/mahjong-Front.pdf>
File: tiles/mahjong-8p.pdf Graphic file (type pdf)
<use tiles/mahjong-8p.pdf>
File: tiles/mahjong-Front.pdf Graphic file (type pdf)
<use tiles/mahjong-Front.pdf>
File: tiles/mahjong-3s.pdf Graphic file (type pdf)
<use tiles/mahjong-3s.pdf>
File: tiles/mahjong-Front.pdf Graphic file (type pdf)
<use tiles/mahjong-Front.pdf>
File: tiles/mahjong-4s.pdf Graphic file (type pdf)
<use tiles/mahjong-4s.pdf>
File: tiles/mahjong-Front.pdf Graphic file (type pdf)
<use tiles/mahjong-Front.pdf>
File: tiles/mahjong-7s.pdf Graphic file (type pdf)
<use tiles/mahjong-7s.pdf>
File: tiles/mahjong-Front.pdf Graphic file (type pdf)
<use tiles/mahjong-Front.pdf>
File: tiles/mahjong-5s.pdf Graphic file (type pdf)
<use tiles/mahjong-5s.pdf>
File: tiles/mahjong-Front.pdf Graphic file (type pdf)
<use tiles/mahjong-Front.pdf>
File: tiles/mahjong-3s.pdf Graphic file (type pdf)
<use tiles/mahjong-3s.pdf>
File: tiles/mahjong-Front.pdf Graphic file (type pdf)
<use tiles/mahjong-Front.pdf>
File: tiles/mahjong-3s.pdf Graphic file (type pdf)
<use tiles/mahjong-3s.pdf>
File: tiles/mahjong-Front.pdf Graphic file (type pdf)
<use tiles/mahjong-Front.pdf>
File: tiles/mahjong-4s.pdf Graphic file (type pdf)
<use tiles/mahjong-4s.pdf>
File: tiles/mahjong-Front.pdf Graphic file (type pdf)
<use tiles/mahjong-Front.pdf>
File: tiles/mahjong-4s.pdf Graphic file (type pdf)
<use tiles/mahjong-4s.pdf>
File: tiles/mahjong-Front.pdf Graphic file (type pdf)
<use tiles/mahjong-Front.pdf>
File: tiles/mahjong-5s.pdf Graphic file (type pdf)
<use tiles/mahjong-5s.pdf>
File: tiles/mahjong-Front.pdf Graphic file (type pdf)
<use tiles/mahjong-Front.pdf>
File: tiles/mahjong-5s.pdf Graphic file (type pdf)
<use tiles/mahjong-5s.pdf>
File: tiles/mahjong-Front.pdf Graphic file (type pdf)
<use tiles/mahjong-Front.pdf>
File: tiles/mahjong-3s.pdf Graphic file (type pdf)
<use tiles/mahjong-3s.pdf>
File: tiles/mahjong-Front.pdf Graphic file (type pdf)
<use tiles/mahjong-Front.pdf>
File: tiles/mahjong-3s.pdf Graphic file (type pdf)
<use tiles/mahjong-3s.pdf>
File: tiles/mahjong-Front.pdf Graphic file (type pdf)
<use tiles/mahjong-Front.pdf>
File: tiles/mahjong-1m.pdf Graphic file (type pdf)
<use tiles/mahjong-1m.pdf>
File: tiles/mahjong-Front.pdf Graphic file (type pdf)
<use tiles/mahjong-Front.pdf>
File: tiles/mahjong-2m.pdf Graphic file (type pdf)
<use tiles/mahjong-2m.pdf>
File: tiles/mahjong-Front.pdf Graphic file (type pdf)
<use tiles/mahjong-Front.pdf>
File: tiles/mahjong-3m.pdf Graphic file (type pdf)
<use tiles/mahjong-3m.pdf>
File: tiles/mahjong-Front.pdf Graphic file (type pdf)
<use tiles/mahjong-Front.pdf>
File: tiles/mahjong-5m.pdf Graphic file (type pdf)
<use tiles/mahjong-5m.pdf>
File: tiles/mahjong-Front.pdf Graphic file (type pdf)
<use tiles/mahjong-Front.pdf>
File: tiles/mahjong-5m.pdf Graphic file (type pdf)
<use tiles/mahjong-5m.pdf>
File: tiles/mahjong-Front.pdf Graphic file (type pdf)
<use tiles/mahjong-Front.pdf>
File: tiles/mahjong-1p.pdf Graphic file (type pdf)
<use tiles/mahjong-1p.pdf>
File: tiles/mahjong-Front.pdf Graphic file (type pdf)
<use tiles/mahjong-Front.pdf>
File: tiles/mahjong-3p.pdf Graphic file (type pdf)
<use tiles/mahjong-3p.pdf>
File: tiles/mahjong-Front.pdf Graphic file (type pdf)
<use tiles/mahjong-Front.pdf>
File: tiles/mahjong-3p.pdf Graphic file (type pdf)
<use tiles/mahjong-3p.pdf>
File: tiles/mahjong-Front.pdf Graphic file (type pdf)
<use tiles/mahjong-Front.pdf>
File: tiles/mahjong-4p.pdf Graphic file (type pdf)
<use tiles/mahjong-4p.pdf>
File: tiles/mahjong-Front.pdf Graphic file (type pdf)
<use tiles/mahjong-Front.pdf>
File: tiles/mahjong-5p.pdf Graphic file (type pdf)
<use tiles/mahjong-5p.pdf>
File: tiles/mahjong-Front.pdf Graphic file (type pdf)
<use tiles/mahjong-Front.pdf>
File: tiles/mahjong-5p.pdf Graphic file (type pdf)
<use tiles/mahjong-5p.pdf>
File: tiles/mahjong-Front.pdf Graphic file (type pdf)
<use tiles/mahjong-Front.pdf>
File: tiles/mahjong-6p.pdf Graphic file (type pdf)
<use tiles/mahjong-6p.pdf>
File: tiles/mahjong-Front.pdf Graphic file (type pdf)
<use tiles/mahjong-Front.pdf>
File: tiles/mahjong-2s.pdf Graphic file (type pdf)
<use tiles/mahjong-2s.pdf>
File: tiles/mahjong-Front.pdf Graphic file (type pdf)
<use tiles/mahjong-Front.pdf>
File: tiles/mahjong-3s.pdf Graphic file (type pdf)
<use tiles/mahjong-3s.pdf>
File: tiles/mahjong-Front.pdf Graphic file (type pdf)
<use tiles/mahjong-Front.pdf>
File: tiles/mahjong-1p.pdf Graphic file (type pdf)
<use tiles/mahjong-1p.pdf>
File: tiles/mahjong-Front.pdf Graphic file (type pdf)
<use tiles/mahjong-Front.pdf>
File: tiles/mahjong-3p.pdf Graphic file (type pdf)
<use tiles/mahjong-3p.pdf>
File: tiles/mahjong-Front.pdf Graphic file (type pdf)
<use tiles/mahjong-Front.pdf>
File: tiles/mahjong-1p.pdf Graphic file (type pdf)
<use tiles/mahjong-1p.pdf>
File: tiles/mahjong-Front.pdf Graphic file (type pdf)
<use tiles/mahjong-Front.pdf>
File: tiles/mahjong-3p.pdf Graphic file (type pdf)
<use tiles/mahjong-3p.pdf>
File: tiles/mahjong-Front.pdf Graphic file (type pdf)
<use tiles/mahjong-Front.pdf>
File: tiles/mahjong-3p.pdf Graphic file (type pdf)
<use tiles/mahjong-3p.pdf>
File: tiles/mahjong-Front.pdf Graphic file (type pdf)
<use tiles/mahjong-Front.pdf>
File: tiles/mahjong-1m.pdf Graphic file (type pdf)
<use tiles/mahjong-1m.pdf>
File: tiles/mahjong-Front.pdf Graphic file (type pdf)
<use tiles/mahjong-Front.pdf>
File: tiles/mahjong-1m.pdf Graphic file (type pdf)
<use tiles/mahjong-1m.pdf>
File: tiles/mahjong-Front.pdf Graphic file (type pdf)
<use tiles/mahjong-Front.pdf>
File: tiles/mahjong-1m.pdf Graphic file (type pdf)
<use tiles/mahjong-1m.pdf>
File: tiles/mahjong-Front.pdf Graphic file (type pdf)
<use tiles/mahjong-Front.pdf>
File: tiles/mahjong-5m.pdf Graphic file (type pdf)
<use tiles/mahjong-5m.pdf>
File: tiles/mahjong-Front.pdf Graphic file (type pdf)
<use tiles/mahjong-Front.pdf>
File: tiles/mahjong-5m.pdf Graphic file (type pdf)
<use tiles/mahjong-5m.pdf>
File: tiles/mahjong-Front.pdf Graphic file (type pdf)
<use tiles/mahjong-Front.pdf>
File: tiles/mahjong-1p.pdf Graphic file (type pdf)
<use tiles/mahjong-1p.pdf>
File: tiles/mahjong-Front.pdf Graphic file (type pdf)
<use tiles/mahjong-Front.pdf>
File: tiles/mahjong-3p.pdf Graphic file (type pdf)
<use tiles/mahjong-3p.pdf>
File: tiles/mahjong-Front.pdf Graphic file (type pdf)
<use tiles/mahjong-Front.pdf>
File: tiles/mahjong-3p.pdf Graphic file (type pdf)
<use tiles/mahjong-3p.pdf>
File: tiles/mahjong-Front.pdf Graphic file (type pdf)
<use tiles/mahjong-Front.pdf>
File: tiles/mahjong-4p.pdf Graphic file (type pdf)
<use tiles/mahjong-4p.pdf>
File: tiles/mahjong-Front.pdf Graphic file (type pdf)
<use tiles/mahjong-Front.pdf>
File: tiles/mahjong-5p.pdf Graphic file (type pdf)
<use tiles/mahjong-5p.pdf>
File: tiles/mahjong-Front.pdf Graphic file (type pdf)
<use tiles/mahjong-Front.pdf>
File: tiles/mahjong-5p.pdf Graphic file (type pdf)
<use tiles/mahjong-5p.pdf>
File: tiles/mahjong-Front.pdf Graphic file (type pdf)
<use tiles/mahjong-Front.pdf>
File: tiles/mahjong-6p.pdf Graphic file (type pdf)
<use tiles/mahjong-6p.pdf>
File: tiles/mahjong-Front.pdf Graphic file (type pdf)
<use tiles/mahjong-Front.pdf>
File: tiles/mahjong-2s.pdf Graphic file (type pdf)
<use tiles/mahjong-2s.pdf>
File: tiles/mahjong-Front.pdf Graphic file (type pdf)
<use tiles/mahjong-Front.pdf>
File: tiles/mahjong-3s.pdf Graphic file (type pdf)
<use tiles/mahjong-3s.pdf>
File: tiles/mahjong-Front.pdf Graphic file (type pdf)
<use tiles/mahjong-Front.pdf>
File: tiles/mahjong-1p.pdf Graphic file (type pdf)
<use tiles/mahjong-1p.pdf>
File: tiles/mahjong-Front.pdf Graphic file (type pdf)
<use tiles/mahjong-Front.pdf>
File: tiles/mahjong-5p.pdf Graphic file (type pdf)
<use tiles/mahjong-5p.pdf>
[11]
File: tiles/mahjong-Front.pdf Graphic file (type pdf)
<use tiles/mahjong-Front.pdf>
File: tiles/mahjong-1m.pdf Graphic file (type pdf)
<use tiles/mahjong-1m.pdf>
File: tiles/mahjong-Front.pdf Graphic file (type pdf)
<use tiles/mahjong-Front.pdf>
File: tiles/mahjong-2m.pdf Graphic file (type pdf)
<use tiles/mahjong-2m.pdf>
File: tiles/mahjong-Front.pdf Graphic file (type pdf)
<use tiles/mahjong-Front.pdf>
File: tiles/mahjong-2m.pdf Graphic file (type pdf)
<use tiles/mahjong-2m.pdf>
File: tiles/mahjong-Front.pdf Graphic file (type pdf)
<use tiles/mahjong-Front.pdf>
File: tiles/mahjong-2m.pdf Graphic file (type pdf)
<use tiles/mahjong-2m.pdf>
File: tiles/mahjong-Front.pdf Graphic file (type pdf)
<use tiles/mahjong-Front.pdf>
File: tiles/mahjong-1p.pdf Graphic file (type pdf)
<use tiles/mahjong-1p.pdf>
File: tiles/mahjong-Front.pdf Graphic file (type pdf)
<use tiles/mahjong-Front.pdf>
File: tiles/mahjong-1p.pdf Graphic file (type pdf)
<use tiles/mahjong-1p.pdf>
File: tiles/mahjong-Front.pdf Graphic file (type pdf)
<use tiles/mahjong-Front.pdf>
File: tiles/mahjong-2p.pdf Graphic file (type pdf)
<use tiles/mahjong-2p.pdf>
File: tiles/mahjong-Front.pdf Graphic file (type pdf)
<use tiles/mahjong-Front.pdf>
File: tiles/mahjong-3p.pdf Graphic file (type pdf)
<use tiles/mahjong-3p.pdf>
File: tiles/mahjong-Front.pdf Graphic file (type pdf)
<use tiles/mahjong-Front.pdf>
File: tiles/mahjong-7p.pdf Graphic file (type pdf)
<use tiles/mahjong-7p.pdf>
File: tiles/mahjong-Front.pdf Graphic file (type pdf)
<use tiles/mahjong-Front.pdf>
File: tiles/mahjong-8p.pdf Graphic file (type pdf)
<use tiles/mahjong-8p.pdf>
File: tiles/mahjong-Front.pdf Graphic file (type pdf)
<use tiles/mahjong-Front.pdf>
File: tiles/mahjong-5s.pdf Graphic file (type pdf)
<use tiles/mahjong-5s.pdf>
File: tiles/mahjong-Front.pdf Graphic file (type pdf)
<use tiles/mahjong-Front.pdf>
File: tiles/mahjong-5s.pdf Graphic file (type pdf)
<use tiles/mahjong-5s.pdf>
File: tiles/mahjong-Front.pdf Graphic file (type pdf)
<use tiles/mahjong-Front.pdf>
File: tiles/mahjong-6s.pdf Graphic file (type pdf)
<use tiles/mahjong-6s.pdf>
File: tiles/mahjong-Front.pdf Graphic file (type pdf)
<use tiles/mahjong-Front.pdf>
File: tiles/mahjong-7s.pdf Graphic file (type pdf)
<use tiles/mahjong-7s.pdf>
File: tiles/mahjong-Front.pdf Graphic file (type pdf)
<use tiles/mahjong-Front.pdf>
File: tiles/mahjong-1m.pdf Graphic file (type pdf)
<use tiles/mahjong-1m.pdf>
File: tiles/mahjong-Front.pdf Graphic file (type pdf)
<use tiles/mahjong-Front.pdf>
File: tiles/mahjong-1p.pdf Graphic file (type pdf)
<use tiles/mahjong-1p.pdf>
File: tiles/mahjong-Front.pdf Graphic file (type pdf)
<use tiles/mahjong-Front.pdf>
File: tiles/mahjong-5s.pdf Graphic file (type pdf)
<use tiles/mahjong-5s.pdf>
File: tiles/mahjong-Front.pdf Graphic file (type pdf)
<use tiles/mahjong-Front.pdf>
File: tiles/mahjong-1m.pdf Graphic file (type pdf)
<use tiles/mahjong-1m.pdf>
File: tiles/mahjong-Front.pdf Graphic file (type pdf)
<use tiles/mahjong-Front.pdf>
File: tiles/mahjong-1m.pdf Graphic file (type pdf)
<use tiles/mahjong-1m.pdf>
File: tiles/mahjong-Front.pdf Graphic file (type pdf)
<use tiles/mahjong-Front.pdf>
File: tiles/mahjong-3m.pdf Graphic file (type pdf)
<use tiles/mahjong-3m.pdf>
File: tiles/mahjong-Front.pdf Graphic file (type pdf)
<use tiles/mahjong-Front.pdf>
File: tiles/mahjong-1p.pdf Graphic file (type pdf)
<use tiles/mahjong-1p.pdf>
File: tiles/mahjong-Front.pdf Graphic file (type pdf)
<use tiles/mahjong-Front.pdf>
File: tiles/mahjong-4z.pdf Graphic file (type pdf)
<use tiles/mahjong-4z.pdf>
File: tiles/mahjong-Front.pdf Graphic file (type pdf)
<use tiles/mahjong-Front.pdf>
File: tiles/mahjong-2m.pdf Graphic file (type pdf)
<use tiles/mahjong-2m.pdf>
File: tiles/mahjong-Front.pdf Graphic file (type pdf)
<use tiles/mahjong-Front.pdf>
File: tiles/mahjong-2m.pdf Graphic file (type pdf)
<use tiles/mahjong-2m.pdf>


Package natbib Warning: Citation `ishibashi-black' on page 12 undefined on inpu
t line 979.

File: tiles/mahjong-Front.pdf Graphic file (type pdf)
<use tiles/mahjong-Front.pdf>
File: tiles/mahjong-3m.pdf Graphic file (type pdf)
<use tiles/mahjong-3m.pdf>
File: tiles/mahjong-Front.pdf Graphic file (type pdf)
<use tiles/mahjong-Front.pdf>
File: tiles/mahjong-2m.pdf Graphic file (type pdf)
<use tiles/mahjong-2m.pdf>
File: tiles/mahjong-Front.pdf Graphic file (type pdf)
<use tiles/mahjong-Front.pdf>
File: tiles/mahjong-2m.pdf Graphic file (type pdf)
<use tiles/mahjong-2m.pdf>
File: tiles/mahjong-Front.pdf Graphic file (type pdf)
<use tiles/mahjong-Front.pdf>
File: tiles/mahjong-3m.pdf Graphic file (type pdf)
<use tiles/mahjong-3m.pdf>
File: tiles/mahjong-Front.pdf Graphic file (type pdf)
<use tiles/mahjong-Front.pdf>
File: tiles/mahjong-7m.pdf Graphic file (type pdf)
<use tiles/mahjong-7m.pdf>
File: tiles/mahjong-Front.pdf Graphic file (type pdf)
<use tiles/mahjong-Front.pdf>
File: tiles/mahjong-8m.pdf Graphic file (type pdf)
<use tiles/mahjong-8m.pdf>
File: tiles/mahjong-Front.pdf Graphic file (type pdf)
<use tiles/mahjong-Front.pdf>
File: tiles/mahjong-9m.pdf Graphic file (type pdf)
<use tiles/mahjong-9m.pdf>
File: tiles/mahjong-Front.pdf Graphic file (type pdf)
<use tiles/mahjong-Front.pdf>
File: tiles/mahjong-9p.pdf Graphic file (type pdf)
<use tiles/mahjong-9p.pdf>
File: tiles/mahjong-Front.pdf Graphic file (type pdf)
<use tiles/mahjong-Front.pdf>
File: tiles/mahjong-9p.pdf Graphic file (type pdf)
<use tiles/mahjong-9p.pdf>
File: tiles/mahjong-Front.pdf Graphic file (type pdf)
<use tiles/mahjong-Front.pdf>
File: tiles/mahjong-1s.pdf Graphic file (type pdf)
<use tiles/mahjong-1s.pdf>
File: tiles/mahjong-Front.pdf Graphic file (type pdf)
<use tiles/mahjong-Front.pdf>
File: tiles/mahjong-2s.pdf Graphic file (type pdf)
<use tiles/mahjong-2s.pdf>
File: tiles/mahjong-Front.pdf Graphic file (type pdf)
<use tiles/mahjong-Front.pdf>
File: tiles/mahjong-3s.pdf Graphic file (type pdf)
<use tiles/mahjong-3s.pdf>
File: tiles/mahjong-Front.pdf Graphic file (type pdf)
<use tiles/mahjong-Front.pdf>
File: tiles/mahjong-5s.pdf Graphic file (type pdf)
<use tiles/mahjong-5s.pdf>
File: tiles/mahjong-Front.pdf Graphic file (type pdf)
<use tiles/mahjong-Front.pdf>
File: tiles/mahjong-6s.pdf Graphic file (type pdf)
<use tiles/mahjong-6s.pdf>
File: tiles/mahjong-Front.pdf Graphic file (type pdf)
<use tiles/mahjong-Front.pdf>
File: tiles/mahjong-4z.pdf Graphic file (type pdf)
<use tiles/mahjong-4z.pdf>

Package natbib Warning: Citation `gendai-iishanten-choice-1' on page 12 undefin
ed on input line 985.

File: tiles/mahjong-Front.pdf Graphic file (type pdf)
<use tiles/mahjong-Front.pdf>
File: tiles/mahjong-2m.pdf Graphic file (type pdf)
<use tiles/mahjong-2m.pdf>
File: tiles/mahjong-Front.pdf Graphic file (type pdf)
<use tiles/mahjong-Front.pdf>
File: tiles/mahjong-3m.pdf Graphic file (type pdf)
<use tiles/mahjong-3m.pdf>
File: tiles/mahjong-Front.pdf Graphic file (type pdf)
<use tiles/mahjong-Front.pdf>
File: tiles/mahjong-4m.pdf Graphic file (type pdf)
<use tiles/mahjong-4m.pdf>
File: tiles/mahjong-Front.pdf Graphic file (type pdf)
<use tiles/mahjong-Front.pdf>
File: tiles/mahjong-7m.pdf Graphic file (type pdf)
<use tiles/mahjong-7m.pdf>
File: tiles/mahjong-Front.pdf Graphic file (type pdf)
<use tiles/mahjong-Front.pdf>
File: tiles/mahjong-5p.pdf Graphic file (type pdf)
<use tiles/mahjong-5p.pdf>
File: tiles/mahjong-Front.pdf Graphic file (type pdf)
<use tiles/mahjong-Front.pdf>
File: tiles/mahjong-5p.pdf Graphic file (type pdf)
<use tiles/mahjong-5p.pdf>
File: tiles/mahjong-Front.pdf Graphic file (type pdf)
<use tiles/mahjong-Front.pdf>
File: tiles/mahjong-8p.pdf Graphic file (type pdf)
<use tiles/mahjong-8p.pdf>
File: tiles/mahjong-Front.pdf Graphic file (type pdf)
<use tiles/mahjong-Front.pdf>
File: tiles/mahjong-9p.pdf Graphic file (type pdf)
<use tiles/mahjong-9p.pdf>
File: tiles/mahjong-Front.pdf Graphic file (type pdf)
<use tiles/mahjong-Front.pdf>
File: tiles/mahjong-1s.pdf Graphic file (type pdf)
<use tiles/mahjong-1s.pdf>
File: tiles/mahjong-Front.pdf Graphic file (type pdf)
<use tiles/mahjong-Front.pdf>
File: tiles/mahjong-2s.pdf Graphic file (type pdf)
<use tiles/mahjong-2s.pdf>
File: tiles/mahjong-Front.pdf Graphic file (type pdf)
<use tiles/mahjong-Front.pdf>
File: tiles/mahjong-3s.pdf Graphic file (type pdf)
<use tiles/mahjong-3s.pdf>
File: tiles/mahjong-Front.pdf Graphic file (type pdf)
<use tiles/mahjong-Front.pdf>
File: tiles/mahjong-7s.pdf Graphic file (type pdf)
<use tiles/mahjong-7s.pdf>
File: tiles/mahjong-Front.pdf Graphic file (type pdf)
<use tiles/mahjong-Front.pdf>
File: tiles/mahjong-8s.pdf Graphic file (type pdf)
<use tiles/mahjong-8s.pdf>
File: tiles/mahjong-Front.pdf Graphic file (type pdf)
<use tiles/mahjong-Front.pdf>
File: tiles/mahjong-8s.pdf Graphic file (type pdf)
<use tiles/mahjong-8s.pdf>
File: tiles/mahjong-Front.pdf Graphic file (type pdf)
<use tiles/mahjong-Front.pdf>
File: tiles/mahjong-7m.pdf Graphic file (type pdf)
<use tiles/mahjong-7m.pdf>
File: tiles/mahjong-Front.pdf Graphic file (type pdf)
<use tiles/mahjong-Front.pdf>
File: tiles/mahjong-8s.pdf Graphic file (type pdf)
<use tiles/mahjong-8s.pdf>
File: tiles/mahjong-Front.pdf Graphic file (type pdf)
<use tiles/mahjong-Front.pdf>
File: tiles/mahjong-7m.pdf Graphic file (type pdf)
<use tiles/mahjong-7m.pdf>
File: tiles/mahjong-Front.pdf Graphic file (type pdf)
<use tiles/mahjong-Front.pdf>
File: tiles/mahjong-8s.pdf Graphic file (type pdf)
<use tiles/mahjong-8s.pdf>
File: tiles/mahjong-Front.pdf Graphic file (type pdf)
<use tiles/mahjong-Front.pdf>
File: tiles/mahjong-7m.pdf Graphic file (type pdf)
<use tiles/mahjong-7m.pdf>
File: tiles/mahjong-Front.pdf Graphic file (type pdf)
<use tiles/mahjong-Front.pdf>
File: tiles/mahjong-2m.pdf Graphic file (type pdf)
<use tiles/mahjong-2m.pdf>
File: tiles/mahjong-Front.pdf Graphic file (type pdf)
<use tiles/mahjong-Front.pdf>
File: tiles/mahjong-3m.pdf Graphic file (type pdf)
<use tiles/mahjong-3m.pdf>
File: tiles/mahjong-Front.pdf Graphic file (type pdf)
<use tiles/mahjong-Front.pdf>
File: tiles/mahjong-4m.pdf Graphic file (type pdf)
<use tiles/mahjong-4m.pdf>
File: tiles/mahjong-Front.pdf Graphic file (type pdf)
<use tiles/mahjong-Front.pdf>
File: tiles/mahjong-7m.pdf Graphic file (type pdf)
<use tiles/mahjong-7m.pdf>
File: tiles/mahjong-Front.pdf Graphic file (type pdf)
<use tiles/mahjong-Front.pdf>
File: tiles/mahjong-4p.pdf Graphic file (type pdf)
<use tiles/mahjong-4p.pdf>
File: tiles/mahjong-Front.pdf Graphic file (type pdf)
<use tiles/mahjong-Front.pdf>
File: tiles/mahjong-6p.pdf Graphic file (type pdf)
<use tiles/mahjong-6p.pdf>
File: tiles/mahjong-Front.pdf Graphic file (type pdf)
<use tiles/mahjong-Front.pdf>
File: tiles/mahjong-9p.pdf Graphic file (type pdf)
<use tiles/mahjong-9p.pdf>
File: tiles/mahjong-Front.pdf Graphic file (type pdf)
<use tiles/mahjong-Front.pdf>
File: tiles/mahjong-9p.pdf Graphic file (type pdf)
<use tiles/mahjong-9p.pdf>
File: tiles/mahjong-Front.pdf Graphic file (type pdf)
<use tiles/mahjong-Front.pdf>
File: tiles/mahjong-1s.pdf Graphic file (type pdf)
<use tiles/mahjong-1s.pdf>
File: tiles/mahjong-Front.pdf Graphic file (type pdf)
<use tiles/mahjong-Front.pdf>
File: tiles/mahjong-2s.pdf Graphic file (type pdf)
<use tiles/mahjong-2s.pdf>
File: tiles/mahjong-Front.pdf Graphic file (type pdf)
<use tiles/mahjong-Front.pdf>
File: tiles/mahjong-3s.pdf Graphic file (type pdf)
<use tiles/mahjong-3s.pdf>
File: tiles/mahjong-Front.pdf Graphic file (type pdf)
<use tiles/mahjong-Front.pdf>
File: tiles/mahjong-7s.pdf Graphic file (type pdf)
<use tiles/mahjong-7s.pdf>
File: tiles/mahjong-Front.pdf Graphic file (type pdf)
<use tiles/mahjong-Front.pdf>
File: tiles/mahjong-8s.pdf Graphic file (type pdf)
<use tiles/mahjong-8s.pdf>
File: tiles/mahjong-Front.pdf Graphic file (type pdf)
<use tiles/mahjong-Front.pdf>
File: tiles/mahjong-8s.pdf Graphic file (type pdf)
<use tiles/mahjong-8s.pdf>
File: tiles/mahjong-Front.pdf Graphic file (type pdf)
<use tiles/mahjong-Front.pdf>
File: tiles/mahjong-7m.pdf Graphic file (type pdf)
<use tiles/mahjong-7m.pdf>
File: tiles/mahjong-Front.pdf Graphic file (type pdf)
<use tiles/mahjong-Front.pdf>
File: tiles/mahjong-2m.pdf Graphic file (type pdf)
<use tiles/mahjong-2m.pdf>
File: tiles/mahjong-Front.pdf Graphic file (type pdf)
<use tiles/mahjong-Front.pdf>
File: tiles/mahjong-3m.pdf Graphic file (type pdf)
<use tiles/mahjong-3m.pdf>
File: tiles/mahjong-Front.pdf Graphic file (type pdf)
<use tiles/mahjong-Front.pdf>
File: tiles/mahjong-4m.pdf Graphic file (type pdf)
<use tiles/mahjong-4m.pdf>
File: tiles/mahjong-Front.pdf Graphic file (type pdf)
<use tiles/mahjong-Front.pdf>
File: tiles/mahjong-5m.pdf Graphic file (type pdf)
<use tiles/mahjong-5m.pdf>
File: tiles/mahjong-Front.pdf Graphic file (type pdf)
<use tiles/mahjong-Front.pdf>
File: tiles/mahjong-5p.pdf Graphic file (type pdf)
<use tiles/mahjong-5p.pdf>
File: tiles/mahjong-Front.pdf Graphic file (type pdf)
<use tiles/mahjong-Front.pdf>
File: tiles/mahjong-5p.pdf Graphic file (type pdf)
<use tiles/mahjong-5p.pdf>
File: tiles/mahjong-Front.pdf Graphic file (type pdf)
<use tiles/mahjong-Front.pdf>
File: tiles/mahjong-8p.pdf Graphic file (type pdf)
<use tiles/mahjong-8p.pdf>
File: tiles/mahjong-Front.pdf Graphic file (type pdf)
<use tiles/mahjong-Front.pdf>
File: tiles/mahjong-9p.pdf Graphic file (type pdf)
<use tiles/mahjong-9p.pdf>
File: tiles/mahjong-Front.pdf Graphic file (type pdf)
<use tiles/mahjong-Front.pdf>
File: tiles/mahjong-1s.pdf Graphic file (type pdf)
<use tiles/mahjong-1s.pdf>
File: tiles/mahjong-Front.pdf Graphic file (type pdf)
<use tiles/mahjong-Front.pdf>
File: tiles/mahjong-2s.pdf Graphic file (type pdf)
<use tiles/mahjong-2s.pdf>
File: tiles/mahjong-Front.pdf Graphic file (type pdf)
<use tiles/mahjong-Front.pdf>
File: tiles/mahjong-3s.pdf Graphic file (type pdf)
<use tiles/mahjong-3s.pdf>
File: tiles/mahjong-Front.pdf Graphic file (type pdf)
<use tiles/mahjong-Front.pdf>
File: tiles/mahjong-7s.pdf Graphic file (type pdf)
<use tiles/mahjong-7s.pdf>
File: tiles/mahjong-Front.pdf Graphic file (type pdf)
<use tiles/mahjong-Front.pdf>
File: tiles/mahjong-8s.pdf Graphic file (type pdf)
<use tiles/mahjong-8s.pdf>
File: tiles/mahjong-Front.pdf Graphic file (type pdf)
<use tiles/mahjong-Front.pdf>
File: tiles/mahjong-8s.pdf Graphic file (type pdf)
<use tiles/mahjong-8s.pdf>
File: tiles/mahjong-Front.pdf Graphic file (type pdf)
<use tiles/mahjong-Front.pdf>
File: tiles/mahjong-8s.pdf Graphic file (type pdf)
<use tiles/mahjong-8s.pdf>
File: tiles/mahjong-Front.pdf Graphic file (type pdf)
<use tiles/mahjong-Front.pdf>
File: tiles/mahjong-2m.pdf Graphic file (type pdf)
<use tiles/mahjong-2m.pdf>
File: tiles/mahjong-Front.pdf Graphic file (type pdf)
<use tiles/mahjong-Front.pdf>
File: tiles/mahjong-3m.pdf Graphic file (type pdf)
<use tiles/mahjong-3m.pdf>
File: tiles/mahjong-Front.pdf Graphic file (type pdf)
<use tiles/mahjong-Front.pdf>
File: tiles/mahjong-4m.pdf Graphic file (type pdf)
<use tiles/mahjong-4m.pdf>
File: tiles/mahjong-Front.pdf Graphic file (type pdf)
<use tiles/mahjong-Front.pdf>
File: tiles/mahjong-5m.pdf Graphic file (type pdf)
<use tiles/mahjong-5m.pdf>
File: tiles/mahjong-Front.pdf Graphic file (type pdf)
<use tiles/mahjong-Front.pdf>
File: tiles/mahjong-6p.pdf Graphic file (type pdf)
<use tiles/mahjong-6p.pdf>
File: tiles/mahjong-Front.pdf Graphic file (type pdf)
<use tiles/mahjong-Front.pdf>
File: tiles/mahjong-6p.pdf Graphic file (type pdf)
<use tiles/mahjong-6p.pdf>
File: tiles/mahjong-Front.pdf Graphic file (type pdf)
<use tiles/mahjong-Front.pdf>
File: tiles/mahjong-8p.pdf Graphic file (type pdf)
<use tiles/mahjong-8p.pdf>
File: tiles/mahjong-Front.pdf Graphic file (type pdf)
<use tiles/mahjong-Front.pdf>
File: tiles/mahjong-9p.pdf Graphic file (type pdf)
<use tiles/mahjong-9p.pdf>
File: tiles/mahjong-Front.pdf Graphic file (type pdf)
<use tiles/mahjong-Front.pdf>
File: tiles/mahjong-1s.pdf Graphic file (type pdf)
<use tiles/mahjong-1s.pdf>
File: tiles/mahjong-Front.pdf Graphic file (type pdf)
<use tiles/mahjong-Front.pdf>
File: tiles/mahjong-2s.pdf Graphic file (type pdf)
<use tiles/mahjong-2s.pdf>
File: tiles/mahjong-Front.pdf Graphic file (type pdf)
<use tiles/mahjong-Front.pdf>
File: tiles/mahjong-3s.pdf Graphic file (type pdf)
<use tiles/mahjong-3s.pdf>
File: tiles/mahjong-Front.pdf Graphic file (type pdf)
<use tiles/mahjong-Front.pdf>
File: tiles/mahjong-7s.pdf Graphic file (type pdf)
<use tiles/mahjong-7s.pdf>
File: tiles/mahjong-Front.pdf Graphic file (type pdf)
<use tiles/mahjong-Front.pdf>
File: tiles/mahjong-8s.pdf Graphic file (type pdf)
<use tiles/mahjong-8s.pdf>
File: tiles/mahjong-Front.pdf Graphic file (type pdf)
<use tiles/mahjong-Front.pdf>
File: tiles/mahjong-8s.pdf Graphic file (type pdf)
<use tiles/mahjong-8s.pdf>
File: tiles/mahjong-Front.pdf Graphic file (type pdf)
<use tiles/mahjong-Front.pdf>
File: tiles/mahjong-6p.pdf Graphic file (type pdf)
<use tiles/mahjong-6p.pdf>
File: tiles/mahjong-Front.pdf Graphic file (type pdf)
<use tiles/mahjong-Front.pdf>
File: tiles/mahjong-7p.pdf Graphic file (type pdf)
<use tiles/mahjong-7p.pdf>
File: tiles/mahjong-Front.pdf Graphic file (type pdf)
<use tiles/mahjong-Front.pdf>
File: tiles/mahjong-8p.pdf Graphic file (type pdf)
<use tiles/mahjong-8p.pdf>
File: tiles/mahjong-Front.pdf Graphic file (type pdf)
<use tiles/mahjong-Front.pdf>
File: tiles/mahjong-9p.pdf Graphic file (type pdf)
<use tiles/mahjong-9p.pdf>
File: tiles/mahjong-Front.pdf Graphic file (type pdf)
<use tiles/mahjong-Front.pdf>
File: tiles/mahjong-7p.pdf Graphic file (type pdf)
<use tiles/mahjong-7p.pdf>
File: tiles/mahjong-Front.pdf Graphic file (type pdf)
<use tiles/mahjong-Front.pdf>
File: tiles/mahjong-2m.pdf Graphic file (type pdf)
<use tiles/mahjong-2m.pdf>
File: tiles/mahjong-Front.pdf Graphic file (type pdf)
<use tiles/mahjong-Front.pdf>
File: tiles/mahjong-3m.pdf Graphic file (type pdf)
<use tiles/mahjong-3m.pdf>
File: tiles/mahjong-Front.pdf Graphic file (type pdf)
<use tiles/mahjong-Front.pdf>
File: tiles/mahjong-4m.pdf Graphic file (type pdf)
<use tiles/mahjong-4m.pdf>
File: tiles/mahjong-Front.pdf Graphic file (type pdf)
<use tiles/mahjong-Front.pdf>
File: tiles/mahjong-5m.pdf Graphic file (type pdf)
<use tiles/mahjong-5m.pdf>
File: tiles/mahjong-Front.pdf Graphic file (type pdf)
<use tiles/mahjong-Front.pdf>
File: tiles/mahjong-4p.pdf Graphic file (type pdf)
<use tiles/mahjong-4p.pdf>
File: tiles/mahjong-Front.pdf Graphic file (type pdf)
<use tiles/mahjong-Front.pdf>
File: tiles/mahjong-6p.pdf Graphic file (type pdf)
<use tiles/mahjong-6p.pdf>
File: tiles/mahjong-Front.pdf Graphic file (type pdf)
<use tiles/mahjong-Front.pdf>
File: tiles/mahjong-9p.pdf Graphic file (type pdf)
<use tiles/mahjong-9p.pdf>
File: tiles/mahjong-Front.pdf Graphic file (type pdf)
<use tiles/mahjong-Front.pdf>
File: tiles/mahjong-9p.pdf Graphic file (type pdf)
<use tiles/mahjong-9p.pdf>
File: tiles/mahjong-Front.pdf Graphic file (type pdf)
<use tiles/mahjong-Front.pdf>
File: tiles/mahjong-1s.pdf Graphic file (type pdf)
<use tiles/mahjong-1s.pdf>
File: tiles/mahjong-Front.pdf Graphic file (type pdf)
<use tiles/mahjong-Front.pdf>
File: tiles/mahjong-2s.pdf Graphic file (type pdf)
<use tiles/mahjong-2s.pdf>
File: tiles/mahjong-Front.pdf Graphic file (type pdf)
<use tiles/mahjong-Front.pdf>
File: tiles/mahjong-3s.pdf Graphic file (type pdf)
<use tiles/mahjong-3s.pdf>
File: tiles/mahjong-Front.pdf Graphic file (type pdf)
<use tiles/mahjong-Front.pdf>
File: tiles/mahjong-7s.pdf Graphic file (type pdf)
<use tiles/mahjong-7s.pdf>
File: tiles/mahjong-Front.pdf Graphic file (type pdf)
<use tiles/mahjong-Front.pdf>
File: tiles/mahjong-8s.pdf Graphic file (type pdf)
<use tiles/mahjong-8s.pdf>
File: tiles/mahjong-Front.pdf Graphic file (type pdf)
<use tiles/mahjong-Front.pdf>
File: tiles/mahjong-8s.pdf Graphic file (type pdf)
<use tiles/mahjong-8s.pdf>
File: tiles/mahjong-Front.pdf Graphic file (type pdf)
<use tiles/mahjong-Front.pdf>
File: tiles/mahjong-5m.pdf Graphic file (type pdf)
<use tiles/mahjong-5m.pdf>
File: tiles/mahjong-Front.pdf Graphic file (type pdf)
<use tiles/mahjong-Front.pdf>
File: tiles/mahjong-8s.pdf Graphic file (type pdf)
<use tiles/mahjong-8s.pdf>
File: tiles/mahjong-Front.pdf Graphic file (type pdf)
<use tiles/mahjong-Front.pdf>
File: tiles/mahjong-3p.pdf Graphic file (type pdf)
<use tiles/mahjong-3p.pdf>
File: tiles/mahjong-Front.pdf Graphic file (type pdf)
<use tiles/mahjong-Front.pdf>
File: tiles/mahjong-7p.pdf Graphic file (type pdf)
<use tiles/mahjong-7p.pdf>
File: tiles/mahjong-Front.pdf Graphic file (type pdf)
<use tiles/mahjong-Front.pdf>
File: tiles/mahjong-2m.pdf Graphic file (type pdf)
<use tiles/mahjong-2m.pdf>
File: tiles/mahjong-Front.pdf Graphic file (type pdf)
<use tiles/mahjong-Front.pdf>
File: tiles/mahjong-3m.pdf Graphic file (type pdf)
<use tiles/mahjong-3m.pdf>
File: tiles/mahjong-Front.pdf Graphic file (type pdf)
<use tiles/mahjong-Front.pdf>
File: tiles/mahjong-4m.pdf Graphic file (type pdf)
<use tiles/mahjong-4m.pdf>
File: tiles/mahjong-Front.pdf Graphic file (type pdf)
<use tiles/mahjong-Front.pdf>
File: tiles/mahjong-4p.pdf Graphic file (type pdf)
<use tiles/mahjong-4p.pdf>
File: tiles/mahjong-Front.pdf Graphic file (type pdf)
<use tiles/mahjong-Front.pdf>
File: tiles/mahjong-5p.pdf Graphic file (type pdf)
<use tiles/mahjong-5p.pdf>
File: tiles/mahjong-Front.pdf Graphic file (type pdf)
<use tiles/mahjong-Front.pdf>
File: tiles/mahjong-5p.pdf Graphic file (type pdf)
<use tiles/mahjong-5p.pdf>
File: tiles/mahjong-Front.pdf Graphic file (type pdf)
<use tiles/mahjong-Front.pdf>
File: tiles/mahjong-8p.pdf Graphic file (type pdf)
<use tiles/mahjong-8p.pdf>
File: tiles/mahjong-Front.pdf Graphic file (type pdf)
<use tiles/mahjong-Front.pdf>
File: tiles/mahjong-9p.pdf Graphic file (type pdf)
<use tiles/mahjong-9p.pdf>
File: tiles/mahjong-Front.pdf Graphic file (type pdf)
<use tiles/mahjong-Front.pdf>
File: tiles/mahjong-1s.pdf Graphic file (type pdf)
<use tiles/mahjong-1s.pdf>
File: tiles/mahjong-Front.pdf Graphic file (type pdf)
<use tiles/mahjong-Front.pdf>
File: tiles/mahjong-2s.pdf Graphic file (type pdf)
<use tiles/mahjong-2s.pdf>
File: tiles/mahjong-Front.pdf Graphic file (type pdf)
<use tiles/mahjong-Front.pdf>
File: tiles/mahjong-3s.pdf Graphic file (type pdf)
<use tiles/mahjong-3s.pdf>
File: tiles/mahjong-Front.pdf Graphic file (type pdf)
<use tiles/mahjong-Front.pdf>
File: tiles/mahjong-7s.pdf Graphic file (type pdf)
<use tiles/mahjong-7s.pdf>
File: tiles/mahjong-Front.pdf Graphic file (type pdf)
<use tiles/mahjong-Front.pdf>
File: tiles/mahjong-8s.pdf Graphic file (type pdf)
<use tiles/mahjong-8s.pdf>
File: tiles/mahjong-Front.pdf Graphic file (type pdf)
<use tiles/mahjong-Front.pdf>
File: tiles/mahjong-8s.pdf Graphic file (type pdf)
<use tiles/mahjong-8s.pdf>
File: tiles/mahjong-Front.pdf Graphic file (type pdf)
<use tiles/mahjong-Front.pdf>
File: tiles/mahjong-0p.pdf Graphic file (type pdf)
<use tiles/mahjong-0p.pdf>
File: tiles/mahjong-Front.pdf Graphic file (type pdf)
<use tiles/mahjong-Front.pdf>
File: tiles/mahjong-6s.pdf Graphic file (type pdf)
<use tiles/mahjong-6s.pdf>
File: tiles/mahjong-Front.pdf Graphic file (type pdf)
<use tiles/mahjong-Front.pdf>
File: tiles/mahjong-9s.pdf Graphic file (type pdf)
<use tiles/mahjong-9s.pdf>
File: tiles/mahjong-Front.pdf Graphic file (type pdf)
<use tiles/mahjong-Front.pdf>
File: tiles/mahjong-8s.pdf Graphic file (type pdf)
<use tiles/mahjong-8s.pdf>
File: tiles/mahjong-Front.pdf Graphic file (type pdf)
<use tiles/mahjong-Front.pdf>
File: tiles/mahjong-3m.pdf Graphic file (type pdf)
<use tiles/mahjong-3m.pdf>
File: tiles/mahjong-Front.pdf Graphic file (type pdf)
<use tiles/mahjong-Front.pdf>
File: tiles/mahjong-3m.pdf Graphic file (type pdf)
<use tiles/mahjong-3m.pdf>
File: tiles/mahjong-Front.pdf Graphic file (type pdf)
<use tiles/mahjong-Front.pdf>
File: tiles/mahjong-4m.pdf Graphic file (type pdf)
<use tiles/mahjong-4m.pdf>
File: tiles/mahjong-Front.pdf Graphic file (type pdf)
<use tiles/mahjong-Front.pdf>
File: tiles/mahjong-5m.pdf Graphic file (type pdf)
<use tiles/mahjong-5m.pdf>
File: tiles/mahjong-Front.pdf Graphic file (type pdf)
<use tiles/mahjong-Front.pdf>
File: tiles/mahjong-5m.pdf Graphic file (type pdf)
<use tiles/mahjong-5m.pdf>
File: tiles/mahjong-Front.pdf Graphic file (type pdf)
<use tiles/mahjong-Front.pdf>
File: tiles/mahjong-6p.pdf Graphic file (type pdf)
<use tiles/mahjong-6p.pdf>
File: tiles/mahjong-Front.pdf Graphic file (type pdf)
<use tiles/mahjong-Front.pdf>
File: tiles/mahjong-6p.pdf Graphic file (type pdf)
<use tiles/mahjong-6p.pdf>
File: tiles/mahjong-Front.pdf Graphic file (type pdf)
<use tiles/mahjong-Front.pdf>
File: tiles/mahjong-8p.pdf Graphic file (type pdf)
<use tiles/mahjong-8p.pdf>
File: tiles/mahjong-Front.pdf Graphic file (type pdf)
<use tiles/mahjong-Front.pdf>
File: tiles/mahjong-3s.pdf Graphic file (type pdf)
<use tiles/mahjong-3s.pdf>
File: tiles/mahjong-Front.pdf Graphic file (type pdf)
<use tiles/mahjong-Front.pdf>
File: tiles/mahjong-4s.pdf Graphic file (type pdf)
<use tiles/mahjong-4s.pdf>
File: tiles/mahjong-Front.pdf Graphic file (type pdf)
<use tiles/mahjong-Front.pdf>
File: tiles/mahjong-5s.pdf Graphic file (type pdf)
<use tiles/mahjong-5s.pdf>
File: tiles/mahjong-Front.pdf Graphic file (type pdf)
<use tiles/mahjong-Front.pdf>
File: tiles/mahjong-6s.pdf Graphic file (type pdf)
<use tiles/mahjong-6s.pdf>
File: tiles/mahjong-Front.pdf Graphic file (type pdf)
<use tiles/mahjong-Front.pdf>
File: tiles/mahjong-6s.pdf Graphic file (type pdf)
<use tiles/mahjong-6s.pdf>
File: tiles/mahjong-Front.pdf Graphic file (type pdf)
<use tiles/mahjong-Front.pdf>
File: tiles/mahjong-7s.pdf Graphic file (type pdf)
<use tiles/mahjong-7s.pdf>
File: tiles/mahjong-Front.pdf Graphic file (type pdf)
<use tiles/mahjong-Front.pdf>
File: tiles/mahjong-6s.pdf Graphic file (type pdf)
<use tiles/mahjong-6s.pdf>
File: tiles/mahjong-Front.pdf Graphic file (type pdf)
<use tiles/mahjong-Front.pdf>
File: tiles/mahjong-7p.pdf Graphic file (type pdf)
<use tiles/mahjong-7p.pdf>
File: tiles/mahjong-Front.pdf Graphic file (type pdf)
<use tiles/mahjong-Front.pdf>
File: tiles/mahjong-6s.pdf Graphic file (type pdf)
<use tiles/mahjong-6s.pdf>
File: tiles/mahjong-Front.pdf Graphic file (type pdf)
<use tiles/mahjong-Front.pdf>
File: tiles/mahjong-8p.pdf Graphic file (type pdf)
<use tiles/mahjong-8p.pdf>
File: tiles/mahjong-Front.pdf Graphic file (type pdf)
<use tiles/mahjong-Front.pdf>
File: tiles/mahjong-8p.pdf Graphic file (type pdf)
<use tiles/mahjong-8p.pdf>

Package natbib Warning: Citation `uzaku-nankiru' on page 12 undefined on input 
line 1019.

File: tiles/mahjong-Front.pdf Graphic file (type pdf)
<use tiles/mahjong-Front.pdf>
File: tiles/mahjong-2m.pdf Graphic file (type pdf)
<use tiles/mahjong-2m.pdf>
File: tiles/mahjong-Front.pdf Graphic file (type pdf)
<use tiles/mahjong-Front.pdf>
File: tiles/mahjong-3m.pdf Graphic file (type pdf)
<use tiles/mahjong-3m.pdf>
File: tiles/mahjong-Front.pdf Graphic file (type pdf)
<use tiles/mahjong-Front.pdf>
File: tiles/mahjong-4m.pdf Graphic file (type pdf)
<use tiles/mahjong-4m.pdf>
File: tiles/mahjong-Front.pdf Graphic file (type pdf)
<use tiles/mahjong-Front.pdf>
File: tiles/mahjong-8m.pdf Graphic file (type pdf)
<use tiles/mahjong-8m.pdf>
File: tiles/mahjong-Front.pdf Graphic file (type pdf)
<use tiles/mahjong-Front.pdf>
File: tiles/mahjong-8m.pdf Graphic file (type pdf)
<use tiles/mahjong-8m.pdf>
File: tiles/mahjong-Front.pdf Graphic file (type pdf)
<use tiles/mahjong-Front.pdf>
File: tiles/mahjong-8m.pdf Graphic file (type pdf)
<use tiles/mahjong-8m.pdf>
File: tiles/mahjong-Front.pdf Graphic file (type pdf)
<use tiles/mahjong-Front.pdf>
File: tiles/mahjong-5p.pdf Graphic file (type pdf)
<use tiles/mahjong-5p.pdf>
File: tiles/mahjong-Front.pdf Graphic file (type pdf)
<use tiles/mahjong-Front.pdf>
File: tiles/mahjong-7p.pdf Graphic file (type pdf)
<use tiles/mahjong-7p.pdf>
File: tiles/mahjong-Front.pdf Graphic file (type pdf)
<use tiles/mahjong-Front.pdf>
File: tiles/mahjong-1s.pdf Graphic file (type pdf)
<use tiles/mahjong-1s.pdf>
File: tiles/mahjong-Front.pdf Graphic file (type pdf)
<use tiles/mahjong-Front.pdf>
File: tiles/mahjong-1s.pdf Graphic file (type pdf)
<use tiles/mahjong-1s.pdf>
File: tiles/mahjong-Front.pdf Graphic file (type pdf)
<use tiles/mahjong-Front.pdf>
File: tiles/mahjong-2s.pdf Graphic file (type pdf)
<use tiles/mahjong-2s.pdf>
File: tiles/mahjong-Front.pdf Graphic file (type pdf)
<use tiles/mahjong-Front.pdf>
File: tiles/mahjong-3s.pdf Graphic file (type pdf)
<use tiles/mahjong-3s.pdf>
File: tiles/mahjong-Front.pdf Graphic file (type pdf)
<use tiles/mahjong-Front.pdf>
File: tiles/mahjong-6s.pdf Graphic file (type pdf)
<use tiles/mahjong-6s.pdf>
File: tiles/mahjong-Front.pdf Graphic file (type pdf)
<use tiles/mahjong-Front.pdf>
File: tiles/mahjong-7s.pdf Graphic file (type pdf)
<use tiles/mahjong-7s.pdf>
File: tiles/mahjong-Front.pdf Graphic file (type pdf)
<use tiles/mahjong-Front.pdf>
File: tiles/mahjong-1s.pdf Graphic file (type pdf)
<use tiles/mahjong-1s.pdf>
File: tiles/mahjong-Front.pdf Graphic file (type pdf)
<use tiles/mahjong-Front.pdf>
File: tiles/mahjong-5s.pdf Graphic file (type pdf)
<use tiles/mahjong-5s.pdf>
File: tiles/mahjong-Front.pdf Graphic file (type pdf)
<use tiles/mahjong-Front.pdf>
File: tiles/mahjong-6s.pdf Graphic file (type pdf)
<use tiles/mahjong-6s.pdf>
File: tiles/mahjong-Front.pdf Graphic file (type pdf)
<use tiles/mahjong-Front.pdf>
File: tiles/mahjong-7s.pdf Graphic file (type pdf)
<use tiles/mahjong-7s.pdf>
File: tiles/mahjong-Front.pdf Graphic file (type pdf)
<use tiles/mahjong-Front.pdf>
File: tiles/mahjong-8s.pdf Graphic file (type pdf)
<use tiles/mahjong-8s.pdf>
File: tiles/mahjong-Front.pdf Graphic file (type pdf)
<use tiles/mahjong-Front.pdf>
File: tiles/mahjong-6p.pdf Graphic file (type pdf)
<use tiles/mahjong-6p.pdf>
File: tiles/mahjong-Front.pdf Graphic file (type pdf)
<use tiles/mahjong-Front.pdf>
File: tiles/mahjong-1s.pdf Graphic file (type pdf)
<use tiles/mahjong-1s.pdf>
File: tiles/mahjong-Front.pdf Graphic file (type pdf)
<use tiles/mahjong-Front.pdf>
File: tiles/mahjong-2m.pdf Graphic file (type pdf)
<use tiles/mahjong-2m.pdf>
File: tiles/mahjong-Front.pdf Graphic file (type pdf)
<use tiles/mahjong-Front.pdf>
File: tiles/mahjong-3m.pdf Graphic file (type pdf)
<use tiles/mahjong-3m.pdf>
File: tiles/mahjong-Front.pdf Graphic file (type pdf)
<use tiles/mahjong-Front.pdf>
File: tiles/mahjong-4m.pdf Graphic file (type pdf)
<use tiles/mahjong-4m.pdf>
File: tiles/mahjong-Front.pdf Graphic file (type pdf)
<use tiles/mahjong-Front.pdf>
File: tiles/mahjong-8m.pdf Graphic file (type pdf)
<use tiles/mahjong-8m.pdf>
File: tiles/mahjong-Front.pdf Graphic file (type pdf)
<use tiles/mahjong-Front.pdf>
File: tiles/mahjong-8m.pdf Graphic file (type pdf)
<use tiles/mahjong-8m.pdf>
File: tiles/mahjong-Front.pdf Graphic file (type pdf)
<use tiles/mahjong-Front.pdf>
File: tiles/mahjong-8m.pdf Graphic file (type pdf)
<use tiles/mahjong-8m.pdf>
File: tiles/mahjong-Front.pdf Graphic file (type pdf)
<use tiles/mahjong-Front.pdf>
File: tiles/mahjong-5p.pdf Graphic file (type pdf)
<use tiles/mahjong-5p.pdf>
File: tiles/mahjong-Front.pdf Graphic file (type pdf)
<use tiles/mahjong-Front.pdf>
File: tiles/mahjong-7p.pdf Graphic file (type pdf)
<use tiles/mahjong-7p.pdf>
File: tiles/mahjong-Front.pdf Graphic file (type pdf)
<use tiles/mahjong-Front.pdf>
File: tiles/mahjong-1s.pdf Graphic file (type pdf)
<use tiles/mahjong-1s.pdf>
File: tiles/mahjong-Front.pdf Graphic file (type pdf)
<use tiles/mahjong-Front.pdf>
File: tiles/mahjong-1s.pdf Graphic file (type pdf)
<use tiles/mahjong-1s.pdf>
File: tiles/mahjong-Front.pdf Graphic file (type pdf)
<use tiles/mahjong-Front.pdf>
File: tiles/mahjong-2s.pdf Graphic file (type pdf)
<use tiles/mahjong-2s.pdf>
File: tiles/mahjong-Front.pdf Graphic file (type pdf)
<use tiles/mahjong-Front.pdf>
File: tiles/mahjong-3s.pdf Graphic file (type pdf)
<use tiles/mahjong-3s.pdf>
File: tiles/mahjong-Front.pdf Graphic file (type pdf)
<use tiles/mahjong-Front.pdf>
File: tiles/mahjong-8s.pdf Graphic file (type pdf)
<use tiles/mahjong-8s.pdf>
File: tiles/mahjong-Front.pdf Graphic file (type pdf)
<use tiles/mahjong-Front.pdf>
File: tiles/mahjong-9s.pdf Graphic file (type pdf)
<use tiles/mahjong-9s.pdf>
File: tiles/mahjong-Front.pdf Graphic file (type pdf)
<use tiles/mahjong-Front.pdf>
File: tiles/mahjong-1s.pdf Graphic file (type pdf)
<use tiles/mahjong-1s.pdf>
File: tiles/mahjong-Front.pdf Graphic file (type pdf)
<use tiles/mahjong-Front.pdf>
File: tiles/mahjong-1z.pdf Graphic file (type pdf)
<use tiles/mahjong-1z.pdf>
File: tiles/mahjong-Front.pdf Graphic file (type pdf)
<use tiles/mahjong-Front.pdf>
File: tiles/mahjong-7m.pdf Graphic file (type pdf)
<use tiles/mahjong-7m.pdf>
File: tiles/mahjong-Front.pdf Graphic file (type pdf)
<use tiles/mahjong-Front.pdf>
File: tiles/mahjong-9m.pdf Graphic file (type pdf)
<use tiles/mahjong-9m.pdf>
File: tiles/mahjong-Front.pdf Graphic file (type pdf)
<use tiles/mahjong-Front.pdf>
File: tiles/mahjong-4p.pdf Graphic file (type pdf)
<use tiles/mahjong-4p.pdf>
File: tiles/mahjong-Front.pdf Graphic file (type pdf)
<use tiles/mahjong-Front.pdf>
File: tiles/mahjong-4p.pdf Graphic file (type pdf)
<use tiles/mahjong-4p.pdf>
File: tiles/mahjong-Front.pdf Graphic file (type pdf)
<use tiles/mahjong-Front.pdf>
File: tiles/mahjong-5p.pdf Graphic file (type pdf)
<use tiles/mahjong-5p.pdf>
File: tiles/mahjong-Front.pdf Graphic file (type pdf)
<use tiles/mahjong-Front.pdf>
File: tiles/mahjong-6p.pdf Graphic file (type pdf)
<use tiles/mahjong-6p.pdf>
File: tiles/mahjong-Front.pdf Graphic file (type pdf)
<use tiles/mahjong-Front.pdf>
File: tiles/mahjong-7p.pdf Graphic file (type pdf)
<use tiles/mahjong-7p.pdf>
File: tiles/mahjong-Front.pdf Graphic file (type pdf)
<use tiles/mahjong-Front.pdf>
File: tiles/mahjong-8p.pdf Graphic file (type pdf)
<use tiles/mahjong-8p.pdf>
File: tiles/mahjong-Front.pdf Graphic file (type pdf)
<use tiles/mahjong-Front.pdf>
File: tiles/mahjong-9p.pdf Graphic file (type pdf)
<use tiles/mahjong-9p.pdf>
File: tiles/mahjong-Front.pdf Graphic file (type pdf)
<use tiles/mahjong-Front.pdf>
File: tiles/mahjong-3z.pdf Graphic file (type pdf)
<use tiles/mahjong-3z.pdf>
File: tiles/mahjong-Front.pdf Graphic file (type pdf)
<use tiles/mahjong-Front.pdf>
File: tiles/mahjong-3z.pdf Graphic file (type pdf)
<use tiles/mahjong-3z.pdf>
File: tiles/mahjong-Front.pdf Graphic file (type pdf)
<use tiles/mahjong-Front.pdf>
File: tiles/mahjong-4z.pdf Graphic file (type pdf)
<use tiles/mahjong-4z.pdf>
File: tiles/mahjong-Front.pdf Graphic file (type pdf)
<use tiles/mahjong-Front.pdf>
File: tiles/mahjong-4z.pdf Graphic file (type pdf)
<use tiles/mahjong-4z.pdf>
File: tiles/mahjong-Front.pdf Graphic file (type pdf)
<use tiles/mahjong-Front.pdf>
File: tiles/mahjong-5z.pdf Graphic file (type pdf)
<use tiles/mahjong-5z.pdf>
[12]
File: tiles/mahjong-Front.pdf Graphic file (type pdf)
<use tiles/mahjong-Front.pdf>
File: tiles/mahjong-7m.pdf Graphic file (type pdf)
<use tiles/mahjong-7m.pdf>
File: tiles/mahjong-Front.pdf Graphic file (type pdf)
<use tiles/mahjong-Front.pdf>
File: tiles/mahjong-9m.pdf Graphic file (type pdf)
<use tiles/mahjong-9m.pdf>
File: tiles/mahjong-Front.pdf Graphic file (type pdf)
<use tiles/mahjong-Front.pdf>
File: tiles/mahjong-1z.pdf Graphic file (type pdf)
<use tiles/mahjong-1z.pdf>
File: tiles/mahjong-Front.pdf Graphic file (type pdf)
<use tiles/mahjong-Front.pdf>
File: tiles/mahjong-1m.pdf Graphic file (type pdf)
<use tiles/mahjong-1m.pdf>
File: tiles/mahjong-Front.pdf Graphic file (type pdf)
<use tiles/mahjong-Front.pdf>
File: tiles/mahjong-1m.pdf Graphic file (type pdf)
<use tiles/mahjong-1m.pdf>
File: tiles/mahjong-Front.pdf Graphic file (type pdf)
<use tiles/mahjong-Front.pdf>
File: tiles/mahjong-2m.pdf Graphic file (type pdf)
<use tiles/mahjong-2m.pdf>
File: tiles/mahjong-Front.pdf Graphic file (type pdf)
<use tiles/mahjong-Front.pdf>
File: tiles/mahjong-3m.pdf Graphic file (type pdf)
<use tiles/mahjong-3m.pdf>
File: tiles/mahjong-Front.pdf Graphic file (type pdf)
<use tiles/mahjong-Front.pdf>
File: tiles/mahjong-7m.pdf Graphic file (type pdf)
<use tiles/mahjong-7m.pdf>
File: tiles/mahjong-Front.pdf Graphic file (type pdf)
<use tiles/mahjong-Front.pdf>
File: tiles/mahjong-9m.pdf Graphic file (type pdf)
<use tiles/mahjong-9m.pdf>
File: tiles/mahjong-Front.pdf Graphic file (type pdf)
<use tiles/mahjong-Front.pdf>
File: tiles/mahjong-9p.pdf Graphic file (type pdf)
<use tiles/mahjong-9p.pdf>
File: tiles/mahjong-Front.pdf Graphic file (type pdf)
<use tiles/mahjong-Front.pdf>
File: tiles/mahjong-7s.pdf Graphic file (type pdf)
<use tiles/mahjong-7s.pdf>
File: tiles/mahjong-Front.pdf Graphic file (type pdf)
<use tiles/mahjong-Front.pdf>
File: tiles/mahjong-7s.pdf Graphic file (type pdf)
<use tiles/mahjong-7s.pdf>
File: tiles/mahjong-Front.pdf Graphic file (type pdf)
<use tiles/mahjong-Front.pdf>
File: tiles/mahjong-7s.pdf Graphic file (type pdf)
<use tiles/mahjong-7s.pdf>
File: tiles/mahjong-Front.pdf Graphic file (type pdf)
<use tiles/mahjong-Front.pdf>
File: tiles/mahjong-8s.pdf Graphic file (type pdf)
<use tiles/mahjong-8s.pdf>
File: tiles/mahjong-Front.pdf Graphic file (type pdf)
<use tiles/mahjong-Front.pdf>
File: tiles/mahjong-9s.pdf Graphic file (type pdf)
<use tiles/mahjong-9s.pdf>
File: tiles/mahjong-Front.pdf Graphic file (type pdf)
<use tiles/mahjong-Front.pdf>
File: tiles/mahjong-4z.pdf Graphic file (type pdf)
<use tiles/mahjong-4z.pdf>
File: tiles/mahjong-Front.pdf Graphic file (type pdf)
<use tiles/mahjong-Front.pdf>
File: tiles/mahjong-4z.pdf Graphic file (type pdf)
<use tiles/mahjong-4z.pdf>
File: tiles/mahjong-Front.pdf Graphic file (type pdf)
<use tiles/mahjong-Front.pdf>
File: tiles/mahjong-7s.pdf Graphic file (type pdf)
<use tiles/mahjong-7s.pdf>
File: tiles/mahjong-Front.pdf Graphic file (type pdf)
<use tiles/mahjong-Front.pdf>
File: tiles/mahjong-7s.pdf Graphic file (type pdf)
<use tiles/mahjong-7s.pdf>
File: tiles/mahjong-Front.pdf Graphic file (type pdf)
<use tiles/mahjong-Front.pdf>
File: tiles/mahjong-1z.pdf Graphic file (type pdf)
<use tiles/mahjong-1z.pdf>
File: tiles/mahjong-Front.pdf Graphic file (type pdf)
<use tiles/mahjong-Front.pdf>
File: tiles/mahjong-3m.pdf Graphic file (type pdf)
<use tiles/mahjong-3m.pdf>
File: tiles/mahjong-Front.pdf Graphic file (type pdf)
<use tiles/mahjong-Front.pdf>
File: tiles/mahjong-3m.pdf Graphic file (type pdf)
<use tiles/mahjong-3m.pdf>
File: tiles/mahjong-Front.pdf Graphic file (type pdf)
<use tiles/mahjong-Front.pdf>
File: tiles/mahjong-4m.pdf Graphic file (type pdf)
<use tiles/mahjong-4m.pdf>
File: tiles/mahjong-Front.pdf Graphic file (type pdf)
<use tiles/mahjong-Front.pdf>
File: tiles/mahjong-6m.pdf Graphic file (type pdf)
<use tiles/mahjong-6m.pdf>
File: tiles/mahjong-Front.pdf Graphic file (type pdf)
<use tiles/mahjong-Front.pdf>
File: tiles/mahjong-9m.pdf Graphic file (type pdf)
<use tiles/mahjong-9m.pdf>
File: tiles/mahjong-Front.pdf Graphic file (type pdf)
<use tiles/mahjong-Front.pdf>
File: tiles/mahjong-9m.pdf Graphic file (type pdf)
<use tiles/mahjong-9m.pdf>
File: tiles/mahjong-Front.pdf Graphic file (type pdf)
<use tiles/mahjong-Front.pdf>
File: tiles/mahjong-3p.pdf Graphic file (type pdf)
<use tiles/mahjong-3p.pdf>
File: tiles/mahjong-Front.pdf Graphic file (type pdf)
<use tiles/mahjong-Front.pdf>
File: tiles/mahjong-6p.pdf Graphic file (type pdf)
<use tiles/mahjong-6p.pdf>
File: tiles/mahjong-Front.pdf Graphic file (type pdf)
<use tiles/mahjong-Front.pdf>
File: tiles/mahjong-7p.pdf Graphic file (type pdf)
<use tiles/mahjong-7p.pdf>
File: tiles/mahjong-Front.pdf Graphic file (type pdf)
<use tiles/mahjong-Front.pdf>
File: tiles/mahjong-7p.pdf Graphic file (type pdf)
<use tiles/mahjong-7p.pdf>
File: tiles/mahjong-Front.pdf Graphic file (type pdf)
<use tiles/mahjong-Front.pdf>
File: tiles/mahjong-8p.pdf Graphic file (type pdf)
<use tiles/mahjong-8p.pdf>
File: tiles/mahjong-Front.pdf Graphic file (type pdf)
<use tiles/mahjong-Front.pdf>
File: tiles/mahjong-5s.pdf Graphic file (type pdf)
<use tiles/mahjong-5s.pdf>
File: tiles/mahjong-Front.pdf Graphic file (type pdf)
<use tiles/mahjong-Front.pdf>
File: tiles/mahjong-6s.pdf Graphic file (type pdf)
<use tiles/mahjong-6s.pdf>
File: tiles/mahjong-Front.pdf Graphic file (type pdf)
<use tiles/mahjong-Front.pdf>
File: tiles/mahjong-7s.pdf Graphic file (type pdf)
<use tiles/mahjong-7s.pdf>
File: tiles/mahjong-Front.pdf Graphic file (type pdf)
<use tiles/mahjong-Front.pdf>
File: tiles/mahjong-4m.pdf Graphic file (type pdf)
<use tiles/mahjong-4m.pdf>
File: tiles/mahjong-Front.pdf Graphic file (type pdf)
<use tiles/mahjong-Front.pdf>
File: tiles/mahjong-6m.pdf Graphic file (type pdf)
<use tiles/mahjong-6m.pdf>
File: tiles/mahjong-Front.pdf Graphic file (type pdf)
<use tiles/mahjong-Front.pdf>
File: tiles/mahjong-3m.pdf Graphic file (type pdf)
<use tiles/mahjong-3m.pdf>
File: tiles/mahjong-Front.pdf Graphic file (type pdf)
<use tiles/mahjong-Front.pdf>
File: tiles/mahjong-3m.pdf Graphic file (type pdf)
<use tiles/mahjong-3m.pdf>
File: tiles/mahjong-Front.pdf Graphic file (type pdf)
<use tiles/mahjong-Front.pdf>
File: tiles/mahjong-6m.pdf Graphic file (type pdf)
<use tiles/mahjong-6m.pdf>
File: tiles/mahjong-Front.pdf Graphic file (type pdf)
<use tiles/mahjong-Front.pdf>
File: tiles/mahjong-5m.pdf Graphic file (type pdf)
<use tiles/mahjong-5m.pdf>
File: tiles/mahjong-Front.pdf Graphic file (type pdf)
<use tiles/mahjong-Front.pdf>
File: tiles/mahjong-1z.pdf Graphic file (type pdf)
<use tiles/mahjong-1z.pdf>
File: tiles/mahjong-Front.pdf Graphic file (type pdf)
<use tiles/mahjong-Front.pdf>
File: tiles/mahjong-1m.pdf Graphic file (type pdf)
<use tiles/mahjong-1m.pdf>
File: tiles/mahjong-Front.pdf Graphic file (type pdf)
<use tiles/mahjong-Front.pdf>
File: tiles/mahjong-3m.pdf Graphic file (type pdf)
<use tiles/mahjong-3m.pdf>
File: tiles/mahjong-Front.pdf Graphic file (type pdf)
<use tiles/mahjong-Front.pdf>
File: tiles/mahjong-8m.pdf Graphic file (type pdf)
<use tiles/mahjong-8m.pdf>
File: tiles/mahjong-Front.pdf Graphic file (type pdf)
<use tiles/mahjong-Front.pdf>
File: tiles/mahjong-9m.pdf Graphic file (type pdf)
<use tiles/mahjong-9m.pdf>
File: tiles/mahjong-Front.pdf Graphic file (type pdf)
<use tiles/mahjong-Front.pdf>
File: tiles/mahjong-2p.pdf Graphic file (type pdf)
<use tiles/mahjong-2p.pdf>
File: tiles/mahjong-Front.pdf Graphic file (type pdf)
<use tiles/mahjong-Front.pdf>
File: tiles/mahjong-2p.pdf Graphic file (type pdf)
<use tiles/mahjong-2p.pdf>
File: tiles/mahjong-Front.pdf Graphic file (type pdf)
<use tiles/mahjong-Front.pdf>
File: tiles/mahjong-4p.pdf Graphic file (type pdf)
<use tiles/mahjong-4p.pdf>
File: tiles/mahjong-Front.pdf Graphic file (type pdf)
<use tiles/mahjong-Front.pdf>
File: tiles/mahjong-5p.pdf Graphic file (type pdf)
<use tiles/mahjong-5p.pdf>
File: tiles/mahjong-Front.pdf Graphic file (type pdf)
<use tiles/mahjong-Front.pdf>
File: tiles/mahjong-6p.pdf Graphic file (type pdf)
<use tiles/mahjong-6p.pdf>
File: tiles/mahjong-Front.pdf Graphic file (type pdf)
<use tiles/mahjong-Front.pdf>
File: tiles/mahjong-6p.pdf Graphic file (type pdf)
<use tiles/mahjong-6p.pdf>
File: tiles/mahjong-Front.pdf Graphic file (type pdf)
<use tiles/mahjong-Front.pdf>
File: tiles/mahjong-4s.pdf Graphic file (type pdf)
<use tiles/mahjong-4s.pdf>
File: tiles/mahjong-Front.pdf Graphic file (type pdf)
<use tiles/mahjong-Front.pdf>
File: tiles/mahjong-5s.pdf Graphic file (type pdf)
<use tiles/mahjong-5s.pdf>
File: tiles/mahjong-Front.pdf Graphic file (type pdf)
<use tiles/mahjong-Front.pdf>
File: tiles/mahjong-6s.pdf Graphic file (type pdf)
<use tiles/mahjong-6s.pdf>
File: tiles/mahjong-Front.pdf Graphic file (type pdf)
<use tiles/mahjong-Front.pdf>
File: tiles/mahjong-7s.pdf Graphic file (type pdf)
<use tiles/mahjong-7s.pdf>
File: tiles/mahjong-Front.pdf Graphic file (type pdf)
<use tiles/mahjong-Front.pdf>
File: tiles/mahjong-8m.pdf Graphic file (type pdf)
<use tiles/mahjong-8m.pdf>
File: tiles/mahjong-Front.pdf Graphic file (type pdf)
<use tiles/mahjong-Front.pdf>
File: tiles/mahjong-9m.pdf Graphic file (type pdf)
<use tiles/mahjong-9m.pdf>
File: tiles/mahjong-Front.pdf Graphic file (type pdf)
<use tiles/mahjong-Front.pdf>
File: tiles/mahjong-1z.pdf Graphic file (type pdf)
<use tiles/mahjong-1z.pdf>
File: tiles/mahjong-Front.pdf Graphic file (type pdf)
<use tiles/mahjong-Front.pdf>
File: tiles/mahjong-2m.pdf Graphic file (type pdf)
<use tiles/mahjong-2m.pdf>
File: tiles/mahjong-Front.pdf Graphic file (type pdf)
<use tiles/mahjong-Front.pdf>
File: tiles/mahjong-3m.pdf Graphic file (type pdf)
<use tiles/mahjong-3m.pdf>
File: tiles/mahjong-Front.pdf Graphic file (type pdf)
<use tiles/mahjong-Front.pdf>
File: tiles/mahjong-4m.pdf Graphic file (type pdf)
<use tiles/mahjong-4m.pdf>
File: tiles/mahjong-Front.pdf Graphic file (type pdf)
<use tiles/mahjong-Front.pdf>
File: tiles/mahjong-8m.pdf Graphic file (type pdf)
<use tiles/mahjong-8m.pdf>
File: tiles/mahjong-Front.pdf Graphic file (type pdf)
<use tiles/mahjong-Front.pdf>
File: tiles/mahjong-9m.pdf Graphic file (type pdf)
<use tiles/mahjong-9m.pdf>
File: tiles/mahjong-Front.pdf Graphic file (type pdf)
<use tiles/mahjong-Front.pdf>
File: tiles/mahjong-1p.pdf Graphic file (type pdf)
<use tiles/mahjong-1p.pdf>
File: tiles/mahjong-Front.pdf Graphic file (type pdf)
<use tiles/mahjong-Front.pdf>
File: tiles/mahjong-1p.pdf Graphic file (type pdf)
<use tiles/mahjong-1p.pdf>
File: tiles/mahjong-Front.pdf Graphic file (type pdf)
<use tiles/mahjong-Front.pdf>
File: tiles/mahjong-5p.pdf Graphic file (type pdf)
<use tiles/mahjong-5p.pdf>
File: tiles/mahjong-Front.pdf Graphic file (type pdf)
<use tiles/mahjong-Front.pdf>
File: tiles/mahjong-6p.pdf Graphic file (type pdf)
<use tiles/mahjong-6p.pdf>
File: tiles/mahjong-Front.pdf Graphic file (type pdf)
<use tiles/mahjong-Front.pdf>
File: tiles/mahjong-6p.pdf Graphic file (type pdf)
<use tiles/mahjong-6p.pdf>
File: tiles/mahjong-Front.pdf Graphic file (type pdf)
<use tiles/mahjong-Front.pdf>
File: tiles/mahjong-4s.pdf Graphic file (type pdf)
<use tiles/mahjong-4s.pdf>
File: tiles/mahjong-Front.pdf Graphic file (type pdf)
<use tiles/mahjong-Front.pdf>
File: tiles/mahjong-5s.pdf Graphic file (type pdf)
<use tiles/mahjong-5s.pdf>
File: tiles/mahjong-Front.pdf Graphic file (type pdf)
<use tiles/mahjong-Front.pdf>
File: tiles/mahjong-6s.pdf Graphic file (type pdf)
<use tiles/mahjong-6s.pdf>
File: tiles/mahjong-Front.pdf Graphic file (type pdf)
<use tiles/mahjong-Front.pdf>
File: tiles/mahjong-7s.pdf Graphic file (type pdf)
<use tiles/mahjong-7s.pdf>
File: tiles/mahjong-Front.pdf Graphic file (type pdf)
<use tiles/mahjong-Front.pdf>
File: tiles/mahjong-7m.pdf Graphic file (type pdf)
<use tiles/mahjong-7m.pdf>
File: tiles/mahjong-Front.pdf Graphic file (type pdf)
<use tiles/mahjong-Front.pdf>
File: tiles/mahjong-8m.pdf Graphic file (type pdf)
<use tiles/mahjong-8m.pdf>
File: tiles/mahjong-Front.pdf Graphic file (type pdf)
<use tiles/mahjong-Front.pdf>
File: tiles/mahjong-9m.pdf Graphic file (type pdf)
<use tiles/mahjong-9m.pdf>
File: tiles/mahjong-Front.pdf Graphic file (type pdf)
<use tiles/mahjong-Front.pdf>
File: tiles/mahjong-7m.pdf Graphic file (type pdf)
<use tiles/mahjong-7m.pdf>
File: tiles/mahjong-Front.pdf Graphic file (type pdf)
<use tiles/mahjong-Front.pdf>
File: tiles/mahjong-6p.pdf Graphic file (type pdf)
<use tiles/mahjong-6p.pdf>


Package natbib Warning: There were undefined citations.

[13

] (./hairi.aux)

LaTeX Warning: There were multiply-defined labels.

Package rerunfilecheck Info: File `hairi.out' has not changed.
(rerunfilecheck)             Checksum: 03B9F45982F6003C6F2DFCFA2C9100B3;2240.
 ) 
Here is how much of TeX's memory you used:
 33289 strings out of 476179
 729207 string characters out of 5809543
 1708097 words of memory out of 5000000
 53438 multiletter control sequences out of 15000+600000
 473186 words of font info for 64 fonts, out of 8000000 for 9000
 1348 hyphenation exceptions out of 8191
 104i,22n,106p,1194b,907s stack positions out of 10000i,1000n,20000p,200000b,200000s

Output written on hairi.pdf (13 pages).
